,p25,p50,p75,p50_ohne_daempfung,power_law_support,zone,q3,q10,q25,q40,q60,q75,q90,q97
2026-10-06,78762.42,83083.27,85622.73,83083.27,48297.45,3,44757.20,54117.34,70968.91,88720.73,107661.75,121016.79,152217.52,190988.30
2026-10-07,78769.43,83042.86,85623.61,83042.86,48338.42,3,44752.82,54120.75,70980.48,88723.22,107651.94,121004.92,152203.65,190962.94
2026-10-08,78561.06,82896.85,85518.13,82896.85,48379.42,3,44746.93,54123.22,70991.20,88721.67,107638.55,120988.97,152184.71,190931.69
2026-10-09,78376.85,82777.65,85461.47,82777.65,48420.45,3,44740.50,54125.27,71001.58,88717.32,107623.65,120971.59,152163.65,190898.48
2026-10-10,78251.86,82659.74,85413.85,82659.74,48461.50,3,44733.31,54126.67,71011.03,88710.16,107606.77,120952.12,152139.79,190862.94
2026-10-11,78029.53,82550.06,85364.02,82550.06,48502.59,3,44725.41,54127.44,71019.96,88701.59,107589.28,120931.86,152115.05,190826.75
2026-10-12,77956.63,82478.70,85330.25,82478.70,48543.70,3,44717.34,54127.63,71027.98,88691.69,107571.05,120910.87,152089.28,190790.80
2026-10-13,77894.76,82406.99,85295.30,82406.99,48584.84,3,44706.87,54125.95,71033.39,88676.15,107546.67,120883.05,152054.81,190746.12
2026-10-14,77833.04,82347.25,85261.00,82347.25,48626.01,3,44689.75,54125.25,71046.47,88655.17,107507.24,120838.02,151999.06,190668.07
2026-10-15,77923.19,82336.96,85260.35,82336.96,48667.21,3,44664.14,54118.16,71056.20,88616.91,107447.06,120769.65,151913.97,190560.59
2026-10-16,77887.14,82280.51,85227.19,82280.51,48708.43,3,44637.30,54109.89,71064.40,88575.27,107384.65,120698.73,151825.75,190450.50
2026-10-17,77820.18,82195.50,85179.28,82195.50,48749.69,3,44610.60,54101.90,71071.66,88531.78,107322.80,120628.60,151738.30,190338.61
2026-10-18,77755.29,82130.00,85130.70,82130.00,48790.97,3,44582.93,54093.23,71077.26,88485.10,107258.40,120555.59,151647.25,190221.55
2026-10-19,77803.09,82075.00,85120.36,82075.00,48832.29,3,44553.47,54082.23,71080.00,88430.81,107186.59,120475.90,151545.71,190098.46
2026-10-20,77742.04,82016.76,85059.11,82016.76,48873.63,3,44518.02,54063.43,71070.72,88351.43,107086.16,120380.03,151424.56,189952.36
2026-10-21,77657.77,81941.50,84992.28,81941.50,48915.00,3,44480.60,54042.55,71058.98,88266.56,106980.43,120278.84,151295.83,189799.10
2026-10-22,77493.90,81822.97,84903.21,81822.97,48956.40,3,44441.78,54019.37,71044.00,88177.89,106871.27,120173.87,151161.86,189639.79
2026-10-23,77310.43,81695.95,84812.34,81695.95,48997.82,3,44403.05,53994.80,71027.65,88089.00,106762.56,120069.13,151027.95,189481.78
2026-10-24,77188.88,81582.00,84735.03,81582.00,49039.28,3,44364.11,53968.82,71009.66,88000.11,106653.85,119963.83,150893.43,189323.05
2026-10-25,77069.42,81472.24,84664.14,81472.24,49080.76,3,44325.16,53941.44,70990.49,87911.30,106545.25,119858.48,150758.87,189164.22
2026-10-26,76975.21,81332.11,84581.88,81332.11,49122.28,3,44285.95,53912.43,70971.08,87821.40,106435.34,119751.47,150622.00,189009.85
2026-10-27,76865.43,81181.33,84492.13,81181.33,49163.82,3,44246.18,53882.30,70951.16,87731.31,106325.22,119643.06,150483.38,188853.99
2026-10-28,76818.18,81077.28,84420.33,81077.28,49205.39,3,44208.18,53852.10,70932.12,87645.02,106219.72,119539.67,150351.07,188704.61
2026-10-29,76754.25,80971.93,84339.93,80971.93,49246.99,3,44171.01,53821.34,70911.60,87559.84,106115.57,119437.86,150220.75,188557.42
2026-10-30,76599.72,80833.90,84266.54,80833.90,49288.62,3,44141.41,53795.29,70893.59,87490.39,106030.50,119357.58,150117.51,188438.02
2026-10-31,76524.49,80731.19,84167.18,80731.19,49330.27,3,44110.87,53768.38,70875.05,87421.79,105946.47,119278.46,150015.76,188320.47
2026-11-01,76442.45,80635.44,84075.26,80635.44,49371.96,3,44078.39,53739.77,70856.38,87352.49,105861.60,119198.47,149912.89,188204.05
2026-11-02,76407.51,80536.76,83986.29,80536.76,49413.67,3,44046.91,53709.97,70838.36,87283.92,105777.62,119119.43,149811.22,188090.56
2026-11-03,76261.99,80502.92,83959.65,80502.92,49455.42,3,44015.29,53680.59,70821.87,87220.13,105699.45,119045.69,149718.25,187980.09
2026-11-04,76157.55,80461.63,83955.02,80461.63,49497.19,3,43988.64,53656.63,70814.56,87178.57,105648.23,118985.15,149642.00,187891.04
2026-11-05,76072.16,80424.44,83930.08,80424.44,49538.99,3,43963.27,53634.28,70809.46,87142.00,105603.07,118929.89,149572.41,187811.33
2026-11-06,76108.17,80466.43,83955.14,80466.43,49580.82,3,43938.52,53612.88,70805.42,87106.97,105559.78,118875.18,149503.50,187734.62
2026-11-07,76252.15,80548.20,84020.40,80548.20,49622.68,3,43912.10,53591.06,70802.04,87072.48,105517.16,118820.17,149434.22,187659.59
2026-11-08,76422.53,80649.32,84104.51,80649.32,49664.57,3,43885.34,53568.57,70798.79,87037.97,105474.53,118765.69,149365.60,187585.77
2026-11-09,76571.46,80763.51,84202.86,80763.51,49706.49,3,43858.15,53545.52,70795.99,87004.83,105433.57,118713.43,149299.78,187514.96
2026-11-10,76785.59,80880.02,84307.40,80880.02,49748.43,3,43832.03,53523.72,70792.41,86972.91,105394.08,118663.20,149236.51,187439.86
2026-11-11,76915.32,80976.24,84382.71,80976.24,49790.41,3,43803.98,53498.95,70788.04,86938.83,105352.00,118610.26,149169.83,187360.71
2026-11-12,77039.05,81047.61,84460.48,81047.61,49832.41,3,43776.49,53474.78,70785.14,86908.00,105313.86,118561.65,149108.61,187288.52
2026-11-13,77143.23,81112.76,84539.16,81112.76,49874.44,3,43749.67,53451.57,70782.98,86878.67,105277.55,118514.94,149049.77,187219.24
2026-11-14,77216.61,81182.61,84583.96,81182.61,49916.50,3,43723.53,53429.10,70781.18,86850.02,105242.07,118469.20,148992.15,187152.08
2026-11-15,77388.92,81314.35,84701.68,81314.35,49958.59,3,43700.35,53409.10,70780.07,86824.08,105209.89,118426.93,148938.90,187087.92
2026-11-16,77690.94,81569.48,85044.05,81569.48,50000.71,3,43679.74,53389.69,70778.02,86795.09,105174.02,118380.48,148880.39,187018.57
2026-11-17,77994.36,81811.73,85408.19,81811.73,50042.86,3,43657.38,53369.22,70776.19,86766.54,105138.69,118334.62,148822.64,186949.99
2026-11-18,78218.48,82125.72,85822.27,82125.72,50085.04,3,43632.82,53344.28,70774.35,86736.52,105101.58,118286.30,148761.78,186879.72
2026-11-19,78504.28,82347.33,86163.58,82347.33,50127.25,3,43608.03,53319.53,70772.93,86709.01,105067.53,118241.88,148705.82,186812.67
2026-11-20,78811.19,82580.72,86486.89,82580.72,50169.48,3,43583.43,53294.01,70771.05,86681.49,105033.47,118199.00,148651.81,186744.50
2026-11-21,79086.00,82789.85,86865.91,82789.85,50211.75,3,43556.61,53265.63,70767.73,86651.01,104995.84,118153.33,148594.29,186670.14
2026-11-22,79308.44,82951.29,87104.94,82951.29,50254.04,3,43532.30,53238.45,70764.90,86621.50,104959.38,118109.34,148538.88,186597.61
2026-11-23,79601.71,83138.06,87357.84,83138.06,50296.37,3,43511.77,53215.96,70763.32,86594.34,104925.79,118068.42,148487.34,186529.97
2026-11-24,79883.51,83315.69,87592.90,83315.69,50338.72,3,43492.09,53195.28,70763.90,86570.17,104895.83,118028.02,148436.45,186466.02
2026-11-25,80178.65,83533.49,87850.05,83533.49,50381.10,3,43474.68,53175.72,70767.85,86550.36,104871.15,117993.54,148393.00,186417.29
2026-11-26,80483.77,83758.66,88091.50,83758.66,50423.51,3,43458.27,53157.47,70773.32,86534.30,104851.02,117965.02,148357.06,186376.27
2026-11-27,80789.28,83975.80,88373.46,83975.80,50465.95,3,43442.11,53139.38,70778.65,86517.43,104829.93,117935.95,148320.42,186334.10
2026-11-28,81096.02,84232.87,88708.37,84232.87,50508.42,3,43426.99,53122.42,70784.20,86500.58,104808.86,117906.92,148283.83,186292.41
2026-11-29,81401.20,84459.36,88962.05,84459.36,50550.92,3,43409.30,53102.29,70789.03,86481.33,104784.90,117874.34,148242.77,186245.65
2026-11-30,81732.67,84723.92,89326.19,84723.92,50593.45,3,43389.31,53079.16,70793.17,86459.78,104758.16,117838.93,148198.16,186194.58
2026-12-01,82064.63,84985.40,89661.43,84985.40,50636.00,3,43367.61,53054.29,70798.74,86441.94,104735.91,117808.69,148160.06,186150.30
2026-12-02,82401.90,85251.51,90072.24,85251.51,50678.59,3,43345.37,53028.89,70804.70,86424.80,104714.52,117779.13,148122.80,186107.07
2026-12-03,82725.17,85433.88,90430.66,85433.88,50721.21,3,43324.14,53001.76,70810.93,86402.96,104687.45,117742.37,148076.50,186064.08
2026-12-04,83055.45,85657.20,90779.34,85657.20,50763.85,3,43303.67,52975.03,70817.80,86380.91,104660.12,117704.96,148029.39,186022.55
2026-12-05,83388.60,85879.46,91150.61,85879.46,50806.53,3,43283.33,52947.71,70824.96,86358.18,104631.98,117666.45,147980.88,185982.21
2026-12-06,83594.93,86031.32,91443.88,86031.32,50849.23,3,43264.50,52922.46,70833.47,86339.39,104608.63,117634.02,147940.02,185949.53
2026-12-07,83777.31,86194.06,91693.07,86194.06,50891.96,3,43244.27,52895.23,70840.73,86318.01,104582.14,117599.28,147896.26,185912.24
2026-12-08,83931.93,86329.98,91888.06,86329.98,50934.72,4,43221.12,52864.26,70848.30,86297.17,104556.32,117565.39,147853.57,185876.69
2026-12-09,84089.62,86453.58,92115.08,86453.58,50977.52,4,43197.32,52831.71,70854.45,86273.84,104527.47,117531.20,147810.51,185838.50
2026-12-10,84244.78,86574.00,92390.48,86574.00,51020.34,4,43170.75,52797.28,70858.01,86247.29,104494.74,117492.80,147762.14,185788.15
2026-12-11,84421.81,86694.35,92790.86,86694.35,51063.19,4,43146.63,52765.05,70861.83,86220.11,104461.25,117453.66,147712.86,185739.21
2026-12-12,84592.37,86893.96,93246.51,86893.96,51106.07,4,43123.22,52734.13,70865.87,86193.78,104428.80,117415.00,147664.24,185690.54
2026-12-13,84788.33,87073.75,93653.93,87073.75,51148.98,4,43098.94,52702.19,70869.47,86166.42,104395.10,117375.16,147614.07,185639.53
2026-12-14,84896.61,87207.57,94069.84,87207.57,51191.92,4,43076.00,52671.75,70873.15,86139.11,104361.47,117335.36,147564.10,185589.10
2026-12-15,85023.66,87342.21,94491.54,87342.21,51234.88,4,43054.96,52643.27,70878.03,86114.15,104330.70,117298.60,147518.10,185544.99
2026-12-16,85024.78,87389.92,94812.34,87389.92,51277.88,4,43036.64,52618.07,70883.74,86091.00,104302.13,117264.18,147475.03,185504.99
2026-12-17,85033.55,87441.44,95060.11,87441.44,51320.91,4,43020.33,52595.01,70889.77,86068.27,104274.07,117230.58,147433.11,185466.99
2026-12-18,85028.17,87426.44,95279.85,87426.44,51363.97,4,43009.00,52580.98,70896.74,86053.21,104255.30,117208.52,147405.45,185435.15
2026-12-19,85045.66,87492.89,95607.46,87492.89,51407.05,4,42997.28,52566.40,70904.09,86038.69,104237.21,117186.85,147379.14,185404.74
2026-12-20,85084.75,87537.44,95822.32,87537.44,51450.17,4,42986.02,52552.64,70911.57,86025.00,104220.11,117166.52,147354.54,185375.26
2026-12-21,85131.68,87582.62,96057.10,87582.62,51493.32,4,42976.30,52540.31,70918.49,86010.33,104201.84,117144.65,147328.21,185345.17
2026-12-22,85217.24,87705.66,96398.71,87705.66,51536.49,4,42967.27,52528.93,70925.16,85998.46,104186.96,117126.17,147306.56,185320.81
2026-12-23,85275.13,87813.52,96801.11,87813.52,51579.70,4,42958.43,52518.17,70929.59,85986.12,104171.52,117107.32,147284.13,185294.04
2026-12-24,85348.88,87939.07,97169.99,87939.07,51622.93,4,42948.88,52507.60,70931.78,85974.21,104156.61,117089.47,147262.78,185264.46
2026-12-25,85413.58,88080.47,97624.10,88080.47,51666.19,4,42938.78,52496.32,70933.53,85963.59,104143.27,117073.20,147243.49,185237.83
2026-12-26,85474.18,88228.71,98100.20,88228.71,51709.49,4,42927.31,52484.56,70934.00,85954.50,104131.79,117059.00,147226.78,185210.27
2026-12-27,85560.77,88433.17,98605.37,88433.17,51752.81,4,42914.61,52471.24,70933.28,85944.95,104119.75,117044.58,147209.76,185181.87
2026-12-28,85630.72,88605.32,99086.84,88605.32,51796.17,4,42899.67,52455.08,70931.06,85934.69,104106.86,117029.10,147191.44,185152.31
2026-12-29,85742.63,88796.14,99637.15,88796.14,51839.55,4,42883.32,52437.13,70927.32,85924.13,104093.61,117013.24,147172.70,185122.33
2026-12-30,85842.22,88956.09,100081.61,88956.09,51882.96,4,42865.53,52416.74,70920.13,85909.80,104075.79,116992.17,147147.51,185086.61
2026-12-31,85878.63,89082.07,100508.99,89082.07,51926.40,4,42846.23,52394.86,70911.79,85895.55,104058.08,116971.31,147122.47,185049.85
2027-01-01,85911.94,89257.38,100918.67,89257.38,51969.88,4,42827.58,52373.66,70903.75,85883.98,104043.63,116954.08,147102.04,185019.25
2027-01-02,85949.50,89422.42,101333.27,89422.42,52013.38,4,42801.63,52343.54,70894.85,85873.29,104030.24,116937.81,147083.11,184990.54
2027-01-03,86000.54,89627.08,101874.84,89627.08,52056.91,4,42776.67,52315.54,70880.90,85859.30,104012.86,116917.74,147058.54,184951.43
2027-01-04,86051.43,89834.75,102398.44,89834.75,52100.47,4,42753.37,52289.51,70865.95,85845.78,103996.05,116898.23,147034.77,184913.61
2027-01-05,86093.34,90001.27,102887.40,90001.27,52144.06,4,42733.39,52267.40,70851.11,85834.55,103982.04,116881.95,147014.95,184881.19
2027-01-06,86161.04,90173.65,103426.13,90173.65,52187.68,4,42719.82,52252.97,70838.06,85825.67,103970.86,116869.07,146999.15,184854.46
2027-01-07,86231.09,90348.52,103977.59,90348.52,52231.33,4,42705.51,52237.12,70826.86,85818.61,103961.89,116858.41,146986.47,184833.37
2027-01-08,86294.63,90523.41,104280.86,90523.41,52275.01,4,42694.31,52223.17,70815.02,85811.03,103952.30,116846.93,146972.91,184817.98
2027-01-09,86358.65,90698.25,104536.65,90698.25,52318.73,4,42685.31,52211.59,70803.07,85802.87,103942.01,116834.71,146958.37,184802.40
2027-01-10,86424.85,90903.81,104792.67,90903.81,52362.47,4,42680.78,52204.89,70792.06,85796.16,103933.49,116824.45,146946.31,184792.06
2027-01-11,86533.65,91105.60,105101.18,91105.60,52406.24,4,42678.94,52201.34,70780.85,85790.58,103926.33,116815.77,146936.19,184784.60
2027-01-12,86643.98,91400.08,105626.82,91400.08,52450.04,4,42677.90,52198.89,70769.41,85785.20,103919.43,116807.33,146926.43,184777.22
2027-01-13,86819.82,91727.02,106237.03,91727.02,52493.87,4,42678.89,52198.17,70759.22,85781.15,103914.13,116800.87,146918.94,184773.33
2027-01-14,86945.60,92038.16,106809.35,92038.16,52537.73,4,42681.95,52199.15,70751.44,85779.47,103911.71,116797.82,146915.52,184773.95
2027-01-15,87099.42,92338.99,107314.42,92338.99,52581.62,4,42686.81,52200.89,70743.59,85776.69,103907.97,116793.20,146910.23,184774.75
2027-01-16,87241.16,92644.37,107846.03,92644.37,52625.54,4,42691.18,52200.88,70734.41,85770.51,103900.11,116784.08,146899.12,184769.58
2027-01-17,87368.15,92898.35,108303.23,92898.35,52669.49,4,42703.01,52208.19,70722.41,85760.22,103887.27,116769.41,146880.97,184754.76
2027-01-18,87508.00,93199.00,108802.10,93199.00,52713.47,4,42716.06,52216.36,70713.34,85754.57,103880.07,116761.05,146870.79,184748.49
2027-01-19,87603.11,93502.23,109377.09,93502.23,52757.48,4,42730.70,52225.98,70704.50,85749.14,103873.13,116753.07,146860.98,184743.23
2027-01-20,87678.09,93774.32,109821.93,93774.32,52801.52,4,42746.27,52236.42,70696.64,85744.64,103867.33,116746.46,146852.77,184742.59
2027-01-21,87751.39,94018.62,110261.56,94018.62,52845.59,4,42758.59,52242.84,70688.08,85739.79,103861.09,116739.49,146843.96,184740.12
2027-01-22,87823.93,94278.02,110689.35,94278.02,52889.69,4,42775.90,52255.23,70679.12,85734.53,103854.37,116731.97,146834.46,184735.98
2027-01-23,87895.81,94520.45,111154.63,94520.45,52933.82,4,42793.60,52267.07,70672.75,85728.98,103847.31,116724.06,146824.47,184733.36
2027-01-24,87967.29,94744.87,111515.24,94744.87,52977.98,4,42812.16,52278.40,70665.72,85721.48,103837.89,116713.50,146811.15,184729.50
2027-01-25,88036.41,94970.68,111886.60,94970.68,53022.18,4,42831.26,52289.93,70656.81,85712.48,103826.65,116700.90,146795.25,184720.88
2027-01-26,88136.07,95126.01,112138.16,95126.01,53066.40,4,42851.44,52301.82,70648.73,85703.03,103814.86,116687.69,146778.59,184713.49
2027-01-27,88191.61,95274.26,112400.54,95274.26,53110.65,4,42874.38,52314.48,70639.96,85691.41,103800.46,116671.53,146758.23,184705.70
2027-01-28,88259.64,95426.63,112651.30,95426.63,53154.93,4,42896.62,52325.50,70630.05,85678.62,103784.64,116653.78,146735.86,184694.91
2027-01-29,88328.99,95631.76,113011.25,95631.76,53199.24,4,42920.63,52337.89,70619.50,85664.39,103767.08,116634.07,146711.03,184683.14
2027-01-30,88427.79,95873.53,113402.62,95873.53,53243.58,4,42945.42,52351.21,70608.43,85650.07,103749.41,116614.25,146686.06,184670.86
2027-01-31,88555.93,96066.97,113724.85,96066.97,53287.96,4,42972.60,52368.07,70596.63,85637.17,103733.47,116596.35,146663.51,184659.52
2027-02-01,88686.12,96275.01,114012.80,96275.01,53332.36,4,43001.35,52387.51,70584.06,85626.41,103720.13,116581.39,146644.66,184652.74
2027-02-02,88728.37,96379.98,114176.19,96379.98,53376.79,4,43030.97,52409.04,70571.66,85617.62,103709.17,116569.10,146629.16,184647.23
2027-02-03,88768.74,96472.68,114302.89,96472.68,53421.25,4,43058.11,52425.75,70557.94,85604.58,103693.07,116551.04,146606.40,184635.37
2027-02-04,88892.63,96669.57,114625.31,96669.57,53465.75,4,43081.35,52436.73,70543.54,85588.48,103673.27,116528.81,146578.41,184616.61
2027-02-05,89080.33,96913.91,115098.62,96913.91,53510.27,4,43104.37,52447.52,70527.68,85571.33,103652.20,116505.16,146548.61,184593.48
2027-02-06,89400.36,97387.94,115747.33,97387.94,53554.82,4,43123.69,52453.18,70509.36,85550.13,103626.22,116475.99,146511.89,184565.33
2027-02-07,89723.46,97846.91,116406.52,97846.91,53599.41,4,43142.82,52461.87,70490.19,85531.12,103602.90,116449.80,146478.91,184535.41
2027-02-08,90049.55,98341.27,117722.47,98341.27,53644.02,4,43161.27,52473.17,70470.92,85514.18,103582.09,116426.44,146449.49,184504.41
2027-02-09,90366.19,98778.22,118940.22,98778.22,53688.67,4,43176.75,52480.86,70452.47,85497.26,103561.31,116403.11,146420.11,184473.55
2027-02-10,90662.44,99197.88,120088.42,99197.88,53733.34,4,43190.15,52485.85,70433.03,85479.34,103539.33,116378.43,146389.04,184438.54
2027-02-11,90951.86,99470.47,120844.65,99470.47,53778.05,4,43202.62,52494.06,70414.85,85465.62,103522.43,116359.46,146365.13,184408.69
2027-02-12,91192.72,99798.79,121423.18,99798.79,53822.79,4,43217.08,52506.22,70398.60,85455.88,103510.36,116345.92,146348.07,184388.49
2027-02-13,91475.56,100148.57,122040.52,100148.57,53867.55,4,43232.27,52523.70,70387.19,85458.25,103512.96,116348.87,146351.75,184393.27
2027-02-14,91752.22,100569.90,122634.20,100569.90,53912.35,4,43246.69,52542.75,70378.75,85465.55,103521.53,116358.53,146363.86,184413.86
2027-02-15,92020.92,100905.87,123252.06,100905.87,53957.18,4,43260.21,52561.45,70371.52,85474.94,103532.64,116371.03,146379.57,184440.32
2027-02-16,92308.10,101295.32,123955.73,101295.32,54002.04,4,43271.69,52579.62,70369.79,85489.28,103549.74,116390.29,146403.75,184481.62
2027-02-17,92568.73,101516.49,124547.57,101516.49,54046.92,4,43285.72,52604.56,70376.01,85516.76,103582.77,116427.44,146450.45,184563.21
2027-02-18,92851.75,101764.01,125192.33,101764.01,54091.84,4,43300.15,52632.06,70384.10,85548.69,103621.18,116470.64,146504.76,184652.82
2027-02-19,93200.41,102123.09,126070.27,102123.09,54136.79,4,43315.30,52661.48,70391.37,85583.00,103662.49,116517.09,146563.16,184744.57
2027-02-20,93551.81,102408.90,126918.53,102408.90,54181.77,4,43329.85,52690.08,70399.63,85618.63,103705.40,116565.34,146623.83,184841.12
2027-02-21,93926.04,102842.35,127696.19,102842.35,54226.78,4,43346.47,52723.23,70411.37,85662.38,103758.14,116624.65,146698.39,184952.86
2027-02-22,94313.98,103357.96,128495.91,103357.96,54271.83,4,43363.24,52754.86,70423.58,85706.85,103811.75,116684.93,146774.19,185068.12
2027-02-23,94709.39,103831.82,129415.83,103831.82,54316.90,4,43380.96,52787.86,70439.31,85757.31,103872.63,116753.39,146860.27,185203.09
2027-02-24,95111.66,104243.99,130399.59,104243.99,54362.00,5,43399.14,52821.54,70455.55,85808.93,103934.91,116823.41,146948.33,185342.12
2027-02-25,95452.82,104650.22,131543.25,104650.22,54407.13,5,43416.53,52854.75,70471.75,85859.38,103995.78,116891.85,147034.38,185484.89
2027-02-26,95853.29,105068.87,132664.40,105068.87,54452.30,5,43434.74,52887.13,70489.61,85911.92,104059.18,116963.14,147124.03,185633.31
2027-02-27,96192.37,105489.10,133836.69,105489.10,54497.49,5,43451.92,52919.50,70509.27,85964.43,104122.55,117034.39,147213.62,185792.67
2027-02-28,96513.65,105912.11,134769.81,105912.11,54542.72,5,43467.61,52947.60,70525.70,86010.00,104177.51,117096.19,147291.33,185936.11
2027-03-01,96865.32,106339.59,135721.39,106339.59,54587.97,5,43484.77,52976.88,70541.47,86057.50,104234.82,117160.62,147372.35,186075.94
2027-03-02,97191.90,106725.34,136762.38,106725.34,54633.26,5,43502.67,53007.56,70557.61,86107.26,104294.86,117228.13,147457.24,186218.89
2027-03-03,97521.26,107162.48,137886.61,107162.48,54678.58,5,43521.14,53039.60,70574.79,86159.24,104357.60,117298.67,147545.94,186366.90
2027-03-04,97910.73,107629.06,139156.31,107629.06,54723.93,5,43536.95,53063.60,70585.55,86198.16,104404.51,117351.42,147612.27,186482.39
2027-03-05,98303.44,108163.46,140508.80,108163.46,54769.31,5,43554.43,53090.66,70597.81,86242.06,104457.46,117410.96,147687.13,186605.54
2027-03-06,98624.91,108676.87,141547.87,108676.87,54814.72,5,43571.92,53117.78,70610.84,86286.04,104510.52,117470.62,147762.14,186729.17
2027-03-07,98877.19,109177.68,142263.46,109177.68,54860.16,5,43590.41,53146.45,70624.08,86332.54,104566.62,117533.70,147841.47,186855.25
2027-03-08,99000.58,109577.43,142547.57,109577.43,54905.63,5,43608.84,53174.62,70637.46,86378.25,104621.77,117595.71,147919.44,186978.51
2027-03-09,99076.44,109839.99,142817.62,109839.99,54951.13,5,43624.27,53198.84,70648.75,86417.52,104669.13,117648.95,147986.39,187099.64
2027-03-10,99223.40,110159.95,143076.01,110159.95,54996.66,5,43638.26,53218.38,70654.77,86449.20,104707.28,117691.86,148040.34,187200.01
2027-03-11,99373.96,110473.41,143337.10,110473.41,55042.23,5,43652.63,53238.60,70661.19,86481.98,104746.78,117736.28,148096.19,187301.71
2027-03-12,99568.25,110821.31,143503.31,110821.31,55087.82,5,43670.02,53264.06,70670.58,86523.28,104796.61,117792.30,148166.63,187415.01
2027-03-13,99778.51,111225.27,143672.02,111225.27,55133.45,5,43687.67,53290.85,70680.43,86566.73,104849.03,117851.25,148240.75,187535.58
2027-03-14,100027.90,111583.91,143851.52,111583.91,55179.10,5,43707.94,53322.02,70698.88,86617.31,104910.09,117919.89,148327.08,187664.28
2027-03-15,100228.88,111897.28,144034.61,111897.28,55224.79,5,43730.86,53359.31,70736.78,86677.83,104983.19,118002.08,148430.43,187814.50
2027-03-16,100410.76,112159.28,144202.66,112159.28,55270.51,5,43752.96,53394.88,70780.43,86735.54,105052.89,118080.45,148528.98,187960.64
2027-03-17,100593.53,112427.02,144375.40,112427.02,55316.26,5,43775.60,53432.20,70843.02,86796.11,105126.07,118162.71,148632.44,188116.82
2027-03-18,100799.12,112729.96,144557.85,112729.96,55362.04,5,43801.58,53473.14,70914.30,86862.56,105206.35,118252.97,148745.95,188271.30
2027-03-19,101033.74,113143.27,144823.25,113143.27,55407.85,5,43831.10,53520.17,71008.02,86938.89,105298.62,118356.70,148876.40,188452.52
2027-03-20,101279.82,113585.86,145095.64,113585.86,55453.69,5,43862.32,53568.43,71112.90,87017.23,105393.31,118463.15,149010.28,188638.28
2027-03-21,101511.02,114076.72,145314.28,114076.72,55499.57,5,43898.23,53622.70,71237.27,87105.34,105499.84,118582.91,149160.89,188845.06
2027-03-22,101740.04,114605.49,145676.22,114605.49,55545.47,5,43933.30,53675.74,71366.78,87191.44,105603.94,118699.94,149308.08,189050.11
2027-03-23,101990.40,115054.48,146044.86,115054.48,55591.41,5,43969.92,53730.13,71514.59,87279.74,105710.70,118819.95,149459.02,189262.26
2027-03-24,102234.13,115427.81,146414.07,115427.81,55637.37,5,44008.50,53787.43,71673.54,87372.76,105823.18,118946.41,149618.06,189472.26
2027-03-25,102493.86,115855.54,146807.63,115855.54,55683.37,5,44052.55,53852.62,71857.22,87478.60,105951.20,119090.31,149799.05,189706.99
2027-03-26,102740.71,116291.77,147082.28,116291.77,55729.40,5,44092.57,53913.16,72045.36,87576.89,106070.06,119223.94,149967.11,189940.05
2027-03-27,102941.07,116594.20,147358.10,116594.20,55775.46,5,44128.13,53967.20,72234.12,87664.61,106176.14,119343.18,150117.08,190159.21
2027-03-28,103136.10,116818.00,147578.37,116818.00,55821.55,5,44165.57,54022.66,72434.47,87754.65,106285.01,119465.57,150271.01,190378.15
2027-03-29,103323.52,117048.73,147790.73,117048.73,55867.67,5,44201.42,54073.72,72627.63,87837.55,106385.24,119578.25,150412.72,190582.52
2027-03-30,103498.78,117240.86,147978.48,117240.86,55913.83,5,44234.02,54118.03,72803.51,87909.47,106472.18,119675.98,150535.64,190766.97
2027-03-31,103690.29,117527.16,148169.34,117527.16,55960.01,5,44266.06,54161.83,72974.91,87980.57,106558.12,119772.60,150657.15,190951.38
2027-04-01,103858.41,117753.70,148349.12,117753.70,56006.23,5,44296.17,54201.60,73129.21,88045.12,106636.14,119860.31,150767.46,191122.02
2027-04-02,104009.04,117906.09,148518.87,117906.09,56052.47,5,44325.98,54240.47,73278.02,88108.21,106712.39,119946.03,150875.26,191301.87
2027-04-03,104154.69,118103.44,148663.58,118103.44,56098.75,5,44350.19,54270.59,73405.83,88157.09,106771.43,120012.40,150958.73,191452.84
2027-04-04,104325.39,118232.17,148805.97,118232.17,56145.06,5,44371.13,54296.79,73522.58,88199.59,106822.74,120070.10,151031.28,191592.59
2027-04-05,104490.76,118333.08,148935.38,118333.08,56191.40,5,44388.12,54318.28,73622.16,88234.46,106864.82,120117.41,151090.77,191714.95
2027-04-06,104652.37,118409.45,149056.50,118409.45,56237.78,5,44402.51,54336.80,73718.02,88264.49,106901.03,120158.12,151141.96,191834.79
2027-04-07,104774.99,118480.35,149167.19,118480.35,56284.18,5,44413.92,54351.71,73796.43,88288.66,106930.15,120190.87,151183.14,191942.69
2027-04-08,104938.38,118721.15,149274.55,118721.15,56330.61,5,44424.55,54365.81,73867.18,88311.52,106957.68,120221.83,151222.06,192051.15
2027-04-09,105016.69,118871.50,149366.93,118871.50,56377.08,5,44431.05,54374.86,73917.99,88326.18,106975.28,120241.63,151246.94,192142.93
2027-04-10,105079.71,119072.09,149466.08,119072.09,56423.58,5,44439.58,54386.78,73966.61,88345.50,106998.52,120267.77,151279.81,192238.21
2027-04-11,105086.53,119237.08,149549.43,119237.08,56470.11,5,44450.23,54401.29,74016.18,88369.02,107026.87,120299.64,151324.63,192347.42
2027-04-12,105133.74,119390.55,149631.77,119390.55,56516.67,5,44457.86,54411.91,74056.89,88386.23,107047.56,120322.91,151369.01,192457.35
2027-04-13,105082.87,119436.66,149704.38,119436.66,56563.26,5,44463.88,54420.64,74096.61,88400.37,107064.53,120342.01,151416.13,192564.90
2027-04-14,105088.77,119524.39,149797.94,119524.39,56609.88,5,44467.31,54426.10,74137.97,88409.19,107075.07,120353.87,151472.86,192680.35
2027-04-15,105130.80,119678.44,149916.95,119678.44,56656.54,5,44471.20,54431.97,74179.87,88418.67,107086.42,120366.63,151533.39,192798.22
2027-04-16,105168.08,119929.74,150034.88,119929.74,56703.22,5,44473.79,54436.24,74221.19,88425.57,107094.63,120375.87,151593.99,192912.81
2027-04-17,105094.48,119981.89,149938.58,120105.51,56749.94,5,44472.00,54434.25,74231.06,88368.46,106997.16,120247.02,151437.27,192685.05
2027-04-18,105032.89,119984.80,149834.45,120232.25,56796.69,5,44469.66,54431.49,74241.05,88310.32,106898.51,120116.87,151286.34,192457.34
2027-04-19,104953.11,119929.31,149716.68,120300.37,56843.47,5,44467.35,54428.81,74251.80,88252.60,106800.39,119987.38,151138.98,192232.72
2027-04-20,104848.94,119671.02,149458.02,120163.67,56890.28,5,44461.68,54422.17,74261.14,88188.71,106694.87,119849.59,150983.83,191999.27
2027-04-21,104753.15,119386.04,149217.66,119998.89,56937.12,5,44459.61,54419.98,74274.76,88132.28,106598.42,119722.03,150850.75,191786.23
2027-04-22,104631.84,119147.54,148992.33,119880.07,56984.00,5,44460.84,54421.76,74292.27,88082.46,106510.01,119603.53,150734.77,191591.81
2027-04-23,104581.61,119064.56,148920.94,119918.44,57030.90,5,44467.69,54430.38,74314.22,88043.82,106435.13,119500.27,150637.57,191418.03
2027-04-24,104482.15,118938.54,148825.82,119912.73,57077.84,5,44477.89,54443.21,74339.27,88019.30,106368.64,119406.46,150549.91,191257.24
2027-04-25,104389.56,118705.78,148765.30,119797.51,57124.81,5,44490.83,54458.91,74366.17,88008.67,106307.91,119319.14,150475.42,191105.71
2027-04-26,104329.85,118545.85,148573.05,119755.95,57171.81,5,44504.27,54475.18,74391.36,88000.68,106248.44,119233.26,150396.01,190941.32
2027-04-27,104285.16,118456.65,148387.90,119786.40,57218.85,5,44517.67,54490.75,74415.24,87995.34,106187.82,119146.10,150311.05,190769.97
2027-04-28,104244.48,118408.52,148344.07,119858.88,57265.91,5,44532.87,54508.61,74440.59,87994.47,106131.76,119064.10,150229.29,190602.77
2027-04-29,104213.90,118345.00,148282.74,119915.43,57313.01,5,44552.32,54531.65,74465.20,88008.91,106085.76,118993.39,150143.09,190430.03
2027-04-30,104170.21,118176.67,148229.85,119863.46,57360.14,5,44572.51,54555.90,74490.58,88035.23,106042.20,118925.44,150056.86,190257.34
2027-05-01,104164.10,118152.26,148176.95,119960.03,57407.30,5,44593.91,54581.67,74515.24,88068.31,106001.62,118860.85,149971.60,190086.00
2027-05-02,104208.07,118208.44,148131.04,120140.43,57454.49,5,44617.08,54609.98,74541.00,88108.63,105965.99,118801.83,149886.53,189914.97
2027-05-03,104252.57,118211.60,148096.33,120266.06,57501.71,5,44645.25,54644.46,74570.77,88167.47,105942.08,118755.97,149812.68,189758.26
2027-05-04,104221.74,118083.52,148050.28,120254.86,57548.96,5,44673.22,54678.56,74598.65,88232.94,105917.49,118709.34,149737.17,189599.53
2027-05-05,104207.91,117996.05,148007.51,120285.71,57596.25,5,44703.45,54715.21,74626.57,88307.99,105897.73,118668.16,149666.02,189446.40
2027-05-06,104187.81,117866.48,147949.46,120272.14,57643.57,5,44731.22,54748.78,74648.41,88382.11,105872.19,118620.49,149580.26,189274.85
2027-05-07,104174.25,117704.51,147878.59,120224.03,57690.92,5,44755.90,54778.55,74665.30,88456.64,105839.54,118564.89,149482.13,189087.77
2027-05-08,104139.73,117455.54,147801.93,120083.56,57738.30,5,44778.36,54805.58,74680.95,88531.01,105801.82,118503.61,149378.39,188893.68
2027-05-09,104106.01,117219.16,147720.88,119955.33,57785.72,5,44799.47,54830.82,74697.01,88602.05,105760.84,118438.71,149270.38,188694.31
2027-05-10,104056.70,116942.42,147646.03,119783.35,57833.16,5,44820.69,54856.36,74712.42,88671.50,105720.52,118374.55,149169.04,188503.49
2027-05-11,104015.97,116658.27,147570.72,119602.27,57880.64,5,44840.97,54880.57,74725.14,88739.92,105677.83,118307.76,149067.53,188312.55
2027-05-12,103927.39,116380.63,147491.94,119426.88,57928.15,5,44860.79,54905.10,74735.09,88811.16,105635.85,118241.79,148962.47,188117.23
2027-05-13,103887.52,116211.63,147417.18,119366.14,57975.69,5,44879.10,54927.67,74740.16,88881.65,105590.34,118171.88,148849.47,187912.01
2027-05-14,103841.14,116045.17,147341.36,119307.44,58023.26,5,44895.77,54948.19,74742.72,88944.65,105541.17,118100.84,148735.64,187705.86
2027-05-15,103764.15,115799.89,147248.26,119163.58,58070.87,5,44909.84,54965.13,74740.62,88991.51,105485.54,118025.03,148616.52,187493.14
2027-05-16,103775.25,115571.45,147162.56,119036.74,58118.51,5,44925.52,54984.03,74740.81,89033.52,105433.68,117956.25,148504.99,187290.11
2027-05-17,103762.35,115516.76,147123.16,119096.01,58166.18,5,44940.61,55002.40,74740.40,89069.39,105380.99,117887.50,148395.51,187089.81
2027-05-18,103742.77,115461.55,147039.82,119154.60,58213.88,5,44951.88,55016.11,74734.03,89087.64,105319.94,117811.48,148274.87,186875.53
2027-05-19,103763.47,115404.41,146971.20,119211.00,58261.61,5,44963.23,55029.90,74727.88,89097.32,105259.25,117736.68,148153.55,186660.52
2027-05-20,103754.87,115417.17,147030.84,119343.08,58309.37,5,44973.62,55042.50,74720.30,89098.68,105196.56,117661.87,148031.80,186445.10
2027-05-21,103765.75,115474.66,147091.84,119524.05,58357.17,5,44984.20,55055.37,74713.18,89094.79,105134.57,117591.63,147913.18,186233.72
2027-05-22,103764.70,115453.57,147145.59,119619.86,58405.00,5,44992.89,55065.89,74703.17,89080.70,105068.53,117519.58,147789.02,186015.52
2027-05-23,103770.36,115325.54,147051.83,119598.88,58452.86,5,45000.54,55075.04,74691.49,89059.28,105000.21,117444.21,147659.33,185790.47
2027-05-24,103770.84,115216.13,146991.33,119597.80,58500.76,5,45008.55,55084.54,74680.41,89026.29,104932.77,117368.46,147530.79,185567.00
2027-05-25,103789.83,115122.25,146911.60,119613.38,58548.68,5,45017.20,55094.89,74670.55,88985.11,104867.08,117293.72,147393.10,185332.15
2027-05-26,103829.52,115086.94,146955.65,119693.08,58596.64,5,45030.10,55110.68,74667.79,88946.35,104811.40,117228.85,147266.37,185111.22
2027-05-27,103879.24,115056.01,147002.41,119777.61,58644.63,5,45044.63,55128.51,74667.73,88903.02,104759.54,117168.95,147144.27,184896.24
2027-05-28,103934.94,114980.11,146918.75,119812.42,58692.65,5,45060.73,55148.29,74670.26,88858.44,104711.33,117113.57,147026.31,184686.56
2027-05-29,104017.55,114917.36,146845.90,119861.57,58740.70,5,45076.87,55168.78,74673.77,88810.85,104664.54,117056.42,146905.83,184473.85
2027-05-30,104087.79,114854.63,146761.09,119910.59,58788.79,5,45094.45,55191.11,74679.70,88765.89,104621.15,117000.70,146787.22,184263.61
2027-05-31,104130.05,114754.49,146674.79,119917.78,58836.91,5,45113.00,55214.66,74687.27,88723.48,104580.07,116943.92,146667.33,184051.89
2027-06-01,104159.73,114602.77,146588.97,119867.01,58885.06,5,45131.17,55237.55,74694.06,88678.75,104537.92,116887.61,146548.10,183841.10
2027-06-02,104209.92,114462.92,146499.03,119828.90,58933.24,5,45149.47,55260.04,74700.41,88635.66,104495.17,116828.15,146424.99,183625.57
2027-06-03,104202.57,114441.26,146403.06,119922.79,58981.46,5,45166.91,55279.88,74703.50,88590.91,104447.87,116764.01,146296.08,183402.91
2027-06-04,104178.45,114367.36,146305.11,119957.98,59029.71,5,45185.72,55300.38,74707.49,88548.03,104401.88,116698.44,146165.44,183178.20
2027-06-05,104263.39,114345.16,146208.24,120051.24,59077.99,5,45206.74,55323.49,74714.85,88509.03,104360.61,116633.86,146036.11,182955.26
2027-06-06,104326.88,114274.42,146113.98,120089.69,59126.30,5,45230.33,55349.03,74725.33,88472.80,104323.69,116571.49,145909.63,182736.01
2027-06-07,104327.00,114265.74,146018.73,120198.24,59174.64,5,45253.39,55373.76,74734.86,88435.35,104285.48,116508.46,145782.38,182515.93
2027-06-08,104299.74,114204.77,145912.29,120247.53,59223.02,5,45271.17,55390.87,74734.92,88389.55,104234.06,116436.64,145644.21,182282.30
2027-06-09,104265.52,114157.43,145806.16,120312.18,59271.43,5,45288.07,55407.27,74734.17,88343.27,104181.56,116365.19,145506.57,182049.49
2027-06-10,104224.48,114118.37,145692.61,120386.19,59319.87,5,45301.99,55419.50,74728.35,88293.96,104122.01,116287.95,145361.78,181807.85
2027-06-11,104185.22,114077.25,145576.45,120457.80,59368.34,5,45315.44,55430.50,74721.10,88244.86,104060.50,116208.76,145214.62,181563.40
2027-06-12,104142.47,114023.03,145461.66,120514.34,59416.85,5,45329.69,55442.56,74715.30,88196.77,104001.04,116130.79,145069.07,181321.10
2027-06-13,104101.58,113970.03,145348.61,120572.15,59465.39,5,45344.56,55454.68,74709.69,88149.72,103941.89,116054.31,144925.47,181081.39
2027-06-14,104064.97,113916.45,145234.63,120629.17,59513.96,5,45359.83,55466.66,74704.03,88102.18,103882.69,115977.23,144781.20,180840.95
2027-06-15,103978.54,113807.89,145115.65,120622.56,59562.56,5,45373.19,55475.74,74694.90,88052.71,103818.72,115896.29,144632.17,180594.74
2027-06-16,103900.49,113554.40,144949.21,120447.72,59611.20,5,45386.15,55483.49,74684.27,88005.54,103752.71,115811.26,144478.15,180342.44
2027-06-17,103808.48,113338.63,144828.08,120315.44,59659.87,5,45399.85,55492.11,74674.84,87959.49,103688.40,115728.76,144327.35,180094.31
2027-06-18,103719.54,113161.57,144711.22,120227.15,59708.57,5,45414.53,55502.97,74668.30,87916.14,103628.13,115649.79,144181.04,179851.91
2027-06-19,103619.32,112996.19,144593.02,120151.66,59757.30,5,45428.62,55512.98,74660.85,87871.61,103566.64,115569.85,144033.61,179608.27
2027-06-20,103517.45,112837.36,144473.05,120083.07,59806.07,5,45442.19,55522.20,74652.54,87826.50,103504.00,115488.63,143884.67,179362.88
2027-06-21,103412.99,112704.36,144352.68,120044.01,59854.87,5,45455.75,55531.58,74644.57,87781.85,103441.87,115407.20,143735.54,179117.41
2027-06-22,103238.71,112575.99,144231.56,120009.80,59903.70,5,45469.21,55540.59,74636.28,87736.92,103379.33,115325.29,143585.89,178871.43
2027-06-23,103118.27,112478.66,144112.64,120011.56,59952.56,5,45483.87,55551.57,74630.53,87699.31,103320.33,115245.25,143438.68,178628.61
2027-06-24,102943.19,112328.61,143987.03,119950.73,60001.46,5,45497.35,55559.70,74621.43,87660.44,103256.73,115159.97,143285.01,178377.91
2027-06-25,102796.01,112211.80,143860.19,119928.53,60050.39,5,45510.82,55567.64,74612.23,87621.54,103193.06,115073.83,143130.36,178126.14
2027-06-26,102642.31,112093.92,143731.43,119904.56,60099.35,5,45524.22,55575.11,74602.61,87581.97,103128.82,114986.26,142974.03,177872.41
2027-06-27,102492.11,111973.27,143599.28,119876.78,60148.34,5,45536.41,55580.19,74590.23,87541.55,103060.81,114896.09,142814.53,177614.92
2027-06-28,102309.31,111836.23,143463.88,119828.95,60197.37,5,45547.45,55583.20,74575.49,87499.62,102989.61,114803.43,142652.05,177353.84
2027-06-29,102129.47,111704.30,143318.27,119786.60,60246.43,5,45554.76,55579.32,74552.62,87453.62,102907.21,114702.71,142479.63,177080.60
2027-06-30,101974.10,111559.43,143152.76,119728.17,60295.52,5,45559.00,55567.24,74520.07,87401.68,102819.43,114586.16,142287.67,176783.21
2027-07-01,101767.25,111415.29,142988.43,119669.94,60344.65,5,45562.13,55553.88,74486.19,87350.56,102730.90,114470.64,142097.10,176487.75
2027-07-02,101523.48,111224.82,142823.96,119555.35,60393.80,5,45565.77,55540.73,74452.81,87299.39,102643.37,114355.12,141906.64,176192.59
2027-07-03,101368.79,111073.73,142657.84,119487.27,60442.99,5,45569.10,55526.47,74418.31,87248.01,102555.38,114238.39,141714.77,175895.86
2027-07-04,101223.35,110939.81,142495.53,119439.21,60492.22,5,45572.29,55512.50,74384.40,87198.44,102471.97,114124.78,141526.90,175604.28
2027-07-05,101040.90,110789.78,142339.13,119371.03,60541.47,5,45574.55,55496.23,74347.97,87147.68,102387.86,114008.07,141335.29,175308.22
2027-07-06,100879.26,110653.67,142172.20,119319.02,60590.76,5,45576.44,55478.95,74310.57,87097.63,102305.91,113890.99,141143.34,175011.93
2027-07-07,100774.64,110517.23,142014.54,119265.97,60640.08,5,45578.53,55461.20,74272.85,87048.14,102223.95,113773.53,140951.03,174715.35
2027-07-08,100688.45,110397.51,141857.08,119232.65,60689.44,5,45581.83,55444.44,74236.55,86999.39,102152.54,113656.39,140759.21,174419.57
2027-07-09,100563.89,110288.61,141696.08,119212.00,60738.83,5,45584.86,55426.28,74198.84,86949.55,102079.26,113536.54,140564.17,174119.98
2027-07-10,100450.26,110167.05,141534.80,119175.35,60788.25,5,45587.99,55407.79,74160.96,86900.04,102009.21,113416.60,140369.11,173820.56
2027-07-11,100329.46,110047.68,141365.68,119140.83,60837.70,5,45590.95,55389.30,74123.35,86850.38,101943.00,113298.30,140176.22,173523.98
2027-07-12,100236.82,109922.31,141197.87,119098.37,60887.19,5,45594.73,55371.66,74086.97,86801.16,101885.45,113181.15,139984.85,173229.47
2027-07-13,100125.82,109739.58,141030.17,118984.56,60936.71,5,45599.54,55354.88,74051.85,86752.20,101830.76,113064.17,139793.80,172935.54
2027-07-14,99998.46,109550.55,140764.83,118862.05,60986.26,5,45608.78,55345.92,74026.14,86708.88,101790.36,112956.77,139614.70,172656.56
2027-07-15,99908.93,109407.34,140628.27,118795.35,61035.84,5,45621.83,55345.53,74010.69,86672.29,101759.08,112864.71,139454.67,172401.31
2027-07-16,99795.00,109267.18,140492.47,118731.72,61085.46,5,45636.37,55346.91,73997.47,86635.98,101733.12,112773.37,139295.61,172147.42
2027-07-17,99700.65,109127.46,140357.50,118667.96,61135.11,5,45649.29,55346.38,73982.17,86600.11,101704.47,112682.77,139137.55,171894.92
2027-07-18,99617.51,108991.32,140223.81,118607.96,61184.80,5,45662.46,55346.23,73967.50,86565.06,101681.64,112593.30,138980.98,171644.42
2027-07-19,99567.23,108865.03,140087.49,118559.61,61234.51,5,45675.22,55344.93,73951.65,86529.54,101652.24,112501.80,138822.01,171391.07
2027-07-20,99462.39,108702.57,139839.79,118465.32,61284.26,5,45685.70,55339.64,73931.34,86493.27,101611.67,112406.16,138658.00,171131.67
2027-07-21,99330.22,108535.20,139587.34,118364.02,61334.05,5,45695.45,55332.25,73908.79,86454.37,101562.80,112306.04,138488.57,170865.74
2027-07-22,99199.54,108367.61,139334.68,118261.58,61383.86,5,45705.04,55324.51,73886.01,86416.33,101512.35,112205.13,138318.26,170598.88
2027-07-23,99064.34,108226.78,139186.86,118192.05,61433.71,5,45714.03,55316.12,73862.69,86377.25,101452.05,112104.08,138147.88,170332.08
2027-07-24,98961.89,108117.22,139039.63,118161.36,61483.59,5,45722.58,55307.41,73839.21,86338.94,101394.14,112003.58,137978.27,170066.41
2027-07-25,98868.39,108008.17,138893.89,118130.77,61533.51,5,45731.34,55299.37,73816.69,86301.83,101334.91,111904.39,137810.36,169802.99
2027-07-26,98745.12,107866.94,138730.25,118058.77,61583.46,5,45739.74,55290.26,73793.15,86264.23,101270.67,111803.47,137640.44,169537.23
2027-07-27,98605.07,107720.02,138578.06,117978.79,61633.44,5,45746.33,55278.11,73766.31,86226.26,101196.04,111699.22,137466.49,169266.69
2027-07-28,98465.21,107569.92,138424.09,117893.99,61683.45,5,45751.39,55263.88,73737.31,86190.19,101114.67,111593.58,137290.97,168994.36
2027-07-29,98323.82,107416.43,138266.90,117804.07,61733.50,5,45752.23,55243.81,73701.85,86153.49,101027.94,111485.45,137112.46,168718.52
2027-07-30,98192.19,107263.99,138111.31,117714.69,61783.58,5,45751.97,55222.85,73665.62,86117.36,100941.22,111378.68,136935.73,168445.04
2027-07-31,98097.30,107114.03,137958.98,117627.70,61833.70,5,45751.93,55202.95,73630.86,86082.73,100856.12,111274.62,136762.45,168175.95
2027-08-01,98027.10,106998.55,137810.41,117584.34,61883.85,5,45753.48,55185.86,73599.52,86048.65,100779.58,111173.68,136593.07,167911.82
2027-08-02,97951.78,106845.53,137661.62,117491.91,61934.03,5,45754.45,55168.09,73567.64,86014.46,100696.69,111072.63,136423.68,167647.84
2027-08-03,97881.02,106695.91,137514.14,117403.07,61984.24,5,45755.63,55150.90,73536.67,85981.26,100619.21,110972.72,136255.77,167385.85
2027-08-04,97760.20,106554.92,137365.55,117324.63,62034.49,5,45757.91,55136.99,73509.63,85952.80,100552.00,110879.35,136095.99,167133.99
2027-08-05,97646.28,106414.12,137233.95,117245.69,62084.77,5,45761.22,55126.03,73486.14,85928.48,100492.31,110792.41,135944.19,166892.06
2027-08-06,97536.24,106258.50,137102.11,117146.68,62135.09,5,45765.06,55118.14,73466.32,85906.76,100436.76,110712.65,135801.29,166661.21
2027-08-07,97429.80,106117.13,136877.09,117065.44,62185.43,5,45769.57,55111.72,73448.36,85886.94,100385.23,110635.48,135661.65,166434.49
2027-08-08,97386.39,105989.69,136752.96,117001.68,62235.81,5,45774.87,55107.47,73433.03,85868.88,100334.41,110561.85,135526.41,166213.29
2027-08-09,97332.92,105872.23,136632.26,116950.32,62286.23,5,45780.67,55104.65,73419.48,85851.68,100285.91,110491.03,135394.69,165996.55
2027-08-10,97295.14,105771.34,136521.64,116920.13,62336.68,5,45786.55,55102.14,73406.45,85835.96,100238.93,110421.17,135264.23,165781.48
2027-08-11,97237.55,105676.92,136415.81,116897.94,62387.16,5,45794.08,55102.64,73396.95,85821.11,100196.75,110355.27,135138.69,165572.55
2027-08-12,97206.61,105640.85,136313.31,116952.36,62437.67,5,45802.99,55105.23,73389.95,85805.49,100164.01,110292.15,135016.61,165367.99
2027-08-13,97203.70,105618.40,136312.69,117024.69,62488.22,5,45814.55,55111.29,73386.97,85790.08,100131.91,110229.85,134895.61,165164.86
2027-08-14,97169.95,105565.35,136208.94,117056.37,62538.80,5,45826.33,55117.47,73384.27,85774.00,100095.74,110166.08,134772.88,164959.74
2027-08-15,97161.05,105510.57,136103.51,117085.51,62589.42,5,45838.48,55123.60,73381.64,85757.59,100057.15,110101.04,134648.65,164752.90
2027-08-16,97153.88,105437.92,135994.50,117090.56,62640.07,5,45850.09,55128.20,73377.46,85741.23,100010.71,110033.18,134521.04,164542.05
2027-08-17,97127.51,105361.09,135888.72,117089.66,62690.75,5,45862.91,55134.99,73375.85,85727.01,99966.23,109968.02,134396.81,164335.44
2027-08-18,97100.75,105285.69,135785.64,117090.30,62741.47,5,45876.71,55143.48,73376.24,85714.55,99920.53,109905.11,134275.40,164132.42
2027-08-19,97098.71,105237.46,135780.03,117127.06,62792.22,5,45891.65,55153.09,73378.01,85700.28,99874.12,109841.83,134153.60,163929.01
2027-08-20,97110.56,105173.83,135681.55,117142.86,62843.00,5,45905.73,55161.28,73378.34,85685.06,99825.05,109777.16,134030.16,163723.74
2027-08-21,97121.33,105116.65,135667.27,117167.06,62893.82,5,45919.02,55166.58,73375.61,85668.72,99773.97,109707.95,133901.26,163511.91
2027-08-22,97132.02,105020.87,135467.15,117138.76,62944.67,5,45932.35,55171.48,73372.60,85654.57,99722.02,109639.67,133773.55,163301.66
2027-08-23,97155.21,104934.73,135355.20,117123.02,62995.55,5,45945.38,55175.29,73368.53,85639.83,99667.76,109570.21,133644.48,163089.87
2027-08-24,97133.71,104822.40,135237.53,117071.20,63046.47,5,45956.86,55175.73,73360.93,85624.70,99606.92,109496.20,133509.93,162871.51
2027-08-25,97147.35,104746.46,135134.80,117068.35,63097.42,5,45968.40,55176.44,73353.78,85610.99,99546.13,109422.58,133375.93,162653.96
2027-08-26,97158.96,104667.50,135016.75,117060.98,63148.40,5,45979.44,55176.51,73346.09,85597.91,99484.19,109348.43,133241.36,162435.83
2027-08-27,97191.27,104620.29,134898.43,117096.66,63199.42,5,45989.86,55176.14,73338.10,85585.62,99418.29,109274.12,133106.67,162217.69
2027-08-28,97196.95,104551.10,134780.50,117101.95,63250.47,5,46000.45,55176.04,73330.56,85574.01,99352.34,109200.21,132972.54,162000.36
2027-08-29,97180.81,104479.20,134661.93,117103.16,63301.56,5,46010.54,55174.86,73322.00,85562.14,99285.38,109125.85,132837.94,161782.58
2027-08-30,97163.69,104405.50,134541.50,117101.50,63352.68,5,46019.59,55171.89,73311.69,85549.20,99216.06,109050.05,132701.66,161562.87
2027-08-31,97152.88,104333.93,134422.20,117102.40,63403.83,5,46028.40,55168.75,73301.36,85536.89,99149.95,108975.24,132566.67,161344.87
2027-09-01,97159.18,104285.92,134301.33,117135.56,63455.02,5,46036.79,55164.67,73290.19,85522.75,99083.73,108899.22,132430.26,161125.28
2027-09-02,97168.77,104237.57,134179.50,117168.03,63506.24,5,46044.86,55159.88,73278.44,85507.70,99017.52,108822.49,132293.07,160904.87
2027-09-03,97180.66,104192.02,134059.86,117204.16,63557.50,5,46053.66,55156.43,73268.30,85492.70,98955.09,108747.59,132158.20,160687.39
2027-09-04,97183.92,104137.85,133939.19,117228.04,63608.79,5,46063.02,55153.15,73258.53,85477.38,98893.92,108671.94,132022.48,160469.02
2027-09-05,97197.67,104106.04,133818.47,117282.96,63660.11,5,46072.55,55150.02,73249.08,85460.97,98833.18,108596.30,131886.85,160250.88
2027-09-06,97169.73,104045.92,133727.71,117298.02,63711.46,5,46082.31,55147.36,73240.31,85443.02,98774.87,108520.37,131750.94,160032.52
2027-09-07,97125.21,103985.59,133520.38,117312.48,63762.86,5,46091.67,55144.03,73231.00,85424.70,98716.74,108444.35,131615.00,159814.26
2027-09-08,97109.02,103942.99,133321.83,117351.61,63814.28,5,46102.19,55143.02,73224.32,85406.14,98665.10,108372.14,131483.76,159601.83
2027-09-09,97077.62,103889.44,133122.93,117375.07,63865.74,5,46112.39,55141.87,73217.66,85387.71,98615.57,108301.96,131355.05,159392.60
2027-09-10,97050.21,103809.04,133009.24,117360.23,63917.23,5,46122.51,55140.21,73210.63,85369.05,98566.07,108231.89,131226.54,159183.73
2027-09-11,97021.04,103716.85,132814.09,117328.17,63968.76,5,46131.81,55136.89,73202.02,85352.75,98514.36,108161.20,131097.35,158974.16
2027-09-12,96991.80,103683.13,132643.50,117378.80,64020.32,5,46139.55,55131.42,73191.31,85336.18,98462.69,108090.55,130968.29,158764.86
2027-09-13,96961.67,103626.79,132449.72,117397.01,64071.91,5,46146.89,55125.31,73180.08,85319.84,98410.11,108020.07,130839.50,158556.02
2027-09-14,96930.52,103576.42,132252.44,117423.46,64123.54,5,46153.37,55117.80,73167.59,85303.93,98356.41,107949.02,130710.10,158346.55
2027-09-15,96930.48,103541.12,132136.79,117471.25,64175.20,5,46159.33,55109.27,73154.20,85287.80,98301.05,107877.04,130579.63,158135.92
2027-09-16,96930.27,103514.52,132021.04,117531.38,64226.90,5,46164.30,55099.49,73139.70,85273.59,98245.30,107805.04,130449.22,157925.48
2027-09-17,96925.25,103488.78,131905.18,117592.67,64278.63,5,46168.54,55088.69,73124.33,85259.06,98190.58,107733.02,130318.85,157715.21
2027-09-18,96930.54,103465.95,131789.21,117658.07,64330.39,5,46172.88,55077.86,73109.12,85250.66,98140.23,107660.95,130188.51,157505.09
2027-09-19,96937.87,103489.20,131759.02,117790.14,64382.19,5,46177.22,55067.64,73094.76,85242.90,98092.06,107590.94,130060.70,157298.17
2027-09-20,96940.68,103504.66,131646.37,117911.18,64434.02,5,46181.40,55057.53,73080.71,85236.65,98046.86,107521.89,129934.15,157092.88
2027-09-21,96938.74,103527.06,131612.67,118042.55,64485.89,5,46183.12,55043.70,73062.97,85228.50,97997.18,107449.96,129804.16,156883.56
2027-09-22,96928.16,103519.46,131500.63,118130.37,64537.79,5,46185.81,55032.19,73047.87,85221.97,97952.83,107381.70,129678.71,156679.84
2027-09-23,96914.36,103505.03,131387.80,118208.25,64589.73,5,46187.37,55019.16,73031.39,85215.54,97908.42,107312.86,129552.61,156475.45
2027-09-24,96888.67,103483.69,131274.44,118275.98,64641.69,5,46188.53,55002.97,73011.85,85208.50,97862.90,107243.65,129426.13,156270.73
2027-09-25,96866.40,103466.58,131165.03,118349.87,64693.70,5,46191.13,54989.84,72995.69,85202.30,97820.63,107177.72,129303.68,156070.99
2027-09-26,96827.82,103425.11,131060.18,118387.80,64745.74,5,46196.19,54978.27,72981.35,85196.30,97785.17,107115.57,129185.87,155876.96
2027-09-27,96852.47,103414.38,130957.97,118470.97,64797.81,5,46203.77,54970.50,72971.11,85192.21,97753.91,107055.65,129070.79,155686.35
2027-09-28,96844.80,103406.75,130860.93,118558.76,64849.91,5,46213.44,54966.21,72964.63,85191.94,97727.78,107000.01,128960.94,155502.13
2027-09-29,96840.07,103400.18,130767.69,118648.16,64902.05,5,46225.18,54965.53,72962.02,85192.79,97706.30,106947.54,128854.97,155322.71
2027-09-30,96832.80,103396.94,130675.50,118742.58,64954.23,5,46238.05,54966.79,72961.57,85193.80,97685.95,106895.99,128750.17,155144.80
2027-10-01,96851.66,103375.03,130586.43,118809.17,65006.44,5,46252.81,54970.01,72963.27,85194.07,97670.44,106847.05,128648.56,154970.83
2027-10-02,96869.17,103356.22,130499.58,118880.34,65058.68,5,46269.07,54975.89,72967.83,85195.13,97656.76,106800.00,128549.28,154799.77
2027-10-03,96880.57,103347.05,130412.16,118965.95,65110.96,5,46285.11,54979.33,72970.04,85191.13,97635.88,106752.55,128449.56,154628.27
2027-10-04,96991.08,103398.92,130329.46,119143.50,65163.27,5,46302.53,54985.89,72975.57,85188.66,97617.17,106709.02,128354.61,154462.62
2027-10-05,97150.22,103539.41,130253.76,119455.43,65215.62,5,46320.56,54993.01,72981.80,85186.22,97595.79,106665.35,128259.55,154296.92
2027-10-06,97349.83,103680.37,130234.06,119769.38,65268.00,5,46340.68,55002.52,72990.57,85186.55,97574.32,106622.94,128166.06,154133.20
2027-10-07,97557.87,103797.37,130239.07,120048.25,65320.41,5,46361.31,55012.20,72999.65,85188.19,97552.09,106580.62,128072.72,153969.75
2027-10-08,97674.41,103899.83,130240.55,120306.06,65372.86,5,46383.13,55021.69,73008.66,85189.77,97528.34,106538.55,127979.72,153806.81
2027-10-09,97798.78,103965.80,130240.70,120509.09,65425.35,5,46407.28,55036.88,73023.53,85193.02,97508.99,106499.16,127890.00,153647.90
2027-10-10,97925.79,104058.33,130163.15,120753.50,65477.87,5,46431.52,55052.39,73035.66,85197.15,97491.62,106460.86,127801.61,153490.67
2027-10-11,98090.89,104272.29,130190.09,121185.59,65530.42,5,46456.25,55071.49,73048.94,85202.07,97481.20,106424.21,127715.27,153335.99
2027-10-12,98284.32,104463.00,130209.12,121583.88,65583.01,5,46484.80,55099.16,73072.45,85214.17,97498.21,106400.34,127644.29,153199.84
2027-10-13,98492.79,104675.65,130254.71,122018.04,65635.63,5,46514.89,55130.31,73099.06,85226.22,97529.76,106380.98,127578.75,153070.28
2027-10-14,98705.23,104874.37,130302.96,122432.67,65688.29,5,46545.28,55161.73,73125.29,85238.22,97564.30,106363.36,127513.95,152941.68
2027-10-15,98899.76,105118.40,130287.20,122919.93,65740.98,5,46577.23,55196.15,73153.12,85252.73,97604.68,106352.26,127454.77,152819.89
2027-10-16,99096.37,105361.53,130270.84,123408.26,65793.70,5,46609.26,55231.57,73181.47,85268.11,97646.97,106345.16,127395.74,152698.34
2027-10-17,99277.10,105550.86,130244.74,123814.65,65846.46,5,46641.44,55266.41,73208.16,85284.43,97688.87,106338.35,127336.22,152576.27
2027-10-18,99472.45,105757.75,130227.52,124250.63,65899.26,5,46676.28,55308.74,73242.80,85302.66,97750.37,106351.86,127286.14,152465.58
2027-10-19,99690.79,105968.02,130217.12,124694.10,65952.09,5,46713.27,55355.22,73282.56,85323.03,97823.52,106378.28,127243.51,152363.86
2027-10-20,99936.66,106201.18,130224.17,125176.09,66004.95,5,46753.00,55407.31,73326.65,85345.60,97908.57,106417.13,127210.20,152273.34
2027-10-21,100187.54,106438.18,130236.01,125666.66,66057.85,5,46794.57,55463.18,73373.39,85369.06,98000.32,106461.48,127182.27,152189.30
2027-10-22,100441.32,106890.43,130241.62,126503.70,66110.79,6,46837.48,55521.60,73420.86,85392.35,98096.32,106510.47,127157.54,152109.14
2027-10-23,100679.43,107354.13,130251.24,127364.41,66163.75,6,46882.07,55584.55,73473.47,85417.48,98202.70,106570.81,127137.45,152034.56
2027-10-24,100957.56,107906.77,130268.86,128373.98,66216.76,6,46927.08,55648.16,73524.12,85442.88,98312.72,106636.14,127117.18,151959.80
2027-10-25,101241.41,108468.38,130289.59,129404.93,66269.80,6,46973.56,55714.19,73576.40,85469.30,98429.29,106709.92,127100.61,151889.49
2027-10-26,101526.23,109082.95,130314.06,130529.14,66322.87,6,47019.62,55782.96,73633.00,85499.33,98545.88,106790.38,127088.36,151824.38
2027-10-27,101783.02,109676.42,130325.30,131626.76,66375.97,6,47062.81,55844.57,73680.93,85522.67,98641.46,106865.63,127063.88,151744.67
2027-10-28,102055.94,110352.06,130328.72,132867.20,66429.12,6,47104.32,55902.12,73723.88,85544.27,98724.51,106937.37,127032.42,151656.68
2027-10-29,102323.35,110948.10,130330.73,133985.22,66482.29,6,47145.94,55959.36,73766.20,85566.01,98804.86,107008.37,127000.27,151567.91
2027-10-30,102587.65,111532.26,130327.61,135091.43,66535.51,6,47186.64,56014.07,73807.35,85586.89,98881.24,107075.03,126963.77,151473.99
2027-10-31,102837.84,112197.66,130325.76,136341.06,66588.75,6,47228.09,56070.02,73849.91,85608.06,98959.38,107143.58,126929.16,151382.37
2027-11-01,103095.18,112863.18,130326.08,137600.15,66642.03,6,47270.47,56127.74,73895.01,85630.31,99044.48,107219.64,126897.33,151294.09
2027-11-02,103332.31,113459.41,130325.00,138751.80,66695.35,6,47312.90,56185.13,73939.91,85652.47,99125.75,107291.54,126864.76,151205.00
2027-11-03,103533.60,113996.15,130321.54,139810.96,66748.70,6,47355.17,56241.60,73983.00,85676.06,99208.25,107364.73,126830.53,151113.96
2027-11-04,103697.27,114338.53,130310.67,140546.75,66802.09,6,47397.62,56298.23,74027.60,85699.70,99289.38,107436.43,126796.41,151023.09
2027-11-05,103864.17,114716.87,130298.86,141348.52,66855.51,6,47440.00,56354.77,74072.57,85722.56,99373.51,107511.36,126761.97,150931.88
2027-11-06,104024.07,115077.72,130282.78,142125.35,66908.96,6,47481.67,56409.21,74117.16,85743.94,99453.49,107581.75,126723.98,150836.50
2027-11-07,104200.49,115464.00,130266.49,142950.89,66962.46,6,47523.60,56463.97,74161.78,85764.66,99529.20,107647.51,126686.38,150741.63
2027-11-08,104391.86,115945.96,130268.65,143947.36,67015.98,6,47568.72,56526.25,74217.73,85786.94,99615.77,107724.99,126660.71,150660.99
2027-11-09,104577.17,116525.38,130271.38,145120.28,67069.54,6,47614.33,56589.39,74278.25,85809.89,99702.69,107802.83,126636.21,150581.79
2027-11-10,104733.90,116802.00,130243.94,145772.49,67123.14,6,47661.21,56650.61,74338.27,85829.84,99785.74,107876.44,126608.42,150498.71
2027-11-11,104888.47,117094.08,130226.77,146455.68,67176.77,6,47711.04,56718.20,74405.71,85852.65,99878.26,107960.29,126590.58,150427.49
2027-11-12,105038.02,117350.33,130211.14,147079.88,67230.44,6,47761.52,56786.89,74475.53,85875.38,99972.07,108045.49,126574.19,150358.02
2027-11-13,105195.78,117626.55,130196.83,147743.05,67284.14,6,47812.57,56856.53,74547.20,85899.09,100063.63,108128.23,126559.05,150290.07
2027-11-14,105349.38,117787.95,130185.75,148206.33,67337.87,6,47866.92,56933.19,74627.53,85924.89,100166.58,108223.25,126554.67,150234.92
2027-11-15,105510.24,118026.28,130179.98,148809.11,67391.64,6,47923.06,57013.36,74712.10,85952.50,100274.34,108323.45,126555.46,150185.92
2027-11-16,105695.26,118376.91,130189.74,149616.36,67445.45,6,47981.53,57098.45,74802.15,85981.83,100388.30,108430.29,126563.55,150145.60
2027-11-17,105907.95,118718.39,130197.84,150412.39,67499.29,6,48039.87,57182.77,74890.86,86011.14,100496.83,108531.25,126569.99,150103.34
2027-11-18,106065.57,119006.23,130201.72,151116.68,67553.17,6,48097.43,57264.71,74977.11,86037.73,100596.45,108622.54,126572.30,150056.18
2027-11-19,106209.93,119283.39,130194.67,151805.94,67607.08,6,48154.30,57345.16,75061.87,86063.87,100693.73,108711.29,126571.91,150005.85
2027-11-20,106354.52,119557.90,130190.25,152494.61,67661.03,6,48212.18,57427.52,75149.47,86091.46,100792.07,108801.15,126574.06,149958.54
2027-11-21,106498.88,119863.21,130209.31,153243.82,67715.01,6,48270.08,57509.79,75236.43,86119.62,100889.17,108889.64,126575.68,149910.62
2027-11-22,106673.73,120209.88,130232.47,154073.72,67769.03,6,48329.02,57594.60,75325.75,86149.37,100990.45,108982.62,126580.78,149866.84
2027-11-23,106798.77,120431.90,130221.03,154679.17,67823.08,6,48385.71,57673.38,75408.44,86178.62,101083.45,109066.62,126576.22,149811.63
2027-11-24,106913.26,120583.45,130206.07,155157.68,67877.17,6,48441.68,57750.14,75488.16,86207.25,101168.73,109142.27,126568.24,149752.40
2027-11-25,107024.43,120680.18,130188.23,155536.88,67931.29,6,48496.91,57825.30,75565.65,86234.55,101251.35,109215.03,126557.47,149689.88
2027-11-26,107112.35,120765.02,130161.21,155895.73,67985.45,6,48550.07,57894.77,75635.88,86259.06,101320.95,109273.72,126537.77,149616.85
2027-11-27,107185.90,120771.42,130133.03,156109.45,68039.65,6,48603.07,57963.67,75705.49,86283.38,101388.51,109330.19,126516.96,149542.52
2027-11-28,107270.31,120854.87,130105.33,156468.49,68093.87,6,48656.30,58033.06,75775.58,86307.40,101460.50,109391.43,126496.60,149468.77
2027-11-29,107328.03,120899.97,130069.52,156756.92,68148.14,6,48707.25,58097.37,75838.96,86329.63,101525.01,109444.56,126468.37,149385.74
2027-11-30,107370.10,120860.85,130027.19,156887.33,68202.44,6,48756.21,58157.56,75897.91,86349.77,101581.97,109489.56,126433.79,149295.25
2027-12-01,107409.32,120806.28,129980.89,156988.57,68256.77,6,48803.56,58214.89,75955.77,86368.39,101636.56,109531.98,126394.77,149203.64
2027-12-02,107457.60,120779.61,129930.33,157142.79,68311.15,6,48849.39,58269.33,76010.38,86392.93,101685.11,109567.87,126351.33,149108.84
2027-12-03,107484.44,120732.72,129876.62,157258.69,68365.55,6,48893.84,58321.48,76062.93,86415.79,101729.89,109599.69,126304.38,149012.99
2027-12-04,107498.63,120680.60,129817.43,157364.63,68419.99,6,48936.59,58369.88,76111.60,86436.68,101768.57,109624.93,126251.83,148912.52
2027-12-05,107503.68,120597.53,129755.73,157411.08,68474.47,6,48977.49,58414.73,76156.13,86457.41,101803.69,109646.32,126196.31,148812.21
2027-12-06,107505.95,120549.52,129694.43,157524.66,68528.98,6,49018.57,58460.63,76200.93,86478.23,101838.71,109667.59,126141.19,148712.34
2027-12-07,107473.59,120459.44,129627.36,157556.97,68583.53,6,49057.04,58500.69,76239.85,86496.15,101865.22,109679.70,126080.47,148605.83
2027-12-08,107436.48,120197.51,129566.19,157255.98,68638.12,6,49095.90,58542.57,76280.85,86514.28,101891.68,109691.74,126026.71,148507.51
2027-12-09,107387.70,119707.91,129505.01,156511.23,68692.73,6,49133.62,58582.63,76321.05,86530.53,101918.03,109703.66,125972.57,148408.71
2027-12-10,107272.26,119253.78,129444.66,155831.46,68747.39,6,49170.96,58622.06,76360.71,86545.74,101943.05,109714.15,125918.86,148310.39
2027-12-11,107186.48,118840.43,129388.40,155227.34,68802.08,6,49207.97,58661.99,76401.81,86561.39,101970.31,109727.03,125868.78,148216.30
2027-12-12,107143.84,118569.90,129334.97,154898.06,68856.81,6,49244.69,58701.89,76442.14,86576.72,101997.93,109740.30,125821.36,148125.30
2027-12-13,107048.76,118242.24,129283.15,154454.85,68911.57,6,49280.90,58741.76,76482.22,86591.61,102024.23,109752.14,125775.53,148036.14
2027-12-14,106987.88,118037.90,129231.14,154250.18,68966.36,6,49316.72,58781.52,76522.30,86605.81,102047.17,109760.37,125729.50,147946.70
2027-12-15,106905.27,117772.76,129163.26,153924.45,69021.20,6,49349.73,58815.03,76555.61,86616.15,102055.18,109752.53,125668.07,147839.09
2027-12-16,106799.34,117484.72,129076.23,153551.36,69076.07,6,49378.38,58838.59,76576.81,86621.43,102041.48,109721.35,125588.55,147706.34
2027-12-17,106613.36,117142.73,128942.38,153069.51,69130.97,6,49396.29,58837.68,76574.61,86607.60,101981.30,109640.19,125465.77,147506.76
2027-12-18,106433.46,116802.36,128805.51,152587.92,69185.91,6,49413.00,58834.41,76569.79,86592.68,101918.75,109556.53,125340.08,147303.70
2027-12-19,106253.66,116441.28,128674.83,152062.46,69240.89,6,49431.41,58835.59,76569.97,86579.05,101857.11,109473.86,125221.05,147104.01
2027-12-20,106090.14,116060.90,128539.71,151495.73,69295.90,6,49449.03,58835.34,76568.96,86561.45,101789.91,109385.23,125098.18,146896.52
2027-12-21,105906.17,115661.91,128389.66,150888.90,69350.94,6,49465.85,58833.86,76568.11,86542.91,101723.35,109297.32,124975.06,146688.92
2027-12-22,105680.33,115232.35,128237.49,150218.06,69406.03,6,49482.43,58832.73,76567.89,86525.38,101656.70,109209.33,124850.01,146480.83
2027-12-23,105495.62,114836.98,128090.66,149611.73,69461.15,6,49496.71,58826.71,76562.47,86506.12,101585.69,109116.69,124714.47,146266.69
2027-12-24,105286.87,114484.10,127936.37,149086.74,69516.30,6,49509.19,58816.76,76553.23,86485.53,101508.38,109017.30,124571.76,146043.73
2027-12-25,105074.89,114085.74,127777.09,148468.03,69571.49,6,49519.96,58803.87,76541.55,86464.09,101426.75,108913.30,124424.22,145814.82
2027-12-26,104856.63,113734.89,127608.43,147940.94,69626.72,6,49528.36,58786.21,76525.41,86440.30,101338.62,108802.35,124267.86,145576.83
2027-12-27,104666.02,113395.56,127438.37,147433.91,69681.98,6,49536.56,58768.68,76510.42,86416.42,101249.56,108690.44,124109.63,145337.79
2027-12-28,104477.09,113067.61,127267.27,146946.76,69737.28,6,49544.70,58750.70,76495.30,86393.15,101160.48,108578.54,123949.76,145099.01
2027-12-29,104305.69,112764.61,127091.72,146506.90,69792.61,6,49551.14,58729.04,76476.93,86366.81,101066.42,108461.31,123785.44,144853.35
2027-12-30,104147.76,112487.30,126930.30,146116.04,69847.98,6,49559.53,58712.38,76464.26,86344.03,100982.41,108354.91,123634.76,144622.38
2027-12-31,104005.17,112224.32,126782.65,145751.60,69903.39,6,49570.35,58701.89,76458.35,86324.41,100910.31,108261.32,123496.82,144408.74
2028-01-01,103908.40,112008.70,126677.11,145480.47,69958.83,6,49590.42,58713.39,76473.52,86315.56,100879.78,108212.35,123397.53,144254.49
2028-01-02,103814.15,111776.14,126573.44,145173.05,70014.31,6,49610.84,58726.06,76490.18,86307.46,100848.87,108162.96,123300.08,144100.11
2028-01-03,103724.18,111599.30,126464.13,144976.58,70069.82,6,49629.24,58734.00,76502.28,86298.06,100815.48,108110.94,123196.54,143940.61
2028-01-04,103646.57,111418.65,126358.89,144770.72,70125.37,6,49648.62,58744.08,76514.73,86292.19,100786.84,108064.04,123096.17,143788.05
2028-01-05,103576.03,111295.16,126254.33,144679.75,70180.95,6,49667.94,58754.14,76527.31,86287.35,100757.90,108016.81,122996.09,143636.40
2028-01-06,103512.20,111138.27,126151.04,144519.38,70236.58,6,49687.03,58763.60,76539.47,86281.98,100728.35,107968.94,122897.14,143484.60
2028-01-07,103451.69,111134.13,126049.24,144670.78,70292.23,6,49705.82,58772.21,76550.99,86276.08,100694.96,107916.98,122798.58,143327.47
2028-01-08,103417.04,111321.64,125951.28,145217.07,70347.93,6,49725.34,58782.62,76564.64,86272.34,100664.71,107868.38,122703.47,143174.98
2028-01-09,103448.49,111540.31,125857.64,145831.15,70403.66,6,49747.80,58798.45,76582.82,86270.40,100637.94,107823.54,122612.30,143027.57
2028-01-10,103480.64,111727.48,125779.74,146383.67,70459.42,6,49772.54,58819.33,76606.15,86270.60,100619.57,107787.69,122532.34,142892.23
2028-01-11,103485.22,111825.16,125702.17,146752.83,70515.23,6,49796.28,58838.34,76627.61,86270.83,100600.71,107751.34,122452.65,142756.34
2028-01-12,103531.46,111967.57,125624.53,147217.56,70571.06,6,49820.01,58857.34,76649.38,86271.18,100580.43,107713.46,122372.92,142618.53
2028-01-13,103563.61,112026.51,125544.72,147509.39,70626.94,6,49844.60,58877.86,76672.84,86274.02,100561.85,107677.42,122293.85,142483.28
2028-01-14,103603.81,112071.39,125470.50,147772.87,70682.85,6,49870.09,58899.93,76697.94,86277.08,100545.59,107643.87,122216.47,142351.42
2028-01-15,103644.54,112152.42,125399.12,148114.00,70738.80,6,49896.64,58923.72,76724.79,86280.80,100530.10,107611.16,122141.92,142220.78
2028-01-16,103685.74,112243.33,125329.35,148477.78,70794.78,6,49923.82,58948.20,76752.30,86284.66,100515.32,107579.20,122068.78,142091.26
2028-01-17,103748.36,112298.15,125260.33,148766.39,70850.80,6,49951.30,58972.46,76779.97,86288.72,100500.73,107547.47,121996.16,141962.12
2028-01-18,103817.80,112368.31,125197.86,149089.14,70906.85,6,49980.12,58999.34,76810.47,86294.23,100493.19,107523.28,121931.63,141843.04
2028-01-19,103868.90,112417.08,125135.94,149367.44,70962.95,6,50009.67,59027.46,76844.36,86299.77,100486.66,107500.18,121870.97,141725.49
2028-01-20,103941.35,112536.52,125081.79,149799.43,71019.07,6,50040.02,59056.61,76879.45,86306.04,100482.83,107479.96,121814.09,141611.85
2028-01-21,104057.05,112667.68,125035.22,150259.19,71075.24,6,50072.01,59088.74,76917.73,86314.12,100484.68,107465.83,121764.11,141506.28
2028-01-22,104140.12,112828.88,124997.05,150786.96,71131.44,6,50105.73,59124.30,76959.51,86324.50,100491.99,107457.53,121720.78,141408.48
2028-01-23,104250.82,113005.25,124970.11,151351.11,71187.68,6,50141.84,59164.59,77005.81,86336.00,100508.14,107458.70,121688.16,141323.19
2028-01-24,104371.12,113275.16,124955.46,152124.22,71243.95,6,50177.23,59203.84,77052.01,86346.86,100533.99,107470.21,121667.28,141251.55
2028-01-25,104488.02,113490.07,124937.94,152781.41,71300.26,6,50211.82,59240.71,77095.84,86358.30,100556.97,107478.67,121642.94,141175.93
2028-01-26,104585.62,113719.57,124920.23,153475.35,71356.61,6,50247.49,59278.80,77140.94,86371.05,100579.89,107487.06,121618.51,141100.26
2028-01-27,104682.53,113915.80,124905.95,154099.89,71412.99,6,50283.57,59317.59,77186.31,86384.42,100605.65,107498.47,121597.52,141028.59
2028-01-28,104798.58,114133.25,124898.39,154776.04,71469.41,6,50320.61,59358.38,77233.34,86399.43,100636.90,107515.74,121583.15,140964.64
2028-01-29,104915.47,114369.69,124905.33,155499.47,71525.86,6,50357.44,59398.22,77279.42,86415.05,100668.87,107533.77,121569.64,140901.71
2028-01-30,105027.48,114582.61,124910.89,156174.78,71582.36,6,50393.83,59436.33,77323.89,86430.86,100699.95,107550.85,121555.06,140837.57
2028-01-31,105156.07,114811.57,124937.34,156891.10,71638.88,6,50433.85,59482.19,77374.56,86450.22,100748.12,107586.16,121561.06,140797.30
2028-02-01,105285.81,115048.54,124965.42,157630.68,71695.45,6,50474.27,59528.51,77425.77,86470.08,100797.83,107623.12,121568.92,140759.19
2028-02-02,105444.32,115270.29,125027.68,158340.58,71752.05,6,50525.22,59597.07,77497.14,86498.20,100875.38,107689.77,121610.30,140759.88
2028-02-03,105606.66,115555.01,125094.84,159200.58,71808.69,6,50576.64,59666.73,77569.45,86527.03,100957.13,107760.88,121656.69,140766.35
2028-02-04,105771.23,115772.70,125168.27,159911.71,71865.36,6,50629.96,59740.49,77644.96,86557.13,101044.21,107837.66,121709.42,140780.15
2028-02-05,105932.33,116020.94,125240.51,160698.90,71922.08,6,50683.36,59814.38,77719.96,86587.56,101130.58,107913.66,121761.25,140792.87
2028-02-06,106065.32,116226.58,125310.33,161392.16,71978.82,6,50736.67,59887.53,77793.62,86616.62,101215.63,107988.23,121811.42,140803.65
2028-02-07,106202.07,116372.60,125376.12,161950.01,72035.61,6,50789.55,59959.29,77865.69,86644.68,101297.88,108059.78,121858.15,140810.44
2028-02-08,106336.47,116514.41,125436.66,162501.46,72092.43,6,50842.89,60031.71,77937.96,86672.66,101372.44,108127.27,121900.27,140811.87
2028-02-09,106468.45,116666.99,125504.17,163081.93,72149.29,6,50899.04,60110.29,78015.31,86700.79,101445.77,108204.59,121953.43,140826.04
2028-02-10,106601.88,116831.17,125583.68,163693.77,72206.18,6,50958.39,60195.94,78099.36,86730.72,101522.14,108292.48,122018.47,140853.90
2028-02-11,106732.56,116952.79,125661.34,164207.73,72263.11,6,51020.51,60287.25,78188.59,86762.78,101596.98,108389.27,122093.48,140893.22
2028-02-12,106853.67,117070.70,125738.08,164715.92,72320.08,6,51082.33,60377.29,78276.74,86792.75,101667.06,108482.62,122164.57,140927.99
2028-02-13,106968.68,117241.05,125811.31,165353.86,72377.09,6,51143.99,60466.72,78364.22,86821.19,101733.80,108575.79,122235.41,140962.42
2028-02-14,107083.70,117392.57,125882.74,165950.41,72434.13,6,51205.52,60555.91,78451.39,86848.42,101798.51,108667.51,122304.55,140994.87
2028-02-15,107183.27,117526.28,125936.33,166507.41,72491.21,6,51264.31,60638.83,78534.03,86872.76,101846.81,108743.92,122356.43,141007.38
2028-02-16,107283.94,117637.20,125998.02,167012.15,72548.32,6,51325.55,60727.70,78621.24,86899.96,101895.24,108827.41,122416.25,141029.00
2028-02-17,107352.71,117714.85,126023.83,167438.10,72605.47,6,51376.78,60794.88,78689.63,86919.70,101912.55,108878.31,122439.36,141008.33
2028-02-18,107422.36,117870.98,126046.40,168060.36,72662.66,6,51427.87,60861.34,78756.75,86940.17,101921.88,108923.86,122456.44,140980.71
2028-02-19,107484.55,117964.42,126056.22,168531.10,72719.89,6,51476.97,60924.23,78820.66,86960.28,101922.47,108961.52,122464.63,140942.86
2028-02-20,107543.25,118064.93,126062.18,169022.27,72777.15,6,51525.46,60985.89,78883.35,86980.13,101917.18,108996.11,122469.36,140901.04
2028-02-21,107619.98,118137.05,126076.80,169445.30,72834.45,6,51576.10,61053.69,78950.27,87006.07,101912.13,109039.33,122483.76,140870.36
2028-02-22,107686.21,118209.14,126091.07,169870.63,72891.79,6,51627.75,61124.61,79017.05,87036.14,101903.17,109082.33,122497.90,140839.38
2028-02-23,107759.27,118233.25,126099.86,170177.17,72949.16,6,51678.36,61193.30,79080.95,87066.61,101890.72,109120.65,122506.77,140802.35
2028-02-24,107822.39,118245.68,126094.04,170455.49,73006.57,6,51726.50,61256.48,79139.31,87096.94,101875.47,109146.40,122501.52,140749.10
2028-02-25,107880.15,118188.86,126080.28,170558.79,73064.02,6,51773.51,61316.48,79192.62,87128.19,101857.59,109165.33,122488.61,140687.08
2028-02-26,107933.37,118165.22,126059.29,170746.66,73121.50,6,51820.04,61377.45,79242.74,87163.17,101839.64,109178.05,122468.74,140617.08
2028-02-27,107949.21,118047.43,126041.35,170693.80,73179.02,6,51867.14,61439.98,79292.85,87200.53,101822.17,109193.48,122451.90,140550.60
2028-02-28,107964.10,117970.37,126010.91,170744.40,73236.58,6,51914.97,61504.66,79343.34,87240.46,101805.78,109209.31,122435.51,140484.67
2028-02-29,107999.43,117966.91,125981.72,170984.33,73294.17,6,51963.13,61570.73,79393.68,87282.09,101789.51,109226.12,122420.22,140420.02
2028-03-01,108036.00,117898.46,125955.74,171056.83,73351.81,6,52012.10,61638.86,79444.01,87325.84,101773.99,109245.61,122407.93,140358.85
2028-03-02,108066.60,117845.98,125924.54,171170.46,73409.48,6,52059.95,61704.69,79491.25,87369.81,101757.69,109260.48,122390.47,140291.76
2028-03-03,108096.02,117786.32,125895.01,171265.31,73467.18,6,52107.81,61771.07,79536.50,87415.21,101740.52,109276.69,122374.50,140226.43
2028-03-04,108126.26,117779.51,125869.91,171498.24,73524.93,6,52155.21,61836.31,79580.42,87459.61,101723.43,109296.64,122362.73,140165.92
2028-03-05,108156.86,117793.12,125844.96,171785.66,73582.71,6,52202.75,61900.64,79622.80,87503.18,101705.68,109316.12,122350.41,140104.81
2028-03-06,108191.03,117838.44,125822.14,172158.01,73640.52,6,52252.08,61969.37,79666.22,87550.10,101689.86,109337.29,122340.00,140045.91
2028-03-07,108245.95,117903.52,125791.08,172584.67,73698.38,6,52300.90,62034.84,79706.30,87594.37,101671.64,109351.16,122321.41,139977.68
2028-03-08,108283.89,117941.41,125755.69,172941.42,73756.27,6,52348.83,62096.82,79744.88,87635.82,101651.95,109361.79,122299.20,139905.33
2028-03-09,108313.32,117901.68,125723.99,173092.52,73814.20,6,52399.25,62162.68,79785.78,87680.19,101634.36,109375.53,122280.46,139836.99
2028-03-10,108345.28,117911.92,125693.04,173377.84,73872.17,6,52450.29,62228.97,79826.86,87724.81,101617.01,109389.82,122262.35,139769.39
2028-03-11,108382.01,117878.91,125669.39,173547.94,73930.17,6,52504.76,62301.44,79870.57,87774.06,101601.95,109410.37,122251.23,139709.82
2028-03-12,108417.03,117807.65,125652.62,173614.99,73988.21,6,52558.30,62368.71,79912.15,87819.19,101585.21,109427.21,122235.96,139645.53
2028-03-13,108454.00,117821.52,125638.11,173912.51,74046.29,6,52614.27,62439.75,79955.57,87867.11,101570.37,109446.06,122222.93,139583.82
2028-03-14,108490.81,117786.00,125623.58,174076.85,74104.41,6,52671.46,62511.58,79999.28,87915.49,101555.68,109464.95,122209.96,139522.20
2028-03-15,108525.59,117767.76,125608.55,174288.72,74162.56,6,52729.53,62583.60,80043.01,87963.90,101540.57,109483.47,122196.55,139460.12
2028-03-16,108553.53,117708.86,125584.69,174389.63,74220.75,6,52785.28,62650.40,80083.85,88008.22,101522.86,109494.33,122174.61,139388.32
2028-03-17,108584.86,117706.20,125558.02,174645.27,74278.98,6,52841.12,62716.12,80124.08,88051.62,101504.83,109502.78,122149.98,139313.50
2028-03-18,108613.36,117696.88,125526.41,174883.52,74337.24,6,52895.85,62778.16,80163.25,88092.14,101485.83,109506.98,122120.61,139233.29
2028-03-19,108627.57,117635.43,125485.30,174977.85,74395.54,6,52949.93,62838.08,80201.14,88130.99,101465.43,109502.94,122082.06,139142.66
2028-03-20,108642.66,117573.50,125444.08,175070.59,74453.88,6,53004.10,62897.88,80239.58,88169.67,101446.03,109498.19,122043.44,139052.01
2028-03-21,108655.11,117507.38,125399.31,175151.36,74512.26,6,53057.37,62953.70,80276.61,88205.32,101425.10,109488.41,122001.44,138957.54
2028-03-22,108631.65,117398.84,125351.75,175112.77,74570.67,6,53109.88,63007.81,80312.57,88239.64,101403.09,109473.64,121956.77,138860.09
2028-03-23,108616.98,117289.62,125299.56,175071.07,74629.13,6,53162.83,63062.52,80349.23,88274.37,101381.79,109456.82,121911.95,138762.50
2028-03-24,108583.98,117175.25,125242.11,175013.63,74687.62,6,53213.79,63113.51,80384.03,88306.28,101359.23,109434.26,121862.03,138659.18
2028-03-25,108553.12,117085.29,125192.26,175024.11,74746.14,6,53267.19,63168.65,80420.90,88341.24,101338.19,109411.34,121815.27,138559.49
2028-03-26,108511.04,117019.46,125128.16,175102.33,74804.71,6,53316.50,63215.65,80454.01,88370.16,101313.80,109377.77,121758.94,138448.98
2028-03-27,108468.59,116955.45,125070.05,175185.40,74863.31,6,53366.16,63263.20,80487.42,88399.47,101289.54,109341.90,121704.23,138340.37
2028-03-28,108440.99,116958.95,125007.29,175461.60,74921.95,6,53413.69,63306.79,80518.89,88425.87,101263.62,109300.00,121645.06,138226.74
2028-03-29,108410.35,116936.60,124941.18,175664.57,74980.63,6,53459.21,63347.40,80548.84,88450.11,101236.99,109254.32,121582.67,138109.53
2028-03-30,108354.37,116893.12,124873.99,175807.12,75039.34,6,53504.26,63387.85,80578.81,88474.24,101210.97,109206.96,121519.29,137991.24
2028-03-31,108309.22,116921.57,124814.82,176158.41,75098.09,6,53553.71,63436.92,80612.87,88504.64,101188.64,109163.69,121463.77,137881.95
2028-04-01,108274.46,116908.75,124755.94,176391.30,75156.88,6,53603.45,63487.01,80647.45,88535.75,101167.18,109119.97,121408.58,137773.08
2028-04-02,108232.74,116852.45,124696.00,176497.81,75215.71,6,53652.83,63536.63,80681.50,88566.51,101145.26,109075.49,121352.41,137663.15
2028-04-03,108196.85,116747.32,124636.66,176460.85,75274.58,6,53702.62,63587.43,80716.47,88598.09,101124.41,109031.72,121296.87,137554.02
2028-04-04,108144.00,116617.54,124574.95,176350.17,75333.48,6,53752.54,63638.62,80751.35,88629.93,101103.43,108987.21,121239.60,137442.97
2028-04-05,108088.17,116451.81,124510.80,176131.69,75392.42,6,53801.70,63688.34,80785.71,88660.68,101082.10,108942.35,121180.07,137329.42
2028-04-06,108032.91,116287.14,124445.85,175914.01,75451.40,6,53850.27,63736.99,80819.78,88690.65,101060.78,108897.50,121119.87,137215.17
2028-04-07,107990.91,116143.22,124379.77,175755.60,75510.42,6,53897.60,63783.85,80852.81,88719.34,101038.99,108852.17,121057.97,137099.05
2028-04-08,107937.24,116082.89,124314.92,175844.31,75569.47,6,53945.44,63832.33,80886.44,88749.16,101018.17,108807.89,120997.31,136984.40
2028-04-09,107881.25,115972.71,124245.49,175783.61,75628.56,6,53989.67,63874.91,80917.20,88774.81,100995.58,108761.73,120932.25,136864.84
2028-04-10,107830.51,115927.36,124176.06,175916.12,75687.69,6,54033.95,63917.69,80948.35,88800.62,100973.21,108715.81,120867.23,136745.39
2028-04-11,107785.36,115957.49,124102.41,176276.19,75746.86,6,54077.12,63958.63,80978.64,88825.14,100950.31,108669.34,120798.16,136621.41
2028-04-12,107740.49,115909.01,124027.68,176400.21,75806.06,6,54121.61,64001.59,81010.12,88851.09,100927.75,108623.25,120728.08,136496.37
2028-04-13,107686.26,115841.32,123953.52,176465.78,75865.31,6,54167.33,64046.08,81042.86,88878.12,100905.46,108577.46,120658.61,136372.08
2028-04-14,107632.80,115743.72,123879.34,176439.71,75924.59,6,54213.30,64090.78,81076.01,88905.29,100883.26,108531.79,120589.16,136247.89
2028-04-15,107580.18,115676.68,123803.35,176505.99,75983.91,6,54258.28,64133.25,81108.81,88930.93,100860.67,108485.70,120517.99,136121.82
2028-04-16,107637.06,115742.55,123893.23,176568.94,76043.26,6,54302.34,64173.40,81155.15,88993.52,100915.21,108544.36,120599.40,136213.76
2028-04-17,107690.65,115819.73,123998.56,176666.39,76102.66,6,54353.32,64227.04,81207.54,89065.46,100975.37,108609.07,120695.85,136322.71
2028-04-18,107744.65,115899.66,124108.34,176772.19,76162.09,6,54406.44,64284.27,81260.95,89139.91,101036.05,108674.34,120796.65,136436.55
2028-04-19,107799.20,115981.37,124220.96,176883.35,76221.56,6,54460.64,64343.01,81314.99,89215.42,101097.16,108740.07,120900.21,136553.52
2028-04-20,107854.04,116063.45,124334.18,176995.53,76281.07,6,54515.37,64402.54,81369.21,89291.50,101158.37,108805.91,121004.35,136671.14
2028-04-21,107930.80,116182.12,124445.74,177219.55,76340.62,6,54570.08,64461.61,81423.21,89367.28,101219.11,108871.24,121106.90,136786.97
2028-04-22,108006.61,116304.02,124565.99,177453.37,76400.20,6,54628.51,64526.37,81479.86,89447.02,101281.14,108937.95,121213.88,136907.80
2028-04-23,108088.75,116429.28,124690.83,177697.43,76459.82,6,54689.74,64596.16,81538.39,89530.25,101344.66,109006.28,121325.35,137033.70
2028-04-24,108169.92,116534.66,124814.84,177880.57,76519.48,6,54753.49,64670.00,81598.78,89616.31,101409.41,109075.93,121440.01,137163.21
2028-04-25,108253.93,116643.44,124944.91,178074.03,76579.18,6,54818.53,64746.52,81660.00,89704.23,101475.26,109146.75,121556.55,137294.83
2028-04-26,108335.60,116737.24,125073.32,178221.55,76638.92,6,54884.11,64823.94,81721.71,89792.81,101541.77,109218.29,121675.50,137429.19
2028-04-27,108418.69,116835.69,125204.43,178383.21,76698.69,6,54948.80,64900.06,81782.78,89880.49,101608.59,109290.17,121797.08,137566.51
2028-04-28,108503.35,116903.04,125335.80,178449.57,76758.51,6,55014.12,64977.11,81844.07,89968.84,101675.71,109362.36,121918.91,137704.12
2028-04-29,108611.38,117042.41,125474.99,178736.33,76818.36,6,55081.77,65058.35,81907.03,90060.10,101744.36,109436.19,122045.25,137846.81
2028-04-30,108725.41,117195.82,125616.40,179066.09,76878.25,6,55150.73,65141.89,81970.59,90152.96,101813.45,109510.51,122173.82,137992.02
2028-05-01,108840.62,117402.77,125768.23,179560.06,76938.18,6,55222.74,65231.98,82036.29,90250.36,101885.06,109587.54,122308.06,138143.65
2028-05-02,108956.70,117628.31,125911.01,180111.36,76998.14,6,55291.75,65319.46,82098.94,90345.97,101956.46,109664.33,122438.10,138290.52
2028-05-03,109068.11,117826.76,126054.23,180579.75,77058.15,6,55360.86,65408.03,82161.78,90441.29,102028.91,109742.26,122568.64,138437.96
2028-05-04,109196.75,118042.90,126198.85,181102.80,77118.19,6,55431.27,65498.72,82225.60,90536.64,102101.84,109820.70,122700.61,138587.02
2028-05-05,109331.03,118281.39,126352.89,181695.01,77178.27,6,55504.86,65596.17,82291.90,90634.00,102177.33,109901.90,122841.82,138746.51
2028-05-06,109480.85,118547.78,126524.71,182373.74,77238.39,6,55582.14,65706.81,82361.37,90734.15,102260.49,109991.35,123000.38,138925.61
2028-05-07,109613.20,118797.77,126699.14,183002.47,77298.55,6,55659.62,65815.92,82431.27,90832.97,102345.03,110082.28,123161.55,139107.64
2028-05-08,109767.71,119069.78,126890.32,183699.95,77358.74,6,55741.12,65927.43,82505.00,90933.41,102433.31,110177.23,123339.07,139308.15
2028-05-09,109911.46,119303.39,127084.75,184279.16,77418.98,6,55824.14,66038.22,82579.70,91033.38,102522.38,110273.03,123519.82,139512.30
2028-05-10,110059.00,119549.09,127283.06,184896.30,77479.25,6,55909.01,66148.16,82655.61,91132.75,102612.06,110369.50,123704.41,139720.78
2028-05-11,110210.27,119820.34,127492.87,185593.34,77539.56,6,55998.08,66261.01,82734.45,91234.12,102704.32,110468.73,123900.24,139941.96
2028-05-12,110368.77,120108.06,127725.18,186342.33,77599.91,6,56092.93,66379.14,82817.46,91339.11,102800.47,110572.14,124113.19,140182.49
2028-05-13,110544.27,120429.97,127971.45,187198.80,77660.29,6,56191.85,66501.84,82904.23,91447.22,102900.49,110679.73,124339.74,140438.37
2028-05-14,110708.79,120739.42,128215.33,188017.57,77720.72,6,56290.68,66621.29,82990.65,91553.11,103000.30,110787.09,124568.85,140697.14
2028-05-15,110869.50,121022.54,128461.72,188755.12,77781.19,6,56390.05,66738.50,83077.76,91657.45,103100.68,110895.06,124802.41,140960.94
2028-05-16,111030.68,121303.74,128708.29,189487.50,77841.69,6,56489.02,66850.55,83166.38,91758.25,103199.80,111001.67,125036.14,141224.93
2028-05-17,111206.11,121558.75,128954.38,190138.50,77902.23,6,56587.23,66955.09,83255.89,91853.90,103295.73,111104.85,125269.40,141488.39
2028-05-18,111384.74,121822.35,129206.47,190817.10,77962.81,6,56686.56,67058.01,83348.15,91949.50,103392.11,111208.51,125508.48,141758.43
2028-05-19,111549.00,122069.68,129472.93,191445.12,78023.43,6,56786.92,67159.97,83443.35,92045.88,103489.76,111313.55,125761.51,142044.22
2028-05-20,111672.12,122281.64,129747.56,191962.34,78084.08,6,56885.51,67257.82,83538.30,92142.10,103587.36,111418.52,126022.47,142338.96
2028-05-21,111800.78,122497.01,130015.19,192490.50,78144.78,6,56981.79,67342.39,83632.13,92235.51,103677.80,111515.80,126276.62,142626.02
2028-05-22,111941.86,122726.86,130282.58,193064.65,78205.51,6,57075.75,67423.02,83724.47,92326.51,103765.58,111610.22,126530.53,142912.81
2028-05-23,112061.97,122923.85,130528.36,193535.39,78266.29,6,57164.31,67495.66,83812.74,92412.08,103847.70,111698.55,126763.45,143175.89
2028-05-24,112180.22,123130.23,130777.11,194035.99,78327.10,6,57251.32,67566.31,83900.91,92496.31,103928.30,111785.25,126999.25,143442.21
2028-05-25,112297.29,123346.95,131020.14,194569.52,78387.95,6,57337.55,67636.22,83990.00,92580.06,104008.20,111871.19,127229.48,143702.25
2028-05-26,112414.37,123648.78,131252.79,195372.91,78448.84,6,57420.63,67702.08,84078.18,92661.07,104085.40,111954.22,127449.64,143950.91
2028-05-27,112523.01,123867.96,131453.65,195915.07,78509.77,6,57494.57,67757.25,84158.38,92734.80,104155.77,112029.90,127638.92,144164.70
2028-05-28,112621.28,124097.17,131641.38,196489.37,78570.73,6,57563.43,67805.67,84234.43,92803.95,104222.19,112101.35,127814.43,144362.94
2028-05-29,112686.11,124186.17,131819.47,196618.57,78631.74,6,57632.18,67854.60,84311.47,92873.46,104288.41,112172.58,127984.87,144555.44
2028-05-30,112724.93,124317.12,131990.33,196880.91,78692.78,6,57699.12,67900.99,84387.40,92941.27,104352.22,112241.21,128147.35,144738.96
2028-05-31,112780.16,124409.75,132149.39,197021.46,78753.86,6,57764.51,67946.09,84460.80,93008.23,104414.73,112308.45,128303.13,144914.91
2028-06-01,112806.65,124461.12,132304.40,197030.88,78814.98,6,57828.01,67988.90,84531.86,93073.63,104475.88,112374.22,128450.95,145081.86
2028-06-02,112834.30,124457.18,132457.43,196864.77,78876.14,6,57891.04,68031.37,84602.30,93138.84,104536.66,112439.59,128596.77,145246.57
2028-06-03,112858.53,124462.84,132596.92,196729.25,78937.34,6,57951.59,68071.68,84670.34,93202.58,104595.96,112503.38,128729.38,145396.34
2028-06-04,112877.52,124484.60,132724.31,196644.87,78998.58,6,58009.99,68109.59,84737.87,93264.72,104653.96,112565.76,128850.17,145532.77
2028-06-05,112894.63,124486.62,132845.65,196498.02,79059.86,6,58066.83,68148.44,84805.94,93327.52,104712.25,112628.46,128965.02,145662.49
2028-06-06,112910.08,124505.14,132970.22,196403.50,79121.17,6,58124.92,68191.29,84877.95,93393.06,104773.37,112694.20,129082.94,145795.68
2028-06-07,112912.68,124518.32,133093.76,196292.13,79182.53,6,58179.00,68231.85,84948.44,93457.07,104834.09,112759.51,129199.78,145927.65
2028-06-08,112995.19,124598.18,133208.38,196391.61,79243.92,6,58230.58,68272.04,85017.65,93520.85,104894.58,112824.58,129307.68,146049.52
2028-06-09,113085.28,124708.51,133326.20,196587.28,79305.35,6,58276.34,68307.57,85083.54,93581.46,104953.16,112887.59,129413.18,146168.68
2028-06-10,113167.90,124808.64,133435.31,196750.63,79366.82,6,58316.47,68339.11,85144.53,93639.37,105009.59,112948.28,129510.21,146278.27
2028-06-11,113248.88,124919.73,133551.18,196948.52,79428.33,6,58357.80,68374.13,85209.94,93699.68,105069.33,113012.53,129618.80,146400.91
2028-06-12,113324.31,125038.61,133668.46,197170.96,79489.88,6,58396.96,68408.41,85275.40,93759.51,105128.51,113076.19,129728.75,146525.10
2028-06-13,113418.49,125201.54,133787.63,197532.62,79551.47,6,58430.90,68438.42,85337.55,93816.44,105185.63,113137.63,129835.48,146645.65
2028-06-14,113521.17,125420.50,133909.45,198071.74,79613.10,6,58461.72,68467.20,85398.73,93872.55,105243.78,113200.17,129942.73,146766.78
2028-06-15,113627.53,125645.86,134031.98,198631.45,79674.76,6,58490.72,68495.99,85459.81,93928.68,105302.37,113263.19,130050.71,146888.75
2028-06-16,113751.21,125908.78,134168.28,199310.67,79736.47,6,58518.46,68525.36,85521.22,93985.24,105361.39,113326.67,130159.46,147011.57
2028-06-17,113875.21,126171.59,134300.95,199990.16,79798.21,6,58547.39,68557.81,85586.08,94043.91,105422.24,113392.12,130270.51,147137.00
2028-06-18,114018.85,126405.29,134432.16,200577.57,79860.00,6,58577.46,68593.02,85653.90,94104.51,105484.79,113459.40,130387.05,147268.63
2028-06-19,114208.00,126686.87,134560.14,201317.89,79921.82,6,58607.38,68628.07,85721.57,94165.00,105546.68,113525.97,130500.50,147396.77
2028-06-20,114374.96,126956.72,134686.63,202021.57,79983.68,6,58637.12,68662.88,85788.96,94225.36,105608.84,113592.83,130612.57,147523.35
2028-06-21,114531.78,127207.36,134809.46,202664.51,80045.58,6,58665.84,68696.52,85855.36,94284.93,105670.03,113658.64,130721.13,147645.97
2028-06-22,114700.26,127480.86,134935.78,203381.04,80107.52,6,58695.86,68731.67,85922.86,94345.57,105731.93,113725.23,130833.13,147772.46
2028-06-23,114871.77,127749.85,135065.26,204083.81,80169.50,6,58728.13,68769.47,85992.92,94408.04,105794.71,113792.76,130948.24,147902.48
2028-06-24,115046.44,128005.94,135200.13,204745.82,80231.52,6,58763.30,68810.64,86065.45,94472.84,105859.26,113862.18,131068.63,148038.45
2028-06-25,115224.19,128165.53,135340.34,205098.55,80293.58,6,58801.36,68855.21,86142.33,94539.99,105925.37,113933.29,131194.24,148180.33
2028-06-26,115311.30,128388.00,135479.81,205653.24,80355.67,6,58839.23,68899.56,86218.41,94607.01,105990.46,114003.30,131319.19,148321.45
2028-06-27,115511.27,128578.15,135619.53,206104.28,80417.81,6,58879.17,68946.33,86296.73,94675.71,106057.13,114075.02,131445.47,148464.09
2028-06-28,115589.01,128794.30,135764.62,206639.05,80479.99,6,58922.09,68996.59,86379.06,94746.82,106125.64,114148.70,131575.96,148611.47
2028-06-29,115747.43,128929.55,135910.26,206913.62,80542.20,6,58966.59,69048.70,86462.79,94819.22,106194.72,114223.00,131707.92,148760.52
2028-06-30,115883.93,129054.94,136057.14,207156.38,80604.46,6,59010.59,69100.22,86546.62,94891.25,106263.74,114297.25,131841.05,148910.89
2028-07-01,116047.04,129245.39,136205.94,207608.60,80666.75,6,59054.71,69151.89,86631.20,94963.39,106332.96,114371.70,131975.29,149062.50
2028-07-02,116233.39,129526.43,136345.29,208353.06,80729.08,6,59094.74,69198.76,86710.77,95032.28,106399.28,114443.04,132100.41,149203.83
2028-07-03,116424.51,129784.20,136474.84,209023.02,80791.46,6,59130.97,69241.18,86785.15,95098.14,106463.21,114511.79,132216.09,149334.48
2028-07-04,116599.88,129983.61,136609.70,209504.88,80853.87,6,59169.75,69286.60,86863.05,95166.08,106529.25,114582.82,132336.96,149471.00
2028-07-05,116766.48,130197.58,136741.18,210033.94,80916.32,6,59206.64,69329.80,86938.97,95232.51,106593.96,114652.43,132454.61,149603.88
2028-07-06,116956.93,130443.07,136869.30,210665.31,80978.81,6,59239.11,69367.82,87010.07,95295.43,106655.70,114718.84,132569.04,149733.13
2028-07-07,117143.55,130650.23,136994.77,211172.86,81041.34,6,59269.95,69403.93,87079.54,95357.06,106716.51,114784.24,132680.97,149859.55
2028-07-08,117286.88,130881.60,137117.82,211759.11,81103.91,6,59296.93,69435.52,87145.31,95415.61,106776.60,114848.87,132790.81,149983.61
2028-07-09,117411.41,131064.43,137234.09,212188.04,81166.52,6,59322.30,69465.24,87208.70,95472.90,106835.72,114912.47,132895.93,150102.34
2028-07-10,117541.03,131232.42,137367.10,212568.83,81229.17,6,59346.97,69494.12,87271.20,95529.64,106894.95,114976.17,133003.27,150223.57
2028-07-11,117651.90,131395.83,137488.27,212934.77,81291.86,6,59373.79,69525.53,87337.32,95588.13,106956.46,115042.34,133116.93,150351.95
2028-07-12,117772.43,131559.69,137616.16,213302.16,81354.58,6,59401.11,69557.52,87403.70,95647.04,107017.74,115108.24,133229.13,150478.68
2028-07-13,117901.19,131696.22,137755.24,213580.62,81417.35,6,59428.38,69589.45,87469.97,95705.93,107080.40,115175.64,133345.59,150610.22
2028-07-14,117990.82,131781.61,137882.47,213692.68,81480.16,6,59455.82,69621.59,87537.32,95764.98,107145.18,115242.84,133465.09,150745.20
2028-07-15,118102.73,131883.77,138011.82,213859.18,81543.01,6,59484.22,69654.85,87605.08,95824.83,107211.91,115311.15,133586.66,150882.50
2028-07-16,118227.91,132001.36,138139.62,214075.77,81605.89,6,59511.93,69687.30,87671.76,95884.13,107279.01,115379.14,133707.34,151018.80
2028-07-17,118379.35,132126.54,138301.50,214316.93,81668.82,6,59540.85,69721.16,87739.98,95944.44,107349.95,115449.01,133835.47,151163.52
2028-07-18,118545.33,132333.38,138489.78,214823.78,81731.78,6,59570.50,69755.88,87810.20,96005.34,107423.24,115519.22,133969.37,151314.76
2028-07-19,118772.12,132628.01,138693.77,215616.90,81794.79,6,59598.03,69788.12,87877.75,96064.58,107497.17,115588.11,134101.67,151464.19
2028-07-20,119009.44,132930.07,138907.53,216435.09,81857.83,6,59627.78,69822.96,87947.87,96125.60,107575.15,115658.78,134240.08,151620.52
2028-07-21,119247.25,133231.02,139118.28,217250.52,81920.92,6,59658.20,69858.58,88018.88,96187.20,107654.59,115730.05,134375.40,151773.36
2028-07-22,119485.96,133533.91,139329.46,218073.21,81984.04,6,59689.35,69895.05,88090.47,96249.40,107735.18,115801.76,134510.99,151926.50
2028-07-23,119527.90,133747.38,139536.82,218603.55,82047.21,6,59721.55,69932.76,88163.29,96312.47,107816.65,115873.52,134646.26,152079.29
2028-07-24,119609.16,133962.89,139742.70,219140.78,82110.41,6,59755.19,69972.15,88237.71,96376.71,107900.15,115946.01,134782.85,152233.56
2028-07-25,119793.90,134186.55,139959.43,219704.98,82173.66,6,59792.30,70015.60,88316.33,96443.78,107990.47,116021.56,134927.02,152396.40
2028-07-26,119966.95,134419.27,140181.96,220299.22,82236.94,6,59833.79,70064.19,88398.95,96514.38,108088.92,116100.60,135079.63,152568.76
2028-07-27,120065.97,134674.73,140433.37,220968.53,82300.27,6,59886.79,70126.25,88497.16,96601.54,108209.03,116189.01,135257.05,152769.16
2028-07-28,120268.84,134943.03,140691.59,221680.64,82363.63,6,59944.10,70193.37,88600.88,96696.51,108337.49,116279.47,135440.93,152976.84
2028-07-29,120442.34,135289.95,140958.96,222652.73,82427.03,6,60004.69,70264.32,88708.62,96797.47,108471.49,116372.85,135633.49,153194.33
2028-07-30,120557.89,135618.39,141224.23,223565.00,82490.48,6,60065.33,70335.32,88818.25,96901.00,108607.78,116465.41,135823.91,153409.41
2028-07-31,120701.12,135913.82,141478.77,224369.12,82553.96,6,60123.58,70403.53,88925.14,97002.05,108740.72,116555.89,136003.90,153612.70
2028-08-01,120951.44,136196.50,141721.28,225131.78,82617.48,7,60179.54,70469.06,89031.17,97103.65,108870.35,116643.99,136172.21,153802.80
2028-08-02,121150.65,136456.99,141960.07,225821.43,82681.05,7,60236.16,70535.36,89138.37,97207.96,109001.90,116733.91,136336.85,153988.76
2028-08-03,121447.52,136793.18,142195.85,226763.17,82744.65,7,60291.11,70599.71,89243.26,97311.11,109130.80,116822.62,136494.10,154166.37
2028-08-04,121745.83,137116.83,142434.46,227664.32,82808.30,7,60348.14,70666.49,89350.43,97418.35,109262.47,116912.20,136653.89,154346.85
2028-08-05,122013.29,137423.66,142674.38,228510.45,82871.98,7,60406.25,70734.54,89458.49,97527.22,109395.58,117003.50,136814.75,154528.54
2028-08-06,122303.32,137741.74,142907.93,229395.01,82935.70,7,60462.55,70800.47,89564.45,97634.22,109526.68,117093.96,136969.33,154703.13
2028-08-07,122556.19,138014.52,143137.81,230129.07,82999.47,7,60518.15,70865.57,89669.71,97740.94,109656.95,117184.01,137120.21,154873.55
2028-08-08,122822.17,138261.26,143359.53,230776.51,83063.27,7,60574.61,70931.68,89776.56,97849.95,109789.68,117275.94,137271.86,155044.83
2028-08-09,123092.24,138521.39,143560.22,231469.21,83127.11,7,60627.49,70993.60,89879.77,97957.76,109917.73,117366.02,137412.85,155204.07
2028-08-10,123387.80,138788.95,143779.64,232187.26,83191.00,7,60681.08,71056.36,89983.28,98069.04,110045.84,117457.13,137552.00,155361.24
2028-08-11,123662.77,139033.12,143972.61,232827.30,83254.92,7,60724.47,71107.16,90074.09,98168.00,110158.91,117541.53,137673.94,155498.96
2028-08-12,123925.17,139266.49,144147.14,233431.38,83318.89,7,60762.10,71151.23,90158.03,98259.49,110263.86,117622.38,137784.89,155624.28
2028-08-13,124251.35,139523.01,144325.81,234113.63,83382.89,7,60796.59,71191.63,90238.36,98347.04,110364.91,117701.83,137884.69,155737.01
2028-08-14,124560.63,139800.22,144544.74,234865.97,83446.94,7,60835.88,71237.63,90323.45,98439.77,110471.53,117785.77,137996.05,155862.79
2028-08-15,124863.82,140077.74,144788.18,235620.00,83511.02,7,60880.63,71290.03,90415.57,98540.16,110587.48,117874.98,138124.17,156007.49
2028-08-16,125147.16,140366.36,145022.13,236412.08,83575.15,7,60929.27,71346.99,90510.66,98643.81,110709.82,117968.09,138263.24,156164.57
2028-08-17,125426.95,140675.07,145262.96,237272.78,83639.31,7,60986.00,71413.42,90615.12,98757.66,110843.87,118067.53,138421.76,156343.61
2028-08-18,125643.88,140920.11,145499.48,237918.71,83703.52,7,61047.13,71485.00,90725.91,98878.40,110985.68,118170.31,138593.26,156537.32
2028-08-19,125853.49,141143.11,145733.52,238490.30,83767.77,7,61107.94,71556.21,90837.17,98999.65,111128.30,118273.59,138765.59,156731.96
2028-08-20,126065.98,141369.85,145933.16,239074.80,83832.05,7,61170.45,71629.41,90950.23,99122.87,111272.83,118378.36,138941.57,156930.72
2028-08-21,126295.52,141617.76,146153.47,239731.34,83896.38,7,61241.96,71713.15,91075.08,99258.94,111430.98,118497.05,139138.31,157152.93
2028-08-22,126757.38,141954.46,146428.21,240690.06,83960.75,7,61316.54,71800.48,91203.71,99399.14,111594.50,118621.87,139345.50,157386.95
2028-08-23,127187.98,142304.32,146698.90,241694.75,84025.15,7,61394.75,71892.06,91336.91,99544.30,111764.91,118756.12,139565.13,157635.02
2028-08-24,127517.43,142668.30,146980.77,242748.89,84089.60,7,61481.72,71989.31,91475.96,99695.84,111942.92,118899.45,139798.13,157898.18
2028-08-25,127986.44,143034.89,147268.15,243813.41,84154.09,7,61572.87,72085.16,91615.62,99848.05,112119.22,119048.27,140033.18,158163.66
2028-08-26,128421.85,143405.05,147558.27,244891.57,84218.62,7,61670.46,72182.31,91757.29,100002.46,112293.15,119203.18,140273.66,158435.28
2028-08-27,128905.92,143776.76,147887.79,245976.60,84283.19,7,61770.99,72280.32,91899.88,100157.85,112466.95,119360.68,140515.26,158708.16
2028-08-28,129333.59,144099.58,148218.60,246895.14,84347.80,7,61877.50,72381.94,92045.19,100315.05,112638.03,119523.97,140758.91,158983.35
2028-08-29,129804.05,144440.06,148538.74,247875.39,84412.45,7,61982.85,72479.51,92186.25,100466.90,112802.05,119687.05,140994.45,159249.39
2028-08-30,130258.31,144808.39,148858.15,248952.83,84477.14,7,62088.94,72575.21,92325.45,100616.81,112962.13,119851.88,141228.84,159514.13
2028-08-31,130559.09,145152.45,149182.08,249947.91,84541.87,7,62202.66,72673.34,92468.10,100769.12,113119.35,120024.28,141467.23,159783.39
2028-09-01,130908.66,145488.33,149504.38,250915.81,84606.65,7,62317.38,72766.31,92606.31,100915.90,113265.66,120198.34,141697.36,160043.31
2028-09-02,131169.56,145764.48,149819.30,251678.01,84671.46,7,62433.85,72858.56,92742.65,101060.00,113407.29,120374.86,141924.56,160299.92
2028-09-03,131429.77,146053.52,150135.63,252485.39,84736.31,7,62557.69,72955.52,92881.63,101203.67,113545.99,120559.58,142152.64,160557.53
2028-09-04,131717.50,146337.04,150451.52,253274.21,84801.21,7,62687.31,73054.68,93021.80,101350.13,113684.78,120749.62,142386.69,160821.89
2028-09-05,131976.45,146609.12,150755.79,254023.93,84866.14,7,62814.23,73155.74,93153.17,101488.13,113812.96,120937.66,142609.47,161073.52
2028-09-06,132251.74,146893.46,151068.10,254816.70,84931.12,7,62943.82,73257.35,93283.30,101627.51,113940.65,121127.38,142832.45,161325.37
2028-09-07,132505.11,147179.59,151387.83,255616.35,84996.13,7,63075.69,73365.60,93412.40,101769.25,114064.10,121319.40,143056.99,161578.98
2028-09-08,132731.14,147436.76,151699.04,256315.59,85061.19,7,63205.36,73481.63,93539.01,101909.32,114181.70,121512.63,143278.05,161828.66
2028-09-09,132953.33,147685.11,152003.16,256984.43,85126.29,7,63329.01,73602.53,93659.75,102044.40,114294.10,121703.88,143493.29,162071.76
2028-09-10,133181.83,147934.54,152308.91,257657.36,85191.43,7,63454.29,73741.06,93780.71,102186.69,114410.56,121906.44,143709.63,162316.11
2028-09-11,133418.63,148193.37,152624.84,258363.44,85256.61,7,63584.31,73891.45,93905.83,102334.54,114527.51,122116.31,143935.16,162570.84
2028-09-12,133628.24,148449.41,152945.88,259060.17,85321.83,7,63711.87,74042.66,94029.06,102481.73,114645.45,122323.75,144160.38,162825.23
2028-09-13,133845.37,148690.13,153260.28,259703.57,85387.09,7,63842.65,74205.04,94155.40,102634.24,114764.37,122538.11,144393.69,163088.74
2028-09-14,134093.95,148941.04,153565.65,260382.97,85452.39,7,63979.29,74384.99,94286.91,102795.15,114887.59,122763.72,144638.04,163364.72
2028-09-15,134391.24,149189.97,153869.25,261055.75,85517.73,7,64110.22,74566.64,94418.53,102953.46,115009.99,122985.40,144880.47,163638.55
2028-09-16,134638.76,149442.34,154176.69,261740.91,85583.11,7,64239.89,74758.44,94550.51,103114.62,115132.52,123210.83,145126.27,163916.17
2028-09-17,134969.74,149723.97,154514.60,262529.25,85648.54,7,64382.46,74988.38,94696.18,103297.50,115265.71,123465.46,145400.51,164225.92
2028-09-18,135204.54,150034.50,154856.82,263419.90,85714.00,7,64522.29,75223.16,94840.00,103483.49,115398.68,123720.71,145678.53,164539.93
2028-09-19,135515.31,150359.01,155248.61,264360.57,85779.51,7,64663.99,75470.83,94986.85,103674.79,115535.04,123982.66,145964.55,164862.98
2028-09-20,135775.38,150712.66,155675.10,265405.10,85845.06,7,64811.81,75726.93,95139.93,103875.32,115676.61,124249.15,146281.56,165221.04
2028-09-21,136108.12,151124.56,156117.07,266656.93,85910.64,7,64980.43,76037.58,95313.43,104106.66,115832.67,124555.93,146652.29,165639.77
2028-09-22,136480.73,151583.80,156630.00,268078.54,85976.27,7,65167.16,76393.36,95505.08,104363.87,115999.97,124896.36,147068.86,166110.27
2028-09-23,136947.92,152066.25,157167.34,269585.32,86041.94,7,65362.28,76765.55,95703.43,104632.68,116178.68,125249.68,147507.85,166606.10
2028-09-24,137434.48,152570.20,157727.31,271171.72,86107.65,7,65567.44,77157.49,95913.37,104916.10,116375.16,125618.71,147967.57,167125.34
2028-09-25,137922.69,153078.75,158292.48,272777.97,86173.41,7,65772.50,77546.12,96125.11,105197.08,116576.98,125984.30,148431.64,167649.50
2028-09-26,138424.73,153600.66,158834.02,274435.57,86239.20,7,65985.10,77940.33,96341.57,105488.82,116797.00,126365.09,148905.95,168196.71
2028-09-27,138932.69,154127.22,159385.71,276113.60,86305.03,7,66202.42,78337.64,96559.90,105786.89,117026.27,126754.76,149381.22,168759.94
2028-09-28,139439.99,154650.01,159939.00,277781.83,86370.91,7,66422.41,78735.77,96780.54,106087.57,117264.42,127147.52,149850.32,169326.38
2028-09-29,139940.74,155164.26,160486.84,279422.93,86436.82,7,66642.61,79123.48,96998.51,106386.38,117506.48,127537.05,150307.96,169892.74
2028-09-30,140510.05,155693.80,161057.41,281122.89,86502.78,7,66875.95,79525.99,97222.05,106703.17,117770.95,127950.00,150774.22,170494.53
2028-10-01,141037.10,156230.75,161635.77,282853.58,86568.78,7,67119.53,79935.54,97451.45,107033.28,118056.89,128380.99,151240.82,171124.71
2028-10-02,141660.43,156761.08,162225.19,284564.15,86634.82,7,67371.43,80343.19,97687.32,107374.37,118369.17,128825.69,151698.21,171784.92
2028-10-03,142121.71,157289.51,162838.60,286271.56,86700.90,7,67637.66,80766.91,97934.82,107728.87,118709.33,129296.56,152162.15,172485.03
2028-10-04,142651.73,157839.02,163475.27,288059.86,86767.02,7,67915.12,81199.28,98190.99,108089.44,119070.83,129786.79,152627.53,173212.39
2028-10-05,143214.39,158391.60,164120.23,289863.59,86833.19,7,68207.38,81646.57,98459.79,108460.46,119461.16,130303.47,153083.34,173963.19
2028-10-06,143763.21,158906.09,164746.73,291531.38,86899.39,7,68515.75,82077.28,98730.80,108823.33,119875.79,130824.23,153509.33,174721.39
2028-10-07,144428.41,159419.38,165370.32,293198.22,86965.64,7,68886.42,82533.84,99027.90,109206.27,120347.14,131364.16,153927.57,175479.97
2028-10-08,145058.06,159944.64,166009.96,294912.70,87031.93,7,69321.48,83029.77,99354.53,109616.76,120872.88,131915.26,154362.71,176252.41
2028-10-09,145708.61,160472.83,166651.88,296641.73,87098.26,7,69792.23,83541.41,99694.85,110039.17,121422.51,132463.93,154801.66,177024.46
2028-10-10,146274.57,160987.26,167279.08,298323.28,87164.63,7,70266.93,84050.42,100035.48,110459.42,121966.53,133004.73,155228.00,177778.60
2028-10-11,146913.40,161494.21,167895.45,299980.42,87231.04,7,70748.84,84566.08,100379.37,110876.82,122512.70,133533.16,155650.11,178514.59
2028-10-12,147647.07,162016.18,168516.80,301696.92,87297.49,7,71248.56,85102.01,100734.53,111302.13,123077.17,134063.77,156090.82,179253.73
2028-10-13,148328.12,162541.63,169121.23,303429.96,87363.99,7,71761.46,85651.24,101096.78,111733.95,123649.07,134589.91,156537.41,179988.22
2028-10-14,149007.62,163090.05,169744.16,305252.83,87430.52,7,72309.12,86243.66,101478.37,112189.04,124254.00,135126.54,157010.34,180734.41
2028-10-15,149708.67,163635.38,170355.77,307068.04,87497.10,7,72869.65,86848.74,101858.80,112643.76,124863.69,135654.12,157487.22,181455.01
2028-10-16,150470.23,164182.47,170959.86,308893.88,87563.72,7,73440.07,87462.24,102235.48,113094.53,125477.17,136182.95,157973.86,182151.99
2028-10-17,151161.81,164714.11,171530.09,310665.24,87630.38,7,74005.28,87844.78,102597.99,113525.50,126073.83,136689.52,158450.19,182793.34
2028-10-18,151951.08,165230.96,172082.74,312384.20,87697.08,7,74576.07,88176.33,102960.25,113953.97,126667.50,137189.94,158926.70,183400.66
2028-10-19,152548.59,165751.36,172636.96,314120.04,87763.82,7,75164.02,88514.33,103331.99,114390.79,127276.29,137703.62,159422.55,183993.05
2028-10-20,153232.57,166257.65,173162.63,315805.54,87830.61,7,75750.36,88848.41,103697.91,114822.54,127871.52,138199.66,159910.37,184538.01
2028-10-21,153779.72,166726.90,173642.47,317352.81,87897.43,7,76307.61,89168.30,104049.44,115235.94,128435.97,138659.12,160376.02,185015.58
2028-10-22,154314.65,167164.73,174086.06,318782.45,87964.30,7,76805.76,89461.67,104370.34,115615.08,128959.05,139087.72,160814.74,185448.51
2028-10-23,154784.12,167574.76,174500.73,320107.68,88031.21,7,77250.13,89734.23,104667.59,115967.32,129440.52,139509.07,161226.85,185850.60
2028-10-24,155273.83,167997.26,174924.75,321482.45,88098.16,7,77689.92,90010.82,104963.67,116324.77,129932.12,139965.09,161654.32,186256.55
2028-10-25,155751.38,168452.32,175375.13,322984.21,88165.16,7,78145.79,90295.33,105268.66,116692.44,130445.55,140445.03,162119.91,186678.05
2028-10-26,156277.67,168909.04,175823.35,324494.69,88232.19,7,78594.97,90579.44,105570.51,117054.34,130952.80,140929.54,162590.64,187090.82
2028-10-27,156823.38,169351.11,176254.99,325950.93,88299.27,7,79027.55,90855.44,105863.37,117404.56,131438.14,141405.99,163048.59,187483.79
2028-10-28,157366.20,169788.65,176679.63,327391.72,88366.39,7,79446.86,91123.95,106146.77,117745.47,131912.20,141881.57,163504.29,187865.58
2028-10-29,157887.30,170201.69,177078.41,328739.68,88433.55,7,79835.82,91373.04,106412.31,118064.91,132351.20,142342.50,163936.86,188219.34
2028-10-30,158352.74,170609.28,177469.83,330068.17,88500.75,7,80210.35,91616.81,106675.87,118373.85,132774.01,142797.22,164365.78,188562.54
2028-10-31,158849.83,171000.83,177844.53,331335.94,88567.99,7,80566.12,91853.08,106936.42,118670.71,133175.74,143229.28,164779.39,188888.00
2028-11-01,159349.02,171397.23,178221.21,332623.96,88635.28,7,80929.43,92092.77,107205.75,118973.81,133575.89,143659.64,165200.45,189210.67
2028-11-02,159972.43,171808.50,178605.33,333971.44,88702.60,7,81288.27,92336.32,107473.07,119273.14,133973.89,144087.69,165634.30,189536.13
2028-11-03,160595.29,172226.04,178985.24,335345.03,88769.97,7,81639.73,92584.42,107735.70,119567.76,134361.36,144504.41,166070.55,189851.64
2028-11-04,161189.66,172629.24,179361.08,336664.27,88837.38,7,81983.92,92830.23,107994.93,119857.13,134740.11,144911.75,166505.54,190160.82
2028-11-05,161757.13,173042.80,179740.71,338025.60,88904.83,7,82334.34,93080.50,108256.52,120151.89,135119.77,145320.07,166947.61,190471.07
2028-11-06,162278.76,173455.44,180114.85,339384.98,88972.33,7,82672.04,93328.28,108510.32,120437.63,135486.98,145715.00,167388.74,190772.02
2028-11-07,162855.99,173872.91,180492.06,340764.99,89039.86,7,83017.22,93579.97,108762.94,120721.23,135852.38,146107.98,167839.94,191070.06
2028-11-08,163391.71,174278.32,180849.65,342099.18,89107.44,7,83346.74,93820.98,109003.21,120983.67,136186.51,146468.59,168272.94,191347.58
2028-11-09,163965.31,174650.18,181179.10,343302.69,89175.06,7,83650.77,94048.70,109230.73,121231.35,136495.47,146800.86,168667.74,191606.29
2028-11-10,164431.50,175027.35,181514.07,344528.21,89242.73,7,83970.22,94280.86,109460.91,121482.98,136804.54,147138.93,169067.69,191871.08
2028-11-11,164827.38,175417.44,181860.39,345806.09,89310.43,7,84307.58,94521.53,109698.77,121745.13,137123.29,147489.83,169482.02,192144.75
2028-11-12,165289.92,175818.16,182215.82,347127.32,89378.18,7,84660.11,94769.33,109942.02,122015.14,137446.92,147849.68,169908.35,192425.20
2028-11-13,165799.51,176234.07,182584.75,348510.32,89445.96,7,85028.83,95026.30,110195.35,122292.44,137782.21,148222.14,170351.47,192716.47
2028-11-14,166232.04,176651.27,182955.53,349900.05,89513.79,7,85389.24,95276.72,110443.24,122563.51,138110.04,148593.84,170795.47,193010.71
2028-11-15,166671.07,177068.45,183331.60,351291.31,89581.67,7,85758.21,95529.09,110695.79,122839.90,138442.07,148971.10,171246.20,193309.22
2028-11-16,167114.14,177486.06,183714.75,352685.98,89649.58,7,86129.85,95778.20,110950.20,123115.22,138772.18,149350.33,171701.52,193617.26
2028-11-17,167544.67,177896.11,184085.09,354052.06,89717.54,7,86499.21,96018.62,111202.80,123389.43,139090.72,149718.86,172143.79,193913.00
2028-11-18,168112.32,178302.81,184447.26,355406.32,89785.54,7,86871.75,96247.70,111457.05,123664.32,139395.81,150079.54,172575.67,194202.79
2028-11-19,168627.02,178708.73,184813.67,356759.00,89853.58,7,87250.82,96476.47,111715.15,123943.47,139702.09,150444.73,173013.48,194495.59
2028-11-20,169261.95,179123.59,185192.68,358148.97,89921.66,7,87636.06,96704.56,111976.83,124225.13,140012.21,150815.74,173459.81,194804.76
2028-11-21,169713.82,179556.05,185593.42,359611.17,89989.79,7,88045.60,96934.47,112254.05,124520.56,140326.96,151196.79,173920.01,195142.63
2028-11-22,170120.87,179981.90,185992.52,361048.67,90057.95,7,88445.45,97158.27,112530.92,124815.07,140633.62,151569.11,174369.16,195487.22
2028-11-23,170503.37,180385.71,186373.28,362399.01,90126.16,7,88814.94,97367.88,112794.58,125096.84,140922.76,151919.48,174792.94,195819.81
2028-11-24,170932.24,180789.11,186755.04,363749.16,90194.41,7,89179.25,97578.99,113052.61,125373.74,141212.80,152266.90,175215.07,196155.80
2028-11-25,171298.98,181222.80,187172.13,365223.10,90262.71,7,89573.99,97797.50,113335.52,125672.91,141513.78,152632.78,175662.90,196535.46
2028-11-26,171687.42,181652.18,187588.84,366681.45,90331.05,7,89964.98,98012.65,113618.39,125969.35,141814.42,152993.44,176102.91,196921.26
2028-11-27,172055.64,182071.60,187991.70,368101.15,90399.42,7,90332.09,98215.55,113890.06,126250.98,142108.11,153336.96,176521.97,197299.44
2028-11-28,172464.47,182464.19,188378.66,369413.45,90467.85,7,90569.54,98405.21,114146.79,126516.51,142386.06,153662.62,176918.86,197667.22
2028-11-29,172861.11,182845.20,188756.09,370679.99,90536.31,7,90772.76,98593.27,114402.88,126781.31,142665.79,153979.57,177302.32,198028.90
2028-11-30,173260.57,183231.23,189141.63,371968.09,90604.82,7,90977.64,98783.54,114661.09,127048.52,142950.91,154300.14,177687.99,198403.78
2028-12-01,173554.41,183611.56,189524.35,373234.21,90673.36,7,91177.11,98972.42,114912.48,127309.13,143229.42,154613.05,178065.36,198780.55
2028-12-02,173900.78,183986.22,189904.28,374478.27,90741.95,7,91371.53,99157.65,115157.51,127563.43,143503.07,154918.99,178434.45,199159.26
2028-12-03,174232.51,184336.92,190270.45,375625.44,90810.59,7,91555.20,99336.41,115389.00,127804.44,143770.63,155207.93,178782.00,199530.88
2028-12-04,174607.77,184701.50,190640.00,376830.24,90879.26,7,91737.15,99515.01,115618.31,128042.90,144035.97,155494.13,179125.95,199911.81
2028-12-05,174955.78,185069.70,191014.06,378050.81,90947.98,7,91921.45,99698.64,115850.59,128284.85,144300.77,155784.68,179472.65,200298.74
2028-12-06,175274.31,185411.19,191366.95,379162.83,91016.74,7,92094.03,99877.22,116068.10,128514.66,144552.59,156060.39,179799.45,200663.47
2028-12-07,175587.81,185751.36,191712.13,380270.12,91085.55,7,92260.43,100051.23,116277.82,128738.58,144799.07,156329.81,180119.00,201020.09
2028-12-08,175918.90,186103.53,192076.04,381427.51,91154.39,7,92438.27,100235.70,116501.96,128977.50,145060.01,156616.52,180456.15,201396.37
2028-12-09,176258.59,186457.11,192448.73,382591.47,91223.28,7,92622.26,100422.35,116733.84,129223.63,145321.74,156911.51,180801.54,201781.83
2028-12-10,176594.43,186776.04,192778.35,383613.53,91292.21,7,92782.50,100593.15,116935.80,129443.41,145567.69,157175.80,181106.45,202122.13
2028-12-11,176946.03,187112.39,193125.95,384707.95,91361.18,7,92950.84,100773.37,117147.96,129675.33,145824.44,157455.52,181428.26,202481.29
2028-12-12,177300.40,187485.29,193511.27,385953.89,91430.20,7,93138.16,100973.76,117385.24,129933.19,146093.78,157765.26,181785.51,202879.99
2028-12-13,177686.05,187894.19,193933.75,387349.63,91499.26,7,93344.05,101194.16,117647.25,130216.79,146379.30,158103.50,182177.65,203317.63
2028-12-14,178131.95,188366.99,194422.19,389011.42,91568.36,7,93584.45,101449.26,117952.95,130533.23,146710.84,158494.61,182631.74,203824.42
2028-12-15,178606.37,188876.14,194942.13,390826.22,91637.51,7,93840.65,101720.93,118279.77,130859.26,147055.08,158909.63,183115.41,204364.21
2028-12-16,179106.31,189412.85,195490.38,392758.43,91706.69,7,94109.76,102007.18,118624.42,131194.25,147411.05,159345.66,183625.66,204933.67
2028-12-17,179622.96,189967.22,196056.87,394767.47,91775.92,7,94388.34,102302.95,118980.78,131537.24,147782.23,159796.52,184153.03,205522.24
2028-12-18,180144.75,190521.00,196629.32,396777.57,91845.19,7,94668.48,102600.58,119339.02,131883.74,148153.54,160250.59,184685.99,206117.04
2028-12-19,180727.67,191111.29,197232.91,398944.01,91914.51,7,94964.51,102914.97,119718.44,132242.28,148542.45,160729.63,185248.18,206744.46
2028-12-20,181297.95,191715.16,197848.85,401171.66,91983.87,7,95266.01,103235.66,120105.65,132603.05,148939.20,161217.68,185821.95,207384.82
2028-12-21,181984.86,192317.82,198463.43,403398.65,92053.27,7,95566.16,103555.63,120491.50,132964.64,149336.49,161704.84,186394.43,208023.72
2028-12-22,182703.89,192920.41,199082.69,405629.78,92122.71,7,95868.62,103878.41,120880.64,133331.83,149733.88,162195.95,186971.29,208667.52
2028-12-23,183424.52,193524.77,199698.81,407872.77,92192.20,7,96168.54,104198.84,121266.43,133696.96,150128.95,162683.89,187545.18,209308.01
2028-12-24,184150.62,194133.70,200319.54,410139.56,92261.73,7,96471.87,104522.57,121657.23,134067.85,150526.92,163175.83,188123.38,209953.30
2028-12-25,184976.16,194745.61,200943.23,412423.55,92331.30,7,96777.27,104847.90,122050.46,134442.29,150927.71,163671.35,188704.35,210601.69
2028-12-26,185736.19,195359.06,201568.38,414718.61,92400.91,7,97084.79,105173.99,122446.67,134814.09,151332.99,164168.08,189286.68,211251.59
2028-12-27,186479.10,195944.11,202172.48,416897.08,92470.57,7,97381.48,105488.66,122828.27,135170.98,151730.96,164648.35,189849.21,211879.40
2028-12-28,187141.34,196521.36,202760.07,419046.15,92540.27,7,97671.09,105794.70,123199.04,135517.14,152132.20,165118.07,190396.24,212489.91
2028-12-29,187768.52,197060.19,203307.93,421034.41,92610.02,7,97938.47,106079.64,123542.39,135848.13,152497.98,165555.71,190905.93,213058.75
2028-12-30,188384.25,197585.50,203841.71,422967.74,92679.81,7,98195.58,106354.17,123872.31,136177.70,152852.67,165981.96,191402.41,213612.83
2028-12-31,188968.84,198076.40,204339.90,424756.03,92749.64,7,98435.17,106610.36,124178.74,136492.35,153192.43,166381.44,191865.44,214129.60
2029-01-01,189554.66,198567.29,204837.97,426546.65,92819.51,7,98674.33,106867.15,124485.89,136812.30,153522.67,166780.30,192328.36,214646.23
2029-01-02,190081.81,199075.61,205353.91,428414.84,92889.42,7,98922.12,107133.93,124804.80,137144.73,153860.01,167193.69,192808.04,215181.58
2029-01-03,190509.94,199556.36,205853.05,430166.39,92959.38,7,99161.15,107391.65,125111.96,137475.33,154190.03,167593.67,193271.94,215699.30
2029-01-04,191010.09,200033.26,206348.03,431903.42,93029.39,7,99398.48,107647.47,125416.61,137809.96,154521.05,167990.73,193731.92,216212.66
2029-01-05,191477.43,200521.00,206851.60,433689.62,93099.43,7,99641.78,107908.31,125727.90,138149.65,154866.52,168396.12,194199.96,216735.01
2029-01-06,191910.12,201002.05,207348.27,435449.01,93169.52,7,99882.23,108165.21,126035.50,138482.86,155207.98,168795.91,194661.52,217250.13
2029-01-07,192363.27,201477.48,207839.15,437186.13,93239.65,7,100119.25,108418.59,126339.17,138810.51,155543.71,169189.92,195117.62,217759.16
2029-01-08,192757.73,201961.75,208331.24,438963.85,93309.83,7,100355.80,108672.68,126641.97,139137.35,155883.96,169585.82,195574.85,218269.44
2029-01-09,193172.49,202459.60,208845.22,440803.06,93380.04,7,100602.65,108938.25,126958.74,139478.31,156233.67,169998.01,196052.62,218802.66
2029-01-10,193621.01,202930.72,209331.64,442527.69,93450.31,7,100832.15,109188.25,127253.26,139801.87,156559.70,170386.64,196504.51,219306.99
2029-01-11,194047.09,203404.43,209820.73,444265.74,93520.61,7,101063.18,109440.03,127549.91,140127.77,156886.67,170777.66,196958.91,219814.11
2029-01-12,194452.86,203867.94,210299.30,445961.02,93590.96,7,101288.10,109686.48,127839.37,140445.77,157204.16,171159.01,197403.41,220310.19
2029-01-13,194849.92,204322.05,210768.17,447616.87,93661.35,7,101507.57,109927.30,128121.44,140755.66,157517.81,171532.00,197838.80,220796.11
2029-01-14,195235.42,204763.45,211223.93,449218.57,93731.78,7,101723.82,110164.51,128398.79,141060.36,157831.80,171896.21,198261.88,221268.28
2029-01-15,195644.97,205220.84,211696.69,450892.27,93802.26,7,101950.02,110411.30,128688.54,141378.68,158160.78,172275.58,198700.90,221758.25
2029-01-16,196056.05,205687.91,212179.24,452610.48,93872.78,7,102181.05,110662.89,128984.11,141703.41,158499.74,172663.02,199149.11,222258.46
2029-01-17,196448.50,206154.43,212660.50,454328.14,93943.35,7,102411.18,110913.35,129277.89,142026.15,158842.80,173050.03,199596.10,222757.33
2029-01-18,196835.27,206613.55,213134.55,456014.93,94013.96,7,102637.77,111159.70,129566.17,142342.86,159187.72,173432.18,200036.31,223248.62
2029-01-19,197232.84,207056.82,213592.24,457633.24,94084.61,7,102854.25,111396.10,129841.60,142645.45,159518.54,173800.05,200461.17,223722.77
2029-01-20,197683.40,207489.63,214039.14,459206.71,94155.30,7,103064.00,111626.40,130109.03,142939.25,159836.39,174158.17,200875.89,224185.62
2029-01-21,197991.76,207999.23,214560.02,461122.95,94226.04,7,103311.45,111895.39,130425.20,143286.60,160190.19,174574.63,201360.02,224725.93
2029-01-22,198515.85,208492.48,215069.27,462968.87,94296.82,7,103552.63,112158.32,130732.94,143624.68,160536.79,174982.04,201833.24,225254.06
2029-01-23,199033.48,208978.10,215570.64,464782.93,94367.65,7,103788.16,112415.54,131033.07,143954.42,160876.09,175380.81,202299.05,225773.93
2029-01-24,199459.40,209426.49,216033.61,466432.81,94438.52,7,104004.46,112652.41,131308.04,144256.50,161195.34,175749.25,202728.82,226253.57
2029-01-25,199840.53,209874.48,216496.19,468082.49,94509.43,7,104220.78,112888.91,131582.75,144558.30,161516.39,176117.94,203158.21,226732.78
2029-01-26,200183.47,210305.04,216940.77,469655.75,94580.38,7,104428.96,113116.17,131845.85,144847.34,161830.69,176473.57,203570.71,227193.15
2029-01-27,200512.13,210720.18,217369.56,471161.19,94651.38,7,104628.43,113334.13,132097.64,145125.69,162137.18,176816.42,203968.38,227636.97
2029-01-28,200828.70,211107.62,217769.83,472543.46,94722.43,7,104816.29,113539.15,132333.35,145394.48,162435.53,177139.71,204339.28,228050.91
2029-01-29,201148.10,211497.94,218172.90,473939.66,94793.51,7,105005.10,113745.34,132570.73,145662.54,162731.47,177464.41,204712.82,228467.79
2029-01-30,201449.62,211869.11,218556.22,475250.56,94864.64,7,105183.22,113940.84,132794.31,145919.77,163014.20,177772.92,205067.81,228863.97
2029-01-31,201732.08,212204.30,218902.72,476400.20,94935.82,7,105342.05,114116.21,132992.35,146157.04,163276.76,178051.22,205388.26,229221.61
2029-02-01,202010.10,212534.79,219244.07,477529.10,95007.04,7,105497.28,114287.56,133185.77,146388.00,163529.13,178324.56,205703.87,229573.84
2029-02-02,202312.41,212852.94,219570.13,478602.82,95078.30,7,105644.65,114451.07,133370.52,146613.55,163767.24,178584.06,206005.14,229910.07
2029-02-03,202586.54,213161.56,219886.59,479633.81,95149.60,7,105787.87,114610.07,133549.46,146838.15,164001.31,178836.32,206297.39,230236.24
2029-02-04,202821.53,213459.77,220195.13,480618.04,95220.95,7,105923.73,114760.97,133718.86,147060.40,164227.37,179078.40,206582.22,230554.11
2029-02-05,203027.12,213683.31,220426.70,481265.17,95292.34,7,106020.06,114871.38,133836.03,147231.21,164421.30,179260.83,206794.82,230791.39
2029-02-06,203195.57,213910.95,220662.52,481930.61,95363.78,7,106120.61,114985.11,133958.79,147412.05,164618.02,179447.37,207011.43,231033.14
2029-02-07,203404.31,214126.82,220886.26,482542.78,95435.26,7,106215.71,115093.19,134074.54,147594.37,164808.32,179626.00,207216.71,231262.23
2029-02-08,203633.05,214363.68,221131.71,483249.73,95506.78,7,106321.64,115212.80,134204.48,147792.11,165008.19,179821.89,207442.35,231514.06
2029-02-09,203799.71,214600.55,221377.20,483956.53,95578.35,7,106429.93,115334.13,134336.48,147994.77,165216.46,180019.63,207668.03,231765.93
2029-02-10,204068.17,214851.74,221637.51,484728.08,95649.96,7,106544.13,115462.53,134477.32,148209.18,165428.57,180227.03,207907.63,232033.33
2029-02-11,204334.13,215120.21,221915.70,485577.77,95721.62,7,106667.51,115600.71,134630.19,148436.46,165645.73,180448.23,208163.99,232319.44
2029-02-12,204589.30,215404.23,222209.97,486497.89,95793.32,7,106796.25,115745.16,134790.73,148665.05,165865.00,180679.65,208435.44,232622.38
2029-02-13,204851.59,215674.73,222490.35,487356.92,95865.06,7,106916.35,115880.77,134939.79,148884.44,166076.42,180899.11,208693.86,232910.79
2029-02-14,205100.73,215940.81,222765.69,488195.85,95936.85,7,107032.99,116012.40,135084.77,149095.34,166284.36,181112.04,208947.55,233193.92
2029-02-15,205307.88,216207.70,223042.12,489038.49,96008.68,7,107151.08,116144.57,135230.83,149300.48,166499.80,181327.02,209202.27,233478.19
2029-02-16,205534.78,216449.37,223292.78,489766.68,96080.56,7,107256.67,116264.02,135360.60,149490.35,166707.43,181521.26,209432.82,233735.50
2029-02-17,205752.46,216680.86,223533.10,490448.60,96152.47,7,107356.61,116377.66,135482.45,149668.31,166908.75,181707.51,209653.66,233981.97
2029-02-18,205936.33,216904.25,223765.11,491093.58,96224.44,7,107451.71,116485.90,135598.17,149835.12,167107.14,181886.67,209866.73,234219.76
2029-02-19,206127.24,217127.39,223996.91,491737.28,96296.45,7,107550.12,116597.59,135718.64,149999.09,167307.95,182068.60,210079.59,234457.33
2029-02-20,206490.39,217343.41,224221.41,492348.49,96368.50,7,107645.91,116706.41,135836.25,150154.70,167504.93,182244.15,210285.62,234687.25
2029-02-21,206626.52,217550.85,224437.10,492920.58,96440.59,7,107736.03,116809.99,135946.54,150299.48,167706.66,182412.11,210483.39,234907.97
2029-02-22,206763.53,217758.59,224653.15,493493.82,96512.73,7,107827.78,116914.41,136058.91,150437.99,167914.53,182580.57,210681.49,235129.07
2029-02-23,206902.33,217945.85,224848.12,493973.76,96584.92,7,107908.72,117010.10,136157.36,150562.15,168113.69,182731.66,210859.84,235328.11
2029-02-24,207091.48,218124.56,225035.92,494414.70,96657.14,7,107983.59,117102.68,136249.58,150677.24,168296.23,182874.12,211031.46,235519.64
2029-02-25,207276.95,218287.60,225205.99,494784.05,96729.42,7,108050.24,117188.98,136330.90,150779.02,168472.57,183003.10,211186.46,235692.63
2029-02-26,207440.83,218453.68,225379.12,495167.11,96801.73,7,108119.87,117275.81,136415.46,150882.51,168655.94,183136.42,211344.34,235868.83
2029-02-27,207584.13,218612.78,225545.06,495518.19,96874.09,7,108185.66,117361.78,136495.48,150980.75,168834.58,183262.83,211495.47,236037.50
2029-02-28,207684.96,218762.17,225701.19,495824.86,96946.50,7,108249.78,117447.19,136572.88,151075.19,169011.59,183383.12,211637.41,236195.92
2029-03-01,207780.75,218905.11,225850.71,496102.05,97018.95,7,108310.61,117533.82,136646.09,151165.80,169181.54,183498.71,211773.17,236347.43
2029-03-02,207908.83,219042.56,225994.29,496354.03,97091.44,7,108368.31,117621.85,136716.40,151253.22,169339.69,183608.76,211903.36,236492.73
2029-03-03,208032.75,219177.10,226135.24,496592.60,97163.98,7,108425.03,117712.59,136785.52,151339.05,169493.24,183716.84,212031.10,236635.28
2029-03-04,208152.60,219312.39,226276.58,496834.34,97236.56,7,108485.26,117808.55,136858.50,151428.75,169653.78,183827.92,212159.21,236778.26
2029-03-05,208232.46,219447.46,226417.72,497074.91,97309.19,7,108546.77,117908.33,136933.05,151519.79,169813.88,183939.36,212287.12,236921.02
2029-03-06,208407.86,219579.04,226555.24,497299.40,97381.86,7,108611.12,118010.98,137010.21,151612.95,169979.29,184052.58,212411.66,237060.01
2029-03-07,208531.99,219712.47,226694.66,497532.08,97454.57,7,108675.74,118113.84,137088.04,151706.78,170141.93,184166.79,212537.98,237200.99
2029-03-08,208677.98,219855.45,226843.94,497807.92,97527.33,7,108745.73,118221.82,137172.31,151807.10,170303.40,184289.44,212673.56,237352.30
2029-03-09,208858.45,220009.53,227004.67,498133.93,97600.14,7,108812.87,118326.36,137252.82,151903.91,170456.54,184408.01,212819.88,237515.59
2029-03-10,209034.67,220157.55,227159.13,498432.17,97672.99,7,108880.71,118428.39,137335.62,152000.19,170610.79,184525.38,212960.33,237672.34
2029-03-11,209204.14,220297.34,227305.11,498692.87,97745.88,7,108944.21,118522.83,137418.58,152090.79,170761.57,184636.59,213092.83,237820.21
2029-03-12,209341.31,220442.68,227456.82,498978.56,97818.82,7,109011.48,118618.12,137507.29,152185.93,170912.79,184753.18,213230.70,237974.09
2029-03-13,209452.04,220566.04,227585.84,499164.23,97891.80,7,109068.29,118704.38,137586.08,152267.28,171049.55,184851.10,213347.31,238104.23
2029-03-14,209617.38,220705.23,227731.19,499421.56,97964.83,7,109133.43,118795.97,137674.43,152359.90,171192.19,184962.58,213479.25,238251.48
2029-03-15,209746.47,220844.90,227877.03,499680.82,98037.90,7,109195.94,118882.98,137763.84,152450.40,171331.00,185071.29,213611.64,238399.23
2029-03-16,209900.26,220991.56,228030.09,499971.66,98111.01,7,109261.83,118968.68,137860.52,152544.93,171475.47,185187.87,213750.81,238554.55
2029-03-17,210115.27,221145.86,228191.03,500296.88,98184.17,7,109330.64,119052.98,137964.23,152643.15,171621.49,185311.18,213897.37,238718.11
2029-03-18,210314.18,221308.83,228360.91,500661.20,98257.38,7,109403.91,119137.69,138076.83,152747.82,171771.90,185441.83,214052.31,238891.04
2029-03-19,210527.16,221486.71,228546.16,501092.92,98330.63,7,109481.44,119225.12,138195.97,152859.34,171919.74,185582.17,214221.68,239080.06
2029-03-20,210745.00,221669.54,228736.53,501546.94,98403.92,7,109560.52,119311.24,138320.57,152973.45,172071.90,185725.61,214395.84,239274.44
2029-03-21,210980.15,221850.44,228924.91,501991.93,98477.26,7,109633.72,119390.96,138443.02,153081.69,172214.18,185862.94,214568.14,239466.72
2029-03-22,211178.36,222029.96,229111.57,502430.41,98550.65,7,109705.46,119469.07,138568.68,153188.47,172354.21,185998.50,214738.83,239657.22
2029-03-23,211349.76,222202.27,229290.71,502836.05,98624.07,7,109773.03,119542.66,138693.84,153290.39,172485.71,186127.34,214902.49,239839.87
2029-03-24,211386.27,222366.68,229461.62,503205.52,98697.55,7,109845.22,119621.27,138827.70,153398.28,172620.19,186263.00,215058.43,240013.91
2029-03-25,211568.74,222555.11,229657.24,503683.76,98771.07,7,109924.81,119707.95,138968.21,153516.91,172755.82,186412.82,215237.54,240213.80
2029-03-26,211718.70,222774.95,229883.53,504304.40,98844.63,7,110020.48,119812.13,139118.37,153656.03,172903.56,186586.07,215445.40,240445.78
2029-03-27,211906.87,222995.01,230111.63,504925.85,98918.24,7,110117.89,119918.22,139269.17,153797.06,173054.61,186761.81,215654.95,240679.65
2029-03-28,212147.60,223246.10,230371.68,505688.10,98991.89,7,110230.26,120040.59,139429.38,153957.08,173218.28,186960.59,215894.45,240946.95
2029-03-29,212397.58,223482.74,230616.75,506384.61,99065.59,7,110335.37,120155.05,139584.43,154107.16,173376.20,187147.87,216119.92,241198.57
2029-03-30,212630.70,223717.47,230859.76,507072.29,99139.33,7,110440.00,120269.00,139738.51,154256.70,173536.78,187334.69,216343.46,241448.05
2029-03-31,212916.56,223957.98,231108.67,507786.14,99213.12,7,110548.54,120387.19,139894.11,154410.70,173700.01,187524.26,216572.53,241703.70
2029-04-01,213188.02,224201.81,231360.92,508514.94,99286.95,7,110661.68,120510.39,140051.68,154569.66,173870.93,187716.42,216804.73,241962.85
2029-04-02,213460.14,224444.93,231612.36,509240.43,99360.82,7,110774.98,120633.78,140208.20,154727.94,174042.24,187908.03,217036.17,242221.15
2029-04-03,213729.36,224683.61,231859.16,509945.57,99434.75,7,110886.71,120755.46,140362.42,154882.97,174214.07,188095.85,217263.26,242474.59
2029-04-04,214061.43,224927.05,232110.77,510672.28,99508.71,7,111001.86,120880.86,140517.66,155041.57,174386.12,188288.02,217494.88,242733.08
2029-04-05,214294.84,225173.94,232365.87,511414.52,99582.73,7,111118.38,121007.75,140673.22,155202.05,174559.33,188483.37,217729.76,242995.22
2029-04-06,214568.06,225420.27,232620.33,512154.22,99656.78,7,111234.85,121134.59,140828.23,155362.53,174734.32,188678.71,217964.04,243256.69
2029-04-07,214850.17,225674.10,232882.44,512927.93,99730.88,7,111359.98,121270.85,140986.39,155531.66,174922.70,188883.75,218205.49,243526.16
2029-04-08,215123.89,225933.47,233150.20,513726.83,99805.03,7,111490.38,121412.86,141146.56,155706.13,175121.22,189095.51,218452.24,243801.54
2029-04-09,215386.27,226182.23,233406.93,514477.27,99879.22,7,111617.10,121550.85,141303.52,155875.28,175319.69,189300.67,218688.66,244065.39
2029-04-10,215640.44,226423.88,233656.24,515195.15,99953.46,7,111740.78,121685.54,141458.27,156040.02,175518.78,189500.55,218918.13,244321.49
2029-04-11,215912.03,226672.88,233913.06,515946.44,100027.74,7,111867.21,121823.22,141614.89,156208.30,175720.29,189704.31,219154.63,244585.43
2029-04-12,216162.90,226900.82,234148.07,516601.48,100102.07,7,111980.79,121946.91,141764.42,156361.65,175907.53,189890.18,219370.71,244826.59
2029-04-13,216404.36,227134.62,234389.06,517283.17,100176.44,7,112094.82,122071.09,141914.27,156515.82,176093.83,190078.11,219592.39,245073.99
2029-04-14,216726.10,227376.94,234638.76,518003.57,100250.86,7,112213.66,122200.50,142067.01,156675.78,176279.85,190273.30,219822.23,245330.50
2029-04-15,216980.48,227627.55,234896.93,518761.70,100325.33,7,112339.22,122337.24,142223.68,156843.75,176473.78,190476.79,220060.01,245595.88
2029-04-16,217234.39,227879.61,235156.53,519526.47,100399.83,7,112463.14,122472.19,142379.78,157010.51,176665.22,190679.81,220299.14,245862.75
2029-04-17,217495.91,228141.28,235425.96,520335.03,100474.39,7,112594.34,122615.06,142539.42,157185.69,176866.17,190891.56,220547.48,246139.91
2029-04-18,217754.54,228401.67,235693.99,521137.64,100548.99,7,112724.73,122757.06,142698.46,157360.30,177065.12,191102.52,220794.50,246415.60
2029-04-19,218068.80,228654.52,235954.18,521905.76,100623.63,7,112850.40,122893.91,142854.80,157529.78,177258.54,191307.18,221034.18,246683.09
2029-04-20,218417.36,228911.99,236219.05,522694.88,100698.32,7,112977.46,123032.28,143011.68,157701.05,177452.61,191515.79,221278.25,246955.48
2029-04-21,218836.15,229190.82,236506.18,523581.75,100773.06,7,113121.84,123189.51,143175.45,157890.86,177682.26,191748.82,221543.18,247251.14
2029-04-22,219262.10,229479.00,236802.96,524511.48,100847.84,7,113266.90,123347.49,143340.55,158083.02,177909.55,191986.20,221817.14,247556.90
2029-04-23,219833.15,229778.42,237111.35,525492.88,100922.66,7,113416.94,123510.88,143508.55,158281.97,178139.55,192231.10,222101.98,247874.79
2029-04-24,220268.34,230094.77,237437.20,526551.99,100997.53,7,113574.30,123682.25,143681.14,158490.81,178373.69,192487.18,222403.16,248210.93
2029-04-25,220751.85,230407.81,237759.64,527596.11,101072.45,7,113726.51,123847.99,143850.42,158693.39,178602.94,192736.77,222701.17,248543.51
2029-04-26,221199.40,230711.54,238072.47,528597.63,101147.41,7,113871.61,124006.02,144015.86,158887.96,178823.75,192976.89,222990.17,248866.04
2029-04-27,221675.72,231012.76,238382.70,529587.67,101222.42,7,114016.66,124163.97,144181.06,159082.16,179045.44,193216.52,223276.73,249185.87
2029-04-28,222133.74,231319.90,238699.05,530605.10,101297.47,7,114170.67,124331.68,144350.70,159286.38,179279.37,193465.33,223569.03,249512.08
2029-04-29,222652.65,231639.88,239028.65,531681.75,101372.57,7,114331.43,124506.75,144524.32,159498.65,179521.03,193723.59,223873.74,249852.15
2029-04-30,223108.70,231974.28,239373.14,532825.01,101447.72,7,114497.25,124687.33,144703.12,159718.70,179767.16,193992.14,224192.39,250207.77
2029-05-01,223544.51,232365.52,239776.27,534230.59,101522.91,7,114693.62,124894.99,144922.03,159978.91,180039.51,194308.36,224565.96,250624.69
2029-05-02,224028.12,232774.14,240197.33,535717.14,101598.14,7,114899.52,125104.89,145157.01,160251.83,180325.46,194645.13,224956.33,251060.36
2029-05-03,224575.00,233236.49,240673.84,537452.78,101673.42,7,115152.04,125337.78,145445.75,160576.85,180669.56,195050.89,225398.61,251553.97
2029-05-04,225164.54,233717.79,241169.90,539277.51,101748.75,7,115411.86,125577.89,145741.40,160911.79,181018.82,195471.72,225859.21,252068.01
2029-05-05,225801.51,234217.19,241684.64,541187.83,101824.12,7,115682.46,125825.23,146050.27,161260.34,181376.63,195906.04,226337.29,252601.58
2029-05-06,226438.25,234716.04,242198.80,543097.38,101899.54,7,115946.14,126062.83,146361.81,161603.40,181705.38,196331.38,226814.83,253134.52
2029-05-07,227055.92,235206.57,242704.39,544970.21,101975.00,7,116207.37,126297.39,146672.85,161942.99,182033.08,196751.05,227284.33,253658.50
2029-05-08,227617.20,235677.05,243189.28,546751.45,102050.51,7,116454.70,126521.52,146971.48,162265.91,182345.81,197152.05,227734.44,254160.85
2029-05-09,228167.06,236133.84,243660.10,548470.40,102126.07,7,116692.97,126738.10,147263.32,162577.94,182650.60,197541.28,228171.32,254648.43
2029-05-10,228656.04,236584.45,244124.62,550161.88,102201.67,7,116929.47,126954.95,147553.23,162888.68,182951.96,197928.45,228602.23,255129.33
2029-05-11,229195.99,237044.49,244598.97,551898.71,102277.31,7,117172.10,127178.15,147848.67,163207.58,183259.25,198325.84,229042.24,255620.41
2029-05-12,229746.34,237514.96,245084.15,553685.55,102353.01,7,117418.04,127405.98,148146.66,163530.99,183568.07,198730.82,229492.33,256122.72
2029-05-13,230293.04,237983.93,245567.86,555466.86,102428.75,7,117660.19,127629.95,148444.34,163850.58,183869.88,199132.41,229940.96,256623.41
2029-05-14,230796.85,238453.95,246052.74,557254.57,102504.53,7,117902.44,127852.41,148747.52,164172.18,184168.38,199535.44,230390.59,257125.22
2029-05-15,231321.66,238903.68,246516.77,558948.53,102580.36,7,118133.50,128064.22,149043.34,164480.41,184452.02,199922.23,230820.62,257605.15
2029-05-16,231773.62,239298.54,246924.26,560385.95,102656.24,7,118337.91,128252.61,149303.13,164752.74,184713.51,200265.51,231197.63,258025.91
2029-05-17,232184.10,239664.37,247301.90,561687.69,102732.16,7,118522.78,128432.13,149538.27,165001.20,184948.62,200576.36,231546.60,258415.38
2029-05-18,232540.15,239987.20,247635.23,562787.63,102808.12,7,118666.37,128593.91,149726.68,165205.40,185128.98,200827.03,231854.02,258758.47
2029-05-19,232840.97,240306.05,247964.55,563868.93,102884.14,7,118810.90,128756.76,149915.60,165410.15,185314.96,201075.73,232157.60,259097.27
2029-05-20,233097.41,240602.76,248271.10,564846.16,102960.20,7,118943.41,128915.17,150088.16,165600.31,185492.19,201307.25,232439.78,259412.20
2029-05-21,233350.45,240886.59,248564.45,565762.80,103036.30,7,119069.42,129071.42,150251.74,165782.18,185664.91,201530.03,232709.53,259713.25
2029-05-22,233592.10,241165.96,248853.28,566658.29,103112.46,7,119190.59,129226.13,150409.77,165959.13,185829.95,201747.92,232974.97,260009.49
2029-05-23,233840.91,241454.88,249152.04,567598.81,103188.65,7,119317.19,129384.19,150574.97,166143.30,186001.18,201974.94,233249.63,260316.02
2029-05-24,234068.41,241734.26,249441.05,568494.29,103264.90,7,119441.37,129541.68,150736.75,166323.93,186171.23,202197.03,233515.08,260612.28
2029-05-25,234313.60,242024.17,249741.01,569439.44,103341.19,7,119571.57,129703.24,150905.50,166512.79,186347.87,202429.55,233790.71,260919.90
2029-05-26,234549.25,242311.01,250037.88,570370.10,103417.52,7,119699.62,129864.42,151071.37,166698.19,186522.45,202658.58,234063.38,261224.20
2029-05-27,234754.23,242591.80,250328.60,571272.13,103493.90,7,119825.87,130025.69,151234.60,166881.78,186698.47,202883.79,234330.19,261521.98
2029-05-28,234964.35,242879.38,250626.40,572206.15,103570.33,7,119955.54,130189.54,151402.23,167070.55,186878.96,203115.22,234603.57,261827.07
2029-05-29,235170.00,243155.72,250912.70,573087.06,103646.81,7,120082.78,130350.78,151565.43,167253.80,187062.93,203339.57,234866.10,262120.07
2029-05-30,235392.95,243435.10,251202.21,573982.24,103723.33,7,120214.19,130513.24,151733.15,167440.24,187258.45,203567.20,235131.56,262416.33
2029-05-31,235637.23,243708.38,251485.52,574848.55,103799.89,7,120339.20,130672.93,151892.19,167619.96,187450.61,203789.32,235391.13,262706.03
2029-06-01,235858.59,243984.77,251772.12,575729.44,103876.51,7,120466.08,130834.08,152053.86,167802.04,187643.93,204014.89,235653.72,262999.08
2029-06-02,236057.86,244248.48,252045.71,576550.22,103953.17,7,120586.10,130991.45,152206.17,167975.02,187840.65,204230.46,235904.05,263278.46
2029-06-03,236221.34,244496.66,252303.38,577297.43,104029.87,7,120697.96,131145.11,152348.20,168138.11,188029.06,204433.18,236139.39,263541.12
2029-06-04,236361.98,244744.72,252561.00,578043.86,104106.62,7,120809.49,131298.22,152489.39,168300.33,188218.49,204636.14,236374.62,263803.64
2029-06-05,236512.89,244999.30,252825.42,578820.94,104183.42,7,120924.99,131453.49,152635.90,168467.49,188411.62,204843.92,236616.14,264073.18
2029-06-06,236704.21,245267.13,253103.61,579660.70,104260.27,7,121046.64,131612.24,152790.09,168642.64,188613.44,205062.57,236870.47,264357.02
2029-06-07,236922.29,245527.45,253374.14,580464.77,104337.16,7,121164.49,131769.42,152939.63,168813.00,188811.25,205274.10,237117.54,264632.77
2029-06-08,237090.66,245789.04,253646.03,581274.71,104414.10,7,121282.96,131923.17,153090.21,168984.44,189010.04,205486.45,237365.87,264909.92
2029-06-09,237292.54,246038.92,253905.86,582028.98,104491.08,7,121395.53,132071.12,153233.93,169148.03,189207.30,205688.59,237602.92,265174.47
2029-06-10,237406.68,246284.07,254160.84,582760.62,104568.11,7,121506.05,132215.64,153375.08,169310.06,189407.67,205887.80,237835.43,265433.96
2029-06-11,237517.46,246537.85,254424.75,583533.01,104645.19,7,121621.52,132361.96,153521.48,169478.05,189616.26,206094.66,238076.31,265702.79
2029-06-12,237640.88,246779.38,254676.05,584247.13,104722.31,7,121730.44,132501.92,153660.31,169638.03,189818.22,206292.14,238305.38,265958.45
2029-06-13,237760.92,247037.58,254944.58,585040.19,104799.48,7,121845.20,132650.29,153805.92,169805.67,190024.77,206499.96,238550.59,266232.11
2029-06-14,237878.88,247290.12,255207.30,585806.29,104876.69,7,121956.77,132797.15,153947.83,169970.50,190224.75,206704.56,238790.36,266499.71
2029-06-15,238015.56,247534.13,255461.24,586531.57,104953.96,7,122064.64,132935.41,154087.16,170129.63,190420.79,206902.64,239021.92,266758.14
2029-06-16,238165.42,247772.84,255709.75,587231.55,105031.27,7,122170.27,133067.37,154228.71,170286.08,190619.83,207097.22,239248.41,267010.90
2029-06-17,238343.01,248010.03,255956.71,587924.12,105108.62,7,122275.00,133194.72,154373.38,170441.28,190813.25,207290.38,239473.45,267262.06
2029-06-18,238503.11,248242.64,256198.97,588594.69,105186.02,7,122376.69,133314.12,154520.40,170592.23,191009.64,207479.77,239694.10,267508.31
2029-06-19,238668.46,248484.31,256450.60,589308.09,105263.47,7,122484.56,133436.36,154675.73,170750.95,191212.93,207677.17,239923.52,267764.36
2029-06-20,238822.74,248727.20,256703.53,590027.08,105340.97,7,122592.99,133559.19,154831.67,170910.53,191418.18,207875.68,240154.15,268021.75
2029-06-21,238976.27,248958.64,256944.67,590691.46,105418.51,7,122698.14,133678.31,154985.40,171065.82,191620.62,208081.13,240373.77,268266.85
2029-06-22,239134.48,249191.15,257186.94,591360.70,105496.10,7,122804.20,133793.97,155144.71,171222.40,191823.29,208304.07,240594.45,268513.14
2029-06-23,239312.82,249426.70,257432.37,592044.15,105573.74,7,122911.80,133911.33,155309.70,171381.32,192028.56,208547.86,240818.09,268762.73
2029-06-24,239476.61,249657.06,257672.47,592702.74,105651.42,7,123016.21,134024.90,155475.60,171535.87,192233.92,208793.93,241036.76,269006.77
2029-06-25,239640.90,249877.45,257902.31,593313.58,105729.15,7,123115.81,134132.62,155640.51,171683.56,192431.54,209052.76,241245.82,269240.10
2029-06-26,239786.92,250075.89,258109.53,593819.73,105806.92,7,123203.79,134227.85,155797.59,171816.01,192615.23,209308.05,241433.74,269449.81
2029-06-27,239937.67,250277.01,258319.54,594338.28,105884.75,7,123293.20,134324.99,155956.86,171949.79,192801.09,209567.39,241624.26,269662.45
2029-06-28,240063.70,250456.38,258507.12,594753.03,105962.62,7,123370.16,134408.35,156104.54,172069.36,192972.23,209814.97,241793.82,269851.69
2029-06-29,240185.14,250620.53,258679.03,595095.12,106040.53,7,123435.66,134478.56,156245.07,172174.41,193131.48,210076.80,241948.73,270024.57
2029-06-30,240317.88,250793.73,258860.29,595479.90,106118.50,7,123508.28,134557.10,156394.20,172288.38,193293.61,210353.78,242112.39,270207.23
2029-07-01,240474.20,250989.21,259064.59,595970.61,106196.51,7,123596.26,134653.12,156553.10,172423.43,193467.87,210649.97,242297.62,270413.94
2029-07-02,240636.54,251188.05,259272.38,596477.05,106274.56,7,123688.59,134753.61,156713.39,172563.01,193644.45,210960.59,242486.10,270624.30
2029-07-03,240806.66,251392.40,259485.88,597009.43,106352.67,7,123784.68,134858.40,156875.33,172707.09,193816.47,211280.92,242679.94,270840.63
2029-07-04,240961.16,251584.62,259686.89,597483.79,106430.82,7,123873.67,134955.23,157032.31,172841.95,193980.07,211603.86,242862.10,271043.93
2029-07-05,241085.29,251774.65,259885.67,597947.45,106509.02,7,123961.17,135050.09,157187.80,172975.17,194140.43,211927.15,243042.18,271244.91
2029-07-06,241216.00,251987.57,260108.10,598519.92,106587.26,7,124058.23,135156.65,157350.41,173122.41,194304.95,212255.24,243244.39,271470.58
2029-07-07,241353.00,252201.57,260331.67,599097.26,106665.55,7,124156.78,135264.85,157513.68,173271.16,194470.40,212581.30,243447.67,271697.45
2029-07-08,241536.14,252415.17,260554.83,599672.43,106743.89,7,124255.50,135373.20,157676.75,173419.59,194636.43,212890.34,243650.58,271923.90
2029-07-09,241723.33,252638.49,260788.02,600293.65,106822.28,7,124359.48,135487.43,157843.38,173575.27,194801.14,213198.06,243862.87,272160.82
2029-07-10,241945.26,252874.38,261034.19,600974.60,106900.71,7,124472.00,135611.13,158015.57,173740.91,194972.96,213500.02,244087.30,272411.30
2029-07-11,242190.22,253123.01,261293.51,601716.04,106979.19,7,124591.58,135743.16,158193.91,173915.64,195149.62,213810.50,244324.03,272675.50
2029-07-12,242415.55,253372.07,261553.26,602459.28,107057.72,7,124710.82,135874.86,158373.58,174090.76,195324.56,214118.04,244561.16,272940.15
2029-07-13,242660.72,253624.71,261816.71,603219.48,107136.29,7,124832.07,136008.73,158555.74,174269.06,195502.69,214429.63,244801.77,273208.68
2029-07-14,242925.13,253895.82,262099.23,604067.55,107214.92,7,124963.41,136153.72,158745.14,174460.19,195688.57,214731.70,245060.20,273497.10
2029-07-15,243196.36,254174.17,262389.21,604950.04,107293.59,7,125096.77,136301.41,158937.55,174654.36,195877.93,215038.81,245325.62,273793.31
2029-07-16,243461.87,254446.52,262673.01,605803.88,107372.30,7,125223.36,136441.60,159126.71,174838.06,196058.34,215341.17,245585.26,274083.08
2029-07-17,243719.98,254723.33,262961.39,606678.76,107451.07,7,125349.01,136581.10,159317.81,175022.15,196239.59,215639.10,245849.19,274377.64
2029-07-18,244002.43,255014.52,263264.63,607622.33,107529.88,7,125480.90,136727.99,159515.53,175216.04,196426.64,215943.03,246127.01,274687.70
2029-07-19,244306.88,255330.13,263593.08,608682.57,107608.73,7,125625.28,136889.08,159723.09,175426.97,196625.82,216249.53,246428.40,275024.06
2029-07-20,244603.56,255637.56,263913.08,609703.71,107687.64,7,125764.26,137044.03,159929.43,175631.11,196822.22,216550.06,246721.90,275351.62
2029-07-21,244873.67,255916.46,264203.62,610588.31,107766.59,7,125889.05,137182.20,160127.34,175815.34,197008.66,216836.29,246987.86,275648.44
2029-07-22,244930.42,256195.59,264494.41,611473.95,107845.59,7,126014.61,137320.95,160326.87,176000.10,197195.67,217114.51,247254.05,275945.52
2029-07-23,245096.67,256472.39,264782.79,612348.27,107924.64,7,126139.98,137459.07,160527.30,176184.09,197383.74,217390.79,247517.99,276240.09
2029-07-24,245353.52,256730.70,265059.62,613133.93,108003.73,7,126260.50,137591.42,160725.64,176360.54,197568.12,217666.36,247771.14,276522.62
2029-07-25,245489.66,256994.42,265342.09,613945.29,108082.88,7,126382.37,137725.69,160926.82,176539.14,197753.93,217933.42,248029.57,276811.03
2029-07-26,245535.96,257253.00,265619.31,614731.91,108162.07,7,126501.26,137856.57,161126.93,176714.10,197937.35,218192.13,248283.09,277093.97
2029-07-27,245783.71,257509.70,265886.95,615509.35,108241.30,7,126615.01,137981.44,161323.99,176881.38,198117.67,218442.60,248527.66,277366.92
2029-07-28,245944.24,257759.32,266148.57,616252.60,108320.59,7,126723.72,138100.22,161517.79,177040.75,198293.56,218690.41,248766.61,277633.60
2029-07-29,246177.37,257993.77,266400.99,616922.92,108399.92,7,126829.03,138215.66,161710.39,177195.73,198467.36,218922.76,248996.97,277890.69
2029-07-30,246149.55,258218.64,266643.58,617547.07,108479.30,7,126928.86,138324.62,161900.26,177343.59,198635.68,219144.58,249218.13,278137.52
2029-07-31,246121.76,258435.67,266878.11,618133.35,108558.73,7,127024.79,138428.75,162087.94,177486.81,198801.52,219358.69,249431.78,278375.95
2029-08-01,246084.32,258639.25,267098.79,618654.91,108638.20,7,127113.91,138524.88,162271.13,177620.63,198960.00,219565.90,249632.49,278599.95
2029-08-02,246048.38,258827.22,267303.39,619101.26,108717.72,7,127196.02,138612.75,162446.64,177743.66,199112.26,219763.66,249818.17,278807.19
2029-08-03,245996.21,258989.07,267481.07,619422.07,108797.29,7,127265.18,138685.90,162608.24,177849.05,199251.52,219949.93,249978.70,278986.34
2029-08-04,245939.73,259150.45,267658.30,619740.36,108876.91,7,127335.54,138760.56,162765.70,177955.72,199390.44,220134.17,250138.82,279165.04
2029-08-05,245890.96,259315.11,267838.95,620074.10,108956.58,7,127407.51,138837.19,162919.42,178064.47,199529.70,220319.93,250302.15,279347.32
2029-08-06,245827.19,259476.94,268016.73,620394.06,109036.29,7,127477.23,138911.37,163066.86,178170.62,199667.77,220501.27,250462.79,279526.61
2029-08-07,245762.71,259640.46,268196.29,620721.83,109116.05,7,127548.00,138986.71,163210.93,178277.97,199805.10,220686.62,250625.11,279707.76
2029-08-08,245720.64,259817.74,268390.10,621115.31,109195.86,7,127627.86,139072.19,163359.11,178396.09,199952.89,220870.40,250800.76,279903.79
2029-08-09,245668.97,259980.89,268569.36,621440.77,109275.72,7,127699.86,139148.72,163496.79,178504.58,200093.34,221051.18,250962.81,280084.65
2029-08-10,245621.53,260143.55,268748.15,621763.63,109355.62,7,127771.88,139225.32,163629.29,178613.11,200232.86,221231.47,251124.43,280265.02
2029-08-11,245578.01,260309.10,268929.98,622100.13,109435.57,7,127846.87,139305.28,163759.25,178725.21,200373.41,221414.13,251288.90,280448.58
2029-08-12,245524.13,260471.96,269109.06,622423.41,109515.57,7,127923.48,139387.31,163885.47,178839.59,200515.01,221587.87,251450.81,280629.27
2029-08-13,245492.66,260637.81,269291.27,622760.78,109595.62,7,128002.01,139471.63,164009.43,178956.45,200657.44,221764.79,251615.65,280813.25
2029-08-14,245461.66,260808.56,269478.58,623121.41,109675.71,7,128084.06,139560.05,164132.24,179077.78,200802.47,221938.58,251785.27,281002.55
2029-08-15,245427.98,260977.01,269663.56,623470.65,109755.86,7,128165.54,139647.93,164250.99,179197.87,200946.52,222109.12,251952.71,281189.42
2029-08-16,245427.65,261150.79,269854.08,623845.22,109836.05,7,128251.31,139740.98,164368.23,179323.11,201092.24,222278.31,252125.35,281382.09
2029-08-17,245428.00,261325.26,270045.37,624222.84,109916.29,7,128336.83,139833.93,164483.04,179448.38,201237.59,222447.43,252298.70,281575.55
2029-08-18,245428.92,261505.36,270242.51,624627.18,109996.57,7,128425.80,139930.72,164602.47,179578.67,201388.53,222615.52,252477.53,281775.13
2029-08-19,245437.32,261689.37,270443.74,625049.93,110076.91,7,128516.37,140029.33,164724.60,179711.91,201541.08,222783.68,252660.18,281978.98
2029-08-20,245454.83,261877.66,270649.42,625492.94,110157.29,7,128611.15,140132.13,164850.77,179849.56,201700.00,222946.09,252847.01,282187.49
2029-08-21,245681.92,262074.45,270863.94,625976.37,110237.72,7,128708.59,140238.04,164980.07,179990.62,201861.30,223104.69,253042.08,282405.20
2029-08-22,245801.55,262275.67,271083.08,626480.77,110318.20,7,128809.42,140347.41,165113.64,180136.35,202030.28,223265.85,253241.50,282627.75
2029-08-23,245801.62,262456.44,271273.40,626886.90,110398.73,7,128896.20,140436.16,165226.13,180259.08,202180.30,223413.93,253413.98,282820.26
2029-08-24,245944.16,262637.79,271464.31,627295.59,110479.30,7,128987.36,140525.51,165339.28,180382.52,202329.75,223563.51,253587.03,283013.39
2029-08-25,246153.89,262814.59,271650.51,627682.12,110559.93,7,129081.52,140611.79,165449.39,180502.64,202479.54,223706.12,253755.69,283201.61
2029-08-26,246318.95,262984.20,271837.12,628034.01,110640.60,7,129179.49,140699.20,165560.49,180623.85,202632.49,223850.91,253924.74,283390.28
2029-08-27,246399.71,263157.52,272026.29,628403.38,110721.32,7,129281.91,140788.06,165673.54,180747.19,202789.11,223999.72,254096.18,283581.61
2029-08-28,246389.61,263331.03,272209.09,628773.42,110802.09,7,129385.82,140873.91,165783.43,180867.07,202947.36,224151.18,254261.68,283766.32
2029-08-29,246622.36,263501.88,272389.13,629130.46,110882.90,7,129490.69,140956.60,165890.73,180984.14,203104.26,224302.77,254424.61,283948.16
2029-08-30,246846.55,263668.41,272564.70,629466.49,110963.77,7,129596.73,141035.55,165994.31,181097.15,203257.86,224456.82,254583.38,284125.35
2029-08-31,247058.52,263826.73,272731.78,629763.01,111044.68,7,129703.38,141107.76,166091.04,181202.67,203408.41,224608.56,254734.22,284293.69
2029-09-01,247310.51,263984.80,272898.60,630058.08,111125.64,7,129814.65,141180.66,166188.75,181309.28,203560.04,224757.45,254884.83,284461.78
2029-09-02,247557.65,264147.03,273069.71,630372.79,111206.65,7,129930.26,141257.69,166289.69,181419.40,203714.69,224909.54,255039.45,284634.34
2029-09-03,247808.48,264319.46,273251.36,630736.09,111287.70,7,130051.33,141340.47,166396.63,181536.07,203878.40,225063.17,255203.93,284817.90
2029-09-04,248054.92,264493.14,273434.29,631105.02,111368.81,7,130173.63,141422.78,166504.06,181653.27,204041.10,225214.21,255369.61,285002.81
2029-09-05,248320.42,264670.74,273621.29,631492.53,111449.96,7,130299.99,141508.64,166615.74,181775.11,204207.84,225371.85,255539.08,285191.95
2029-09-06,248604.49,264847.32,273807.21,631874.79,111531.17,7,130426.00,141593.09,166725.38,181894.73,204366.89,225527.61,255707.57,285379.99
2029-09-07,248902.13,265044.06,274013.97,632353.29,111612.42,7,130562.24,141691.98,166850.28,182030.99,204537.08,225699.65,255895.53,285589.76
2029-09-08,249195.96,265233.49,274213.18,632796.54,111693.72,7,130696.13,141785.60,166969.92,182161.52,204707.17,225884.82,256076.43,285791.66
2029-09-09,249496.21,265445.61,274435.83,633348.10,111775.06,7,130836.22,141895.60,167106.79,182310.85,204900.73,226077.36,256279.24,286018.00
2029-09-10,249800.85,265647.13,274648.05,633848.61,111856.46,7,130972.39,141997.64,167235.52,182451.29,205089.33,226265.84,256472.31,286233.47
2029-09-11,250115.98,265855.91,274867.24,634383.64,111937.90,7,131110.26,142106.10,167369.72,182597.70,205284.41,226453.41,256671.89,286456.22
2029-09-12,250419.18,266061.40,275083.04,634902.61,112019.40,7,131245.92,142210.99,167500.28,182740.13,205474.49,226636.50,256868.31,286675.43
2029-09-13,250735.19,266259.22,275291.41,635384.62,112100.94,7,131379.31,142312.90,167626.84,182878.21,205662.09,226815.79,257057.82,286886.92
2029-09-14,251053.72,266454.27,275496.93,635853.11,112182.53,7,131511.48,142413.99,167753.01,183015.86,205849.10,226990.13,257244.65,287095.44
2029-09-15,251360.85,266664.34,275717.97,636393.18,112264.17,7,131646.56,142523.74,167888.47,183163.65,206041.32,227167.85,257445.99,287320.13
2029-09-16,251652.06,266877.61,275950.66,636948.34,112345.85,7,131783.33,142638.62,168029.29,183317.28,206237.24,227349.86,257658.21,287556.98
2029-09-17,251927.02,267092.93,276185.41,637512.96,112427.59,7,131918.79,142751.43,168169.33,183470.06,206430.85,227531.73,257872.36,287795.98
2029-09-18,252227.38,267303.72,276407.20,638055.72,112509.37,7,132050.69,142857.68,168302.67,183615.54,206615.41,227713.01,258074.42,288021.49
2029-09-19,252523.99,267505.61,276622.44,638555.54,112591.21,7,132179.90,142959.53,168430.88,183755.40,206795.46,227892.56,258270.36,288240.17
2029-09-20,252812.44,267686.97,276821.91,638956.83,112673.09,7,132304.69,143052.52,168549.83,183885.17,206967.26,228067.70,258451.59,288442.43
2029-09-21,253089.33,267856.55,277009.14,639301.43,112755.02,7,132425.63,143137.33,168660.51,184005.93,207132.62,228234.25,258621.39,288631.94
2029-09-22,253321.38,268010.49,277191.58,639570.95,112837.00,7,132544.87,143219.08,168768.08,184123.29,207294.31,228396.16,258786.73,288816.46
2029-09-23,253535.36,268169.97,277379.78,639866.70,112919.03,7,132665.11,143304.57,168879.29,184244.62,207457.49,228548.11,258957.46,289007.00
2029-09-24,253734.72,268305.50,277543.23,640047.64,113001.10,7,132777.54,143372.37,168971.51,184345.22,207595.88,228698.40,259105.08,289171.75
2029-09-25,253737.95,268453.63,277719.75,640288.62,113083.23,7,132892.95,143448.20,169071.03,184453.80,207737.05,228859.25,259264.92,289350.14
2029-09-26,253905.20,268592.10,277886.30,640483.14,113165.41,7,133004.68,143514.77,169161.86,184552.89,207868.35,229025.75,259415.45,289518.14
2029-09-27,254042.01,268750.22,278073.20,640771.41,113247.63,7,133120.91,143592.47,169264.91,184665.32,208008.61,229212.41,259584.99,289707.35
2029-09-28,253990.81,268915.99,278268.05,641096.05,113329.90,7,133238.86,143673.59,169372.46,184782.65,208150.15,229404.34,259761.97,289904.87
2029-09-29,253847.07,269012.24,278460.73,641088.11,113412.22,7,133356.24,143752.83,169477.54,184897.30,208291.36,229594.87,259936.92,290100.12
2029-09-30,253700.62,269105.05,278652.37,641063.59,113494.59,7,133475.65,143837.51,169586.69,185016.38,208442.45,229784.05,260110.91,290294.29
2029-10-01,253459.11,269150.51,278833.55,640812.93,113577.01,7,133592.61,143916.59,169689.90,185128.98,208589.53,229972.66,260275.13,290477.58
2029-10-02,253215.44,269165.68,279004.99,640417.82,113659.48,7,133707.38,143990.94,169787.22,185235.15,208731.55,230166.56,260430.28,290650.73
2029-10-03,252983.85,269176.74,279172.28,640003.40,113742.00,7,133820.96,144063.93,169881.63,185338.15,208872.79,230379.64,260581.56,290819.56
2029-10-04,252759.76,269160.63,279339.39,639459.92,113824.56,7,133934.25,144137.18,169975.64,185440.72,209013.94,230610.45,260732.68,290988.21
2029-10-05,252541.87,269185.53,279500.85,639112.13,113907.18,7,134046.89,144209.53,170067.24,185541.68,209154.07,230873.10,260878.53,291150.99
2029-10-06,252312.90,269211.20,279663.21,638768.33,113989.84,7,134161.00,144285.41,170161.68,185648.12,209297.92,231138.27,261025.23,291314.71
2029-10-07,252045.73,269235.42,279824.15,638417.80,114072.55,7,134273.43,144360.01,170253.89,185756.29,209443.33,231404.95,261170.61,291476.96
2029-10-08,251778.43,269254.83,279980.19,638044.66,114155.32,7,134380.02,144432.55,170342.78,185864.87,209586.04,231666.12,261311.43,291634.13
2029-10-09,251535.75,269293.05,280135.43,637761.16,114238.13,7,134481.71,144505.58,170431.21,185976.88,209728.14,231918.76,261451.51,291790.46
2029-10-10,251287.83,269340.61,280279.47,637522.14,114320.99,7,134576.06,144572.48,170513.33,186086.03,209866.46,232161.40,261581.15,291935.14
2029-10-11,251008.79,269319.64,280416.51,636958.14,114403.90,7,134660.93,144633.37,170587.41,186192.87,209999.18,232395.74,261704.25,292072.53
2029-10-12,250702.97,269313.87,280531.66,636466.73,114486.86,7,134736.58,144683.52,170648.74,186287.49,210120.59,232608.10,261806.94,292187.13
2029-10-13,250305.46,269256.26,280637.52,635730.32,114569.86,7,134805.35,144729.26,170703.81,186378.14,210237.93,232814.62,261900.97,292292.07
2029-10-14,250008.54,269247.70,280743.84,635226.77,114652.92,7,134870.30,144776.50,170759.53,186470.67,210354.12,233019.50,261995.44,292397.50
2029-10-15,249366.79,269153.01,280836.36,634316.57,114736.03,7,134925.63,144811.82,170802.90,186553.26,210455.49,233216.87,262077.04,292488.57
2029-10-16,248787.57,269053.53,280924.41,633384.99,114819.18,7,134975.59,144845.13,170842.94,186634.24,210554.40,233408.31,262154.47,292574.99
2029-10-17,248357.19,268953.55,281012.05,632452.25,114902.39,7,135022.68,144878.93,170882.81,186717.00,210654.23,233588.82,262231.54,292661.00
2029-10-18,247863.15,268837.77,281091.67,631446.38,114985.64,7,135062.46,144907.51,170916.52,186796.34,210748.14,233740.21,262301.12,292738.66
2029-10-19,247243.71,268697.71,281165.87,630327.65,115068.95,7,135097.27,144933.68,170947.39,186874.29,210838.20,233869.25,262365.67,292810.70
2029-10-20,246421.15,268566.78,281243.96,629253.59,115152.30,7,135128.61,144961.06,170979.68,186955.00,210929.25,233962.68,262433.85,292886.80
2029-10-21,245825.68,268442.09,281328.55,628210.40,115235.70,7,135156.32,144988.02,171011.48,187032.73,211016.95,234057.29,262508.11,292969.67
2029-10-22,245228.91,268325.95,281405.38,627208.77,115319.15,7,135177.65,145010.89,171038.46,187106.05,211099.68,234141.17,262575.13,293044.47
2029-10-23,244688.11,268225.87,281481.86,626283.73,115402.66,7,135198.83,145034.38,171065.27,187178.31,211181.21,234220.22,262641.85,293118.93
2029-10-24,244126.42,268111.53,281543.42,625293.30,115486.21,7,135210.24,145056.95,171079.70,187245.45,211256.95,234282.47,262694.65,293177.86
2029-10-25,243578.48,267996.57,281604.33,624301.34,115569.81,7,135216.40,145080.64,171087.50,187310.03,211329.82,234340.24,262746.86,293236.12
2029-10-26,243020.77,267868.99,281652.00,623251.95,115653.46,7,135218.56,145107.58,171090.23,187372.30,211400.06,234379.75,262786.72,293280.61
2029-10-27,242502.65,267727.50,281685.02,622139.20,115737.16,7,135212.57,145133.11,171082.65,187431.06,211462.29,234405.53,262812.92,293309.86
2029-10-28,242138.27,267583.63,281715.53,621017.13,115820.91,7,135207.29,145161.97,171075.96,187491.27,211522.17,234426.82,262836.80,293336.50
2029-10-29,241870.84,267496.68,281735.39,620161.41,115904.70,7,135196.85,145190.80,171062.76,187550.31,211574.29,234439.26,262850.75,293352.07
2029-10-30,241621.25,267435.99,281756.09,619428.72,115988.55,7,135187.23,145221.79,171050.59,187608.63,211624.40,234452.42,262865.50,293368.53
2029-10-31,241336.89,267383.96,281771.48,618737.10,116072.45,7,135175.89,145253.09,171036.24,187665.34,211669.82,234461.16,262875.30,293379.47
2029-11-01,241057.41,267346.67,281780.67,618114.58,116156.40,7,135161.62,145282.74,171018.18,187717.99,211718.23,234464.76,262879.34,293383.97
2029-11-02,240797.38,267313.84,281790.63,617513.43,116240.39,7,135148.33,145314.97,171001.37,187770.69,211769.48,234469.01,262884.09,293389.28
2029-11-03,240532.19,267296.22,281792.49,616983.27,116324.44,7,135132.44,145348.23,170981.26,187823.02,211819.08,234466.53,262881.31,293386.18
2029-11-04,240310.31,267253.18,281791.65,616336.02,116408.54,7,135116.12,145382.81,170960.62,187874.85,211881.01,234461.81,262876.03,293380.28
2029-11-05,240139.61,267244.66,281786.04,615849.09,116492.68,7,135098.92,145417.33,170938.85,187926.71,211944.17,234453.14,262866.31,293369.43
2029-11-06,240008.35,267257.12,281781.96,615459.41,116576.88,7,135085.44,145456.85,170921.80,187979.98,212021.67,234445.75,262858.02,293360.18
2029-11-07,239854.64,267241.06,281772.09,614938.41,116661.13,7,135069.60,145496.69,170901.76,188031.48,212105.78,234433.55,262844.34,293344.92
2029-11-08,239697.44,267243.73,281778.25,614504.35,116745.42,7,135064.32,145539.77,170895.08,188087.15,212198.90,234434.70,262845.63,293346.36
2029-11-09,239481.68,267211.01,281788.24,613907.49,116829.77,7,135066.53,145584.50,170897.87,188144.95,212300.54,234439.05,262850.51,293351.80
2029-11-10,239291.70,267245.85,281807.76,613622.38,116914.16,7,135076.00,145634.52,170909.85,188209.60,212402.05,234451.34,262864.29,293367.18
2029-11-11,239109.27,267258.86,281846.69,613236.93,116998.61,7,135096.34,145689.20,170935.58,188280.26,212516.45,234479.79,262896.18,293402.78
2029-11-12,239018.92,267316.94,281901.88,613059.11,117083.10,7,135123.05,145747.26,170969.38,188355.30,212638.22,234521.78,262943.26,293455.31
2029-11-13,238896.21,267398.53,281970.63,612989.36,117167.65,7,135155.81,145807.36,171010.83,188432.97,212777.54,234575.05,263002.98,293521.97
2029-11-14,239047.54,267529.12,282035.29,613144.77,117252.24,7,135186.35,145867.51,171049.48,188510.70,212918.33,234624.92,263058.91,293584.38
2029-11-15,239153.48,267675.94,282107.92,613374.54,117336.89,7,135220.58,145929.85,171092.78,188591.26,213075.23,234681.45,263122.28,293655.11
2029-11-16,239112.71,267785.89,282183.36,613434.75,117421.58,7,135255.79,145993.15,171137.33,188673.08,213227.12,234740.31,263188.28,293728.76
2029-11-17,239093.37,267902.48,282265.73,613525.28,117506.33,7,135293.87,146058.72,171185.52,188757.81,213380.59,234804.96,263260.76,293809.65
2029-11-18,239145.70,268038.33,282357.20,613704.12,117591.12,7,135334.84,146124.69,171237.35,188843.06,213543.50,234877.17,263341.72,293900.01
2029-11-19,239365.17,268168.21,282446.70,613855.33,117675.96,7,135373.57,146189.47,171286.36,188926.78,213696.59,234947.76,263420.86,293988.34
2029-11-20,239407.38,268293.85,282536.12,613986.85,117760.86,7,135412.81,146254.29,171336.01,189010.56,213859.34,235018.28,263499.94,294076.59
2029-11-21,239481.14,268414.29,282629.59,614094.37,117845.80,7,135452.25,146319.49,171385.92,189094.81,214015.61,235092.19,263582.80,294169.06
2029-11-22,239528.51,268545.25,282726.79,614249.91,117930.80,7,135492.94,146386.55,171437.40,189181.48,214167.91,235169.21,263669.15,294265.44
2029-11-23,239627.68,268673.35,282820.94,614392.16,118015.85,7,135532.10,146453.01,171486.95,189267.37,214320.06,235243.69,263752.66,294358.63
2029-11-24,239740.71,268800.35,282913.86,614529.24,118100.94,7,135570.74,146519.41,171535.84,189353.17,214467.46,235317.16,263835.04,294450.57
2029-11-25,239873.04,268928.73,283008.18,614672.41,118186.09,7,135608.33,146582.73,171583.40,189435.02,214620.09,235391.81,263918.73,294543.97
2029-11-26,239952.56,269045.11,283089.81,614760.43,118271.28,7,135639.06,146642.90,171625.00,189512.77,214771.71,235455.90,263990.59,294624.18
2029-11-27,240077.83,269150.78,283160.12,614799.20,118356.53,7,135664.53,146698.51,171660.10,189584.64,214925.50,235510.59,264051.91,294692.61
2029-11-28,240144.67,269250.60,283224.21,614811.09,118441.82,7,135687.91,146753.09,171695.20,189655.18,215070.51,235560.12,264107.44,294754.59
2029-11-29,240255.11,269334.56,283296.10,614750.22,118527.17,7,135715.31,146808.76,171735.85,189727.12,215221.61,235616.14,264170.25,294824.69
2029-11-30,240417.98,269538.20,283364.66,615237.02,118612.57,7,135740.77,146863.14,171775.40,189797.40,215361.53,235669.40,264229.96,294891.33
2029-12-01,240578.72,269741.01,283432.14,615719.77,118698.02,7,135765.80,146917.42,171816.39,189867.55,215501.48,235721.77,264288.68,294956.86
2029-12-02,240659.67,269896.69,283495.31,615986.53,118783.51,7,135788.90,146971.14,171857.46,189936.96,215639.68,235770.57,264343.39,295017.92
2029-12-03,240707.68,269998.42,283561.07,616006.18,118869.06,7,135813.28,147027.04,171902.36,190009.22,215766.67,235821.53,264400.53,295081.68
2029-12-04,240734.41,270086.29,283637.06,615962.30,118954.66,7,135842.84,147086.05,171954.34,190085.46,215895.19,235881.00,264467.21,295156.10
2029-12-05,240686.22,270136.57,283715.05,615746.53,119040.31,7,135873.48,147145.66,172007.38,190162.50,216018.67,235942.14,264535.76,295232.61
2029-12-06,240625.85,270175.10,283801.46,615477.20,119126.01,7,135905.98,147206.60,172063.24,190241.26,216139.80,236010.31,264612.18,295317.90
2029-12-07,240551.11,270244.05,283895.41,615346.89,119211.76,7,135942.70,147268.89,172125.55,190321.76,216259.64,236084.74,264695.63,295411.03
2029-12-08,240489.36,270300.53,284000.78,615159.67,119297.56,7,135985.48,147334.72,172195.04,190406.83,216381.06,236168.67,264789.74,295516.06
2029-12-09,240464.99,270376.69,284106.14,615062.29,119383.41,7,136028.01,147400.24,172265.21,190491.52,216504.25,236252.61,264883.85,295621.09
2029-12-10,240470.56,270462.85,284219.69,615010.49,119469.31,7,136074.57,147469.58,172343.57,190581.12,216628.27,236343.37,264985.61,295734.66
2029-12-11,240480.44,270566.09,284346.73,615036.52,119555.26,7,136128.05,147541.78,172427.95,190674.43,216756.17,236445.35,265099.94,295862.26
2029-12-12,240487.21,270690.77,284482.05,615160.05,119641.27,7,136185.00,147617.63,172516.59,190772.45,216883.34,236554.22,265222.01,295998.49
2029-12-13,240440.25,270758.11,284619.89,615022.22,119727.32,7,136245.28,147694.81,172606.80,190872.20,217013.47,236665.19,265346.43,296137.35
2029-12-14,240413.64,270821.72,284754.01,614867.48,119813.42,7,136304.94,147770.94,172695.76,190970.58,217144.37,236773.08,265467.39,296272.35
2029-12-15,240395.60,270860.36,284887.26,614599.03,119899.58,7,136365.98,147847.41,172785.13,191069.41,217277.76,236880.25,265587.55,296406.45
2029-12-16,240399.16,270951.76,285033.93,614570.78,119985.78,7,136428.81,147924.12,172874.77,191168.54,217412.85,236998.58,265720.22,296554.52
2029-12-17,240404.35,271051.74,285189.67,614581.44,120072.04,7,136495.02,148002.34,172966.19,191269.63,217555.69,237124.46,265861.36,296712.04
2029-12-18,240451.55,271159.65,285342.07,614628.06,120158.34,7,136560.62,148078.01,173054.63,191367.42,217708.03,237247.57,265999.39,296866.08
2029-12-19,240515.62,271269.64,285492.38,614683.96,120244.70,7,136625.40,148152.36,173141.51,191463.50,217869.85,237368.95,266135.48,297017.96
2029-12-20,240537.80,271379.68,285638.40,614739.92,120331.11,7,136688.12,148224.75,173226.12,191557.07,218026.30,237486.78,266267.59,297165.40
2029-12-21,240546.23,271486.63,285776.80,614781.74,120417.57,7,136749.32,148295.13,173308.37,191648.01,218183.54,237598.27,266392.59,297304.90
2029-12-22,240533.52,271567.47,285912.59,614704.91,120504.08,7,136810.61,148364.64,173389.60,191737.85,218345.95,237707.59,266515.16,297441.70
2029-12-23,240470.97,271633.80,286033.13,614562.18,120590.64,7,136867.98,148430.34,173466.39,191822.76,218503.36,237804.25,266623.53,297562.65
2029-12-24,240416.04,271699.75,286153.31,614417.76,120677.25,7,136926.43,148496.39,173543.57,191908.10,218661.83,237900.61,266731.57,297683.23
2029-12-25,240313.48,271761.03,286268.62,614252.23,120763.91,7,136984.82,148559.71,173617.57,191989.94,218824.39,237992.93,266835.07,297798.74
2029-12-26,240242.73,271818.44,286379.86,614069.16,120850.62,7,137042.34,148622.09,173690.47,192070.55,218989.41,238081.88,266934.80,297910.04
2029-12-27,239560.44,271869.00,286483.93,613855.12,120937.39,7,137097.17,148681.55,173759.96,192147.40,219159.78,238164.86,267027.85,298013.88
2029-12-28,239126.43,271919.61,286588.08,613641.45,121024.20,7,137151.56,148740.54,173828.90,192223.63,219331.57,238247.92,267120.98,298117.81
2029-12-29,238627.71,271971.76,286693.88,613434.76,121111.07,7,137206.76,148800.40,173898.86,192300.99,219501.91,238332.36,267215.65,298223.47
2029-12-30,238371.74,271925.80,286802.13,612784.71,121197.99,7,137262.12,148860.45,173969.03,192378.60,219672.44,238418.85,267312.62,298331.69
2029-12-31,238174.55,271870.27,286900.36,612092.18,121284.96,7,137320.49,148923.75,174043.01,192460.40,219846.37,238497.02,267400.26,298429.50
2030-01-01,237771.21,271845.89,286989.62,611541.00,121371.97,7,137376.44,148984.41,174113.92,192538.81,220017.07,238567.73,267479.53,298517.98
2030-01-02,237407.74,271885.14,287081.96,611277.20,121459.04,7,137434.07,149046.92,174186.97,192619.59,220186.76,238641.01,267561.70,298609.68
2030-01-03,237075.02,271916.49,287165.99,610977.91,121546.17,7,137491.16,149108.83,174259.32,192699.60,220343.87,238707.39,267636.13,298692.74
2030-01-04,237042.97,271949.51,287251.80,610686.36,121633.34,7,137550.87,149173.59,174335.00,192783.28,220505.47,238775.26,267712.22,298777.67
2030-01-05,237005.92,271974.01,287328.63,610356.63,121720.56,7,137611.43,149239.26,174411.75,192868.16,220662.90,238835.67,267779.95,298853.26
2030-01-06,236744.74,271997.40,287404.31,610022.14,121807.84,7,137673.31,149306.38,174490.18,192954.89,220818.57,238895.14,267846.62,298927.67
2030-01-07,236534.42,272018.95,287491.49,609679.61,121895.16,7,137737.95,149376.47,174572.10,193045.48,220979.38,238964.16,267924.01,299014.04
2030-01-08,236499.70,272052.49,287577.94,609391.20,121982.54,7,137804.59,149448.74,174656.56,193138.88,221139.14,239032.60,268000.74,299099.67
2030-01-09,236224.15,272086.16,287664.55,609103.49,122069.97,7,137872.88,149522.81,174743.13,193234.60,221296.51,239101.16,268077.61,299185.46
2030-01-10,236105.38,272121.58,287753.02,608823.84,122157.45,7,137941.34,149597.05,174829.89,193330.55,221452.78,239171.29,268156.24,299273.22
2030-01-11,235873.83,272154.98,287839.39,608535.31,122244.98,7,138009.87,149671.38,174916.75,193426.60,221601.77,239239.68,268232.92,299358.78
2030-01-12,235659.26,272190.50,287928.03,608256.47,122332.56,7,138078.31,149745.60,175003.48,193522.51,221753.46,239309.95,268311.71,299446.72
2030-01-13,235608.73,272244.28,288014.86,608059.59,122420.19,7,138146.70,149819.77,175090.17,193618.37,221902.78,239378.74,268388.83,299532.79
2030-01-14,235566.78,272298.97,288089.89,607866.80,122507.88,7,138212.67,149891.31,175173.78,193710.82,222046.78,239437.72,268454.96,299606.60
2030-01-15,235577.77,272349.63,288165.33,607656.03,122595.62,7,138276.60,149960.64,175254.80,193800.42,222191.25,239499.81,268515.90,299684.29
2030-01-16,235544.95,272411.25,288243.45,607494.45,122683.40,7,138342.92,150032.56,175338.86,193893.38,222334.63,239566.34,268574.89,299767.53
2030-01-17,235567.54,272467.76,288319.17,607310.04,122771.24,7,138408.07,150103.23,175421.44,193984.69,222482.42,239632.62,268628.15,299850.47
2030-01-18,235525.13,272528.50,288402.27,607144.54,122859.13,7,138473.41,150174.08,175504.25,194076.27,222633.94,239706.71,268684.88,299943.18
2030-01-19,235543.76,272573.16,288475.99,606907.32,122947.07,7,138535.93,150241.89,175583.49,194163.89,222778.82,239777.39,268723.98,300031.62
2030-01-20,235570.03,272614.53,288550.30,606655.52,123035.07,7,138596.36,150307.43,175660.08,194248.59,222925.41,239850.91,268758.89,300123.62
2030-01-21,235572.78,272647.47,288617.66,606366.24,123123.11,7,138653.07,150368.92,175731.95,194328.07,223067.49,239919.80,268785.02,300209.82
2030-01-22,235590.79,272669.16,288676.68,606027.02,123211.21,7,138708.09,150428.58,175801.68,194405.17,223213.69,239983.79,268799.25,300289.88
2030-01-23,235584.54,272682.32,288730.54,605650.00,123299.36,7,138759.97,150484.86,175867.44,194477.90,223363.65,240045.72,268804.15,300367.37
2030-01-24,235621.28,272690.70,288783.14,605252.03,123387.56,7,138810.96,150540.15,175932.06,194549.35,223517.76,240108.76,268803.46,300446.27
2030-01-25,235551.72,272687.09,288824.99,604801.06,123475.81,7,138860.74,150594.14,175995.16,194619.12,223668.00,240163.97,268790.51,300515.35
2030-01-26,235915.81,272674.07,288859.88,604308.63,123564.11,7,138908.80,150646.25,176056.06,194686.47,223814.02,240215.13,268767.58,300579.36
2030-01-27,236144.00,272646.10,288880.26,603750.28,123652.47,7,138953.93,150695.21,176113.27,194749.73,223949.55,240254.96,268729.63,300629.21
2030-01-28,236151.07,272616.10,288900.68,603183.47,123740.87,7,138998.27,150743.29,176169.47,194811.88,224085.85,240296.08,268689.15,300680.66
2030-01-29,236087.75,272587.78,288926.75,602624.70,123829.33,7,139044.57,150793.51,176228.15,194876.77,224225.64,240344.10,268649.45,300740.74
2030-01-30,236040.80,272558.60,288948.90,602062.65,123917.84,7,139089.53,150842.26,176285.13,194939.78,224362.48,240387.12,268609.59,300794.58
2030-01-31,236360.92,272526.48,288968.02,601488.19,124006.40,7,139132.74,150889.12,176339.89,195000.34,224499.52,240427.67,268566.84,300845.31
2030-02-01,236635.37,272492.33,288984.40,600905.29,124095.02,7,139174.84,150934.78,176393.25,195059.35,224631.05,240465.58,268522.22,300892.75
2030-02-02,236885.25,272455.18,288996.63,600309.77,124183.68,7,139216.01,150979.43,176445.44,195117.05,224757.93,240499.49,268474.87,300935.18
2030-02-03,236912.88,272430.54,289015.91,599770.08,124272.40,7,139258.34,151025.34,176499.09,195176.38,224887.71,240535.69,268441.30,300980.48
2030-02-04,236788.64,272409.48,289033.56,599246.73,124361.17,7,139300.78,151071.36,176552.87,195235.86,225006.84,240567.44,268412.52,301020.20
2030-02-05,237028.76,272387.68,289052.89,598720.65,124449.99,7,139344.14,151118.38,176607.83,195296.62,225126.50,240601.97,268382.45,301063.42
2030-02-06,237236.41,272384.44,289077.29,598276.81,124538.86,7,139388.39,151166.37,176663.91,195358.64,225241.82,240640.47,268357.62,301111.59
2030-02-07,237302.08,272363.94,289099.03,597757.42,124627.78,7,139432.91,151214.66,176720.34,195421.04,225356.38,240680.68,268328.56,301158.07
2030-02-08,237480.80,272332.01,289105.20,597188.19,124716.76,7,139475.30,151260.63,176774.07,195480.46,225464.62,240715.84,268289.03,301185.86
2030-02-09,237480.91,272299.89,289109.28,596618.74,124805.79,7,139518.29,151307.25,176828.55,195540.70,225573.12,240757.22,268249.76,301210.13
2030-02-10,237574.83,272273.93,289116.78,596076.93,124894.87,7,139562.48,151355.17,176884.55,195602.64,225685.34,240804.08,268217.29,301235.74
2030-02-11,237625.81,272244.77,289119.31,595521.64,124984.00,7,139608.73,151405.33,176943.17,195667.46,225797.14,240853.23,268182.04,301255.03
2030-02-12,237646.76,272206.08,289109.30,594925.07,125073.19,7,139655.36,151455.91,177002.28,195732.82,225908.05,240898.87,268137.95,301259.55
2030-02-13,237573.58,272176.06,289090.66,594367.18,125162.42,7,139702.28,151506.78,177061.74,195798.57,226025.23,240945.45,268090.69,301252.12
2030-02-14,237431.63,272138.55,289062.09,593777.00,125251.71,7,139748.55,151556.97,177120.39,195863.43,226135.90,240987.68,268036.59,301232.87
2030-02-15,237397.09,272080.71,289021.29,593098.59,125341.05,7,139794.73,151607.05,177178.92,195928.15,226242.90,241025.20,267976.04,301197.89
2030-02-16,237323.82,272021.49,288974.01,592414.96,125430.44,7,139843.37,151659.80,177240.56,195996.32,226348.63,241064.42,267915.30,301152.59
2030-02-17,237296.85,271961.79,288925.23,591729.99,125519.89,7,139892.37,151712.94,177302.67,196065.00,226456.24,241106.47,267854.32,301105.05
2030-02-18,237220.07,271892.03,288862.60,591001.94,125609.39,7,139939.83,151764.41,177362.82,196131.52,226565.78,241148.96,267784.16,301040.84
2030-02-19,237148.93,271817.41,288796.03,590253.62,125698.94,7,139987.66,151816.28,177423.44,196198.54,226686.22,241192.78,267708.93,300973.40
2030-02-20,237088.45,271742.89,288724.94,589506.67,125788.54,7,140036.13,151868.85,177484.87,196266.48,226808.14,241230.45,267634.87,300897.99
2030-02-21,236999.95,271664.76,288646.87,588744.92,125878.19,7,140084.53,151921.34,177546.22,196334.32,226928.77,241260.65,267557.98,300813.09
2030-02-22,236903.97,271592.35,288568.60,588008.96,125967.90,7,140134.05,151975.04,177608.98,196403.72,227045.27,241285.35,267488.20,300723.55
2030-02-23,236819.41,271534.80,288505.76,587338.30,126057.66,7,140184.79,152030.07,177673.29,196474.83,227161.70,241312.72,267433.11,300649.88
2030-02-24,236826.57,271474.41,288439.20,586656.15,126147.47,7,140234.74,152084.23,177736.59,196544.84,227273.28,241328.57,267375.39,300571.85
2030-02-25,236839.65,271406.94,288365.02,585944.12,126237.33,7,140283.82,152137.46,177798.80,196613.62,227380.96,241333.97,267310.71,300485.84
2030-02-26,236833.46,271348.53,288301.18,585272.15,126327.24,7,140332.68,152190.46,177860.73,196682.11,227490.53,241340.29,267254.80,300411.13
2030-02-27,237016.16,271290.41,288237.91,584602.17,126417.21,7,140380.25,152242.05,177921.02,196748.78,227593.37,241338.87,267199.09,300337.24
2030-02-28,237149.02,271235.46,288178.23,583946.69,126507.23,7,140427.14,152292.89,177980.44,196814.49,227685.65,241330.14,267146.47,300267.25
2030-03-01,237254.23,271170.77,288108.68,583249.84,126597.31,7,140474.53,152344.29,178040.51,196880.91,227767.09,241307.97,267084.12,300187.37
2030-03-02,237216.99,271108.77,288042.49,582565.49,126687.43,7,140520.93,152394.62,178099.32,196945.95,227838.83,241280.67,267024.31,300111.35
2030-03-03,237198.83,271045.11,287977.07,581874.75,126777.61,7,140566.16,152443.66,178156.63,197009.33,227900.62,241245.62,266962.27,300037.95
2030-03-04,237157.99,270974.14,287902.61,581153.37,126867.84,7,140612.50,152493.92,178215.38,197082.26,227949.44,241198.22,266893.31,299954.26
2030-03-05,237085.90,270896.82,287822.92,580405.63,126958.12,7,140660.70,152546.20,178276.47,197163.24,227977.74,241133.71,266817.75,299866.22
2030-03-06,237131.81,270818.77,287742.46,579655.61,127048.46,7,140709.08,152598.65,178337.78,197246.14,227991.48,241064.76,266741.47,299777.40
2030-03-07,237048.36,270746.02,287667.83,578929.32,127138.84,7,140757.63,152651.31,178399.31,197328.45,227998.79,241000.50,266670.35,299694.81
2030-03-08,236869.40,270673.92,287593.81,578206.64,127229.28,7,140805.72,152703.47,178460.27,197413.65,227996.68,240936.81,266599.89,299612.84
2030-03-09,236689.75,270605.12,287523.91,577498.93,127319.78,7,140852.90,152754.64,178520.07,197499.85,227987.57,240875.94,266532.53,299535.60
2030-03-10,236571.82,270535.97,287453.51,576790.63,127410.32,7,140899.68,152805.36,178579.35,197587.46,227972.84,240814.22,266464.86,299457.77
2030-03-11,236506.11,270478.43,287393.73,576132.74,127500.92,7,140947.39,152857.11,178639.82,197677.78,227952.74,240759.31,266409.01,299389.83
2030-03-12,236443.37,270429.95,287340.39,575514.28,127591.57,7,140995.72,152909.52,178701.08,197769.61,227926.39,240707.37,266362.83,299326.37
2030-03-13,236486.12,270388.39,287291.52,574925.98,127682.28,7,141044.35,152962.27,178762.72,197870.55,227896.87,240658.42,266324.12,299265.58
2030-03-14,236314.14,270355.52,287249.82,574375.34,127773.03,7,141093.07,153015.10,178824.46,197973.01,227863.61,240613.25,266294.43,299210.86
2030-03-15,236210.55,270329.21,287215.17,573853.23,127863.84,7,141141.46,153067.58,178885.79,198077.19,227827.66,240570.79,266271.21,299163.53
2030-03-16,236222.06,270319.68,287198.02,573402.99,127954.70,7,141189.64,153119.82,178946.85,198183.20,227798.13,240539.60,266264.57,299134.25
2030-03-17,236220.78,270315.79,287186.70,572977.10,128045.62,7,141238.00,153172.27,179008.15,198290.97,227771.85,240511.86,266263.52,299110.96
2030-03-18,236213.25,270319.69,287183.74,572584.65,128136.59,7,141286.63,153225.01,179069.78,198399.92,227748.28,240486.97,266270.11,299096.46
2030-03-19,236226.09,270334.69,287193.13,572239.69,128227.61,7,141334.60,153277.04,179130.58,198501.93,227730.40,240468.09,266287.51,299095.21
2030-03-20,236235.98,270370.95,287224.95,571985.20,128318.68,7,141382.74,153329.25,179191.60,198598.30,227730.27,240467.95,266325.88,299117.26
2030-03-21,236245.61,270419.90,287270.33,571784.59,128409.81,7,141431.43,153382.05,179253.31,198694.71,227736.26,240474.28,266376.73,299153.52
2030-03-22,236253.93,270472.82,287320.04,571600.95,128500.99,7,141480.04,153434.76,179314.91,198793.18,227743.37,240481.79,266431.46,299194.37
2030-03-23,236221.33,270532.57,287376.00,571446.29,128592.22,7,141529.23,153488.11,179377.26,198886.81,227755.45,240494.53,266493.15,299241.06
2030-03-24,236135.47,270597.49,287437.29,571313.58,128683.50,7,141579.02,153542.10,179440.36,198980.80,227768.11,240507.91,266559.96,299293.21
2030-03-25,235959.55,270664.74,287500.87,571190.76,128774.84,7,141629.22,153596.55,179503.99,199076.35,227779.25,240519.67,266629.12,299347.63
2030-03-26,235775.05,270734.53,287569.42,571078.64,128866.23,7,141679.93,153651.54,179568.26,199174.34,227792.25,240533.40,266700.24,299408.83
2030-03-27,235525.75,270790.22,287625.03,570906.92,128957.68,7,141727.26,153702.87,179628.25,199273.36,227782.21,240522.80,266757.00,299458.00
2030-03-28,235226.07,270845.97,287683.66,570735.48,129049.18,7,141774.26,153753.85,179687.82,199365.45,227772.09,240512.11,266813.12,299512.41
2030-03-29,234920.61,270901.92,287744.72,570565.00,129140.73,7,141821.59,153805.17,179747.80,199458.17,227754.32,240493.35,266868.95,299570.89
2030-03-30,234727.24,270960.14,287807.74,570404.16,129232.33,7,141871.11,153858.87,179810.56,199557.38,227727.18,240464.69,266927.10,299631.12
2030-03-31,234430.97,271020.38,287872.89,570251.85,129323.99,7,141920.68,153912.64,179873.40,199656.81,227701.35,240437.42,266987.25,299693.56
2030-04-01,234177.72,271072.89,287929.58,570066.96,129415.70,7,141968.19,153964.16,179933.61,199754.69,227659.82,240393.57,267039.82,299747.06
2030-04-02,233861.39,271121.53,287982.00,569865.90,129507.46,7,142014.01,154013.85,179991.68,199851.14,227615.73,240347.01,267088.63,299795.99
2030-04-03,233557.78,271169.16,288032.75,569660.58,129599.28,7,142059.65,154063.35,180049.53,199947.21,227572.02,240300.85,267136.57,299842.82
2030-04-04,233212.02,271187.86,288052.56,569333.58,129691.15,7,142098.54,154105.53,180098.82,200041.45,227484.88,240208.83,267156.06,299857.28
2030-04-05,232844.55,271191.23,288055.58,568942.37,129783.07,7,142133.51,154143.46,180143.14,200136.39,227373.33,240091.05,267160.57,299853.95
2030-04-06,232477.14,271191.20,288054.73,568537.12,129875.05,7,142167.46,154180.27,180186.17,200230.44,227256.17,239967.33,267161.78,299846.42
2030-04-07,232359.34,271185.74,288048.95,568109.39,129967.08,7,142199.34,154214.85,180226.57,200326.89,227127.43,239831.40,267157.43,299834.37
2030-04-08,232043.79,271180.78,288043.82,567684.21,130059.16,7,142231.20,154249.39,180266.95,200422.36,227001.49,239698.41,267153.57,299823.08
2030-04-09,231817.11,271174.05,288036.94,567251.93,130151.29,7,142262.27,154283.09,180306.33,200516.41,226872.36,239562.06,267147.91,299810.10
2030-04-10,231496.56,271151.56,288013.53,566753.98,130243.48,7,142289.38,154312.49,180340.68,200611.18,226713.68,239394.50,267126.68,299780.06
2030-04-11,231228.62,271144.72,288008.07,566321.99,130335.73,7,142319.83,154345.52,180379.29,200704.80,226579.46,239252.78,267120.55,299769.65
2030-04-12,230883.03,271134.21,287999.82,565875.12,130428.02,7,142349.72,154377.93,180417.16,200798.05,226438.15,239103.56,267110.56,299757.12
2030-04-13,230657.38,271122.10,287989.07,565421.90,130520.37,7,142378.84,154409.51,180454.07,200891.34,226295.93,238953.39,267099.17,299741.44
2030-04-14,230446.35,271111.10,287979.43,564973.75,130612.78,7,142406.63,154439.65,180489.30,200984.15,226162.73,238812.74,267088.89,299726.90
2030-04-15,230125.56,271074.20,287940.98,564417.85,130705.23,7,142429.15,154464.07,180517.83,201075.90,225997.48,238638.24,267053.39,299681.49
2030-04-16,229769.77,271050.46,287913.93,563917.40,130797.75,7,142455.18,154492.31,180550.83,201174.06,225839.07,238470.97,267031.44,299646.19
2030-04-17,229363.02,271029.53,287889.61,563429.22,130890.31,7,142481.22,154520.54,180583.84,201271.65,225680.37,238303.39,267012.32,299613.58
2030-04-18,228948.73,271006.60,287863.23,562933.11,130982.93,7,142507.23,154548.75,180616.80,201369.22,225514.11,238127.84,266991.19,299578.89
2030-04-19,228485.01,270994.70,287850.11,562483.43,131075.60,7,142540.33,154584.64,180658.75,201456.97,225347.99,237958.16,266980.59,299559.08
2030-04-20,228118.02,270997.22,287852.36,562094.15,131168.32,7,142577.17,154624.60,180705.44,201541.60,225205.47,237818.36,266984.17,299555.32
2030-04-21,227747.70,271000.64,287855.29,561708.90,131261.10,7,142614.73,154665.33,180753.05,201625.28,225064.06,237684.39,266988.70,299552.11
2030-04-22,227352.43,271005.07,287863.23,561328.15,131353.94,7,142653.73,154707.63,180802.48,201708.01,224933.36,237562.54,266997.87,299554.12
2030-04-23,227058.90,271000.38,287861.64,560909.90,131446.82,7,142690.98,154748.02,180849.68,201786.60,224789.86,237433.63,266997.92,299546.40
2030-04-24,226824.97,270996.49,287860.91,560495.31,131539.76,7,142728.54,154788.76,180897.29,201862.24,224648.87,237311.13,266998.65,299539.65
2030-04-25,226618.38,270993.61,287860.13,560085.27,131632.75,7,142766.00,154829.38,180944.77,201925.24,224518.91,237210.87,267000.53,299532.17
2030-04-26,226361.36,270973.32,287841.02,559603.45,131725.80,7,142799.52,154865.74,180987.26,201972.38,224380.62,237100.18,266985.11,299505.81
2030-04-27,226165.86,270952.35,287818.98,559119.29,131818.90,7,142832.59,154901.60,181029.16,202015.71,224244.98,236996.37,266969.43,299474.96
2030-04-28,225966.50,270934.62,287800.34,558648.98,131912.06,7,142866.31,154938.17,181071.90,202057.70,224119.96,236907.27,266956.85,299447.71
2030-04-29,225568.45,270903.58,287767.80,558124.12,132005.27,7,142896.70,154971.13,181110.43,202086.95,223979.37,236812.89,266930.99,299406.23
2030-04-30,225299.89,270891.51,287757.00,557678.10,132098.53,7,142930.42,155007.70,181153.16,202113.46,223861.18,236750.39,266923.35,299388.54
2030-05-01,224972.04,270866.21,287740.62,557177.93,132191.85,7,142961.65,155041.56,181192.74,202131.91,223746.70,236697.01,266907.50,299366.86
2030-05-02,224664.43,270840.91,287724.43,556678.24,132285.22,7,142993.14,155075.72,181232.65,202150.86,223634.44,236649.50,266891.54,299345.56
2030-05-03,224408.10,270823.89,287711.19,556213.13,132378.64,7,143024.06,155109.25,181271.84,202167.90,223530.31,236612.73,266878.09,299327.47
2030-05-04,224180.31,270816.87,287706.91,555789.61,132472.12,7,143052.73,155140.34,181308.18,202193.34,223456.37,236609.79,266874.78,299317.65
2030-05-05,223925.99,270809.09,287702.67,555363.37,132565.65,7,143080.93,155170.93,181343.92,202219.34,223382.65,236605.93,266870.43,299308.51
2030-05-06,223681.23,270790.89,287687.51,554894.66,132659.24,7,143105.94,155198.05,181375.62,202241.68,223295.60,236592.86,266855.68,299288.19
2030-05-07,223212.31,270769.89,287669.28,554414.91,132752.88,7,143130.07,155224.22,181406.20,202267.18,223188.76,236577.27,266838.10,299264.68
2030-05-08,222908.18,270751.67,287654.16,553947.03,132846.57,7,143153.99,155250.16,181436.52,202296.05,223083.35,236563.99,266823.12,299244.61
2030-05-09,222433.36,270732.25,287637.81,553474.64,132940.32,7,143177.26,155275.39,181466.00,202325.12,222973.02,236549.56,266806.85,299223.34
2030-05-10,222091.77,270729.02,287639.27,553069.00,133034.13,7,143204.46,155304.89,181500.48,202363.74,222877.39,236549.08,266806.30,299221.08
2030-05-11,221784.94,270739.96,287655.82,552721.79,133127.98,7,143234.61,155337.59,181538.69,202418.55,222787.27,236560.89,266819.62,299234.61
2030-05-12,221408.92,270750.96,287672.16,552375.06,133221.89,7,143264.79,155370.32,181576.95,202474.80,222691.35,236572.72,266832.97,299247.82
2030-05-13,221033.43,270757.44,287684.92,552010.08,133315.86,7,143293.95,155401.95,181613.91,202528.90,222585.40,236580.27,266841.49,299258.19
2030-05-14,220661.96,270764.60,287698.52,551648.22,133409.88,7,143323.76,155434.27,181651.68,202581.47,222475.85,236588.32,266850.56,299269.59
2030-05-15,220307.88,270780.52,287720.11,551322.38,133503.95,7,143355.53,155468.72,181691.95,202637.29,222377.41,236604.19,266868.46,299288.47
2030-05-16,219964.72,270801.92,287747.97,551019.15,133598.08,7,143388.44,155504.43,181733.67,202700.51,222281.38,236624.68,266891.58,299314.24
2030-05-17,219709.07,270826.67,287778.75,550729.82,133692.26,7,143422.19,155541.02,181776.43,202766.11,222182.05,236648.15,266918.05,299342.68
2030-05-18,219452.83,270851.14,287809.59,550439.52,133786.50,7,143455.55,155577.20,181818.72,202833.42,222078.74,236671.22,266944.07,299371.50
2030-05-19,219308.31,270880.52,287845.50,550169.40,133880.79,7,143489.46,155613.98,181861.70,202903.54,221976.75,236698.52,266974.87,299405.55
2030-05-20,219054.12,270911.17,287881.44,549904.61,133975.14,7,143523.15,155650.51,181904.39,202975.00,221874.52,236727.12,267007.12,299438.81
2030-05-21,218819.99,270954.21,287930.58,549690.40,134069.54,7,143559.67,155690.11,181950.68,203051.86,221785.15,236766.44,267051.47,299485.90
2030-05-22,218751.64,271002.06,287981.14,549495.89,134163.99,7,143596.27,155729.81,181997.07,203124.59,221707.40,236806.63,267096.80,299534.67
2030-05-23,218625.84,271055.26,288036.50,549323.18,134258.50,7,143634.39,155771.15,182045.39,203199.97,221632.88,236851.67,267147.60,299587.86
2030-05-24,218500.99,271105.37,288088.45,549138.00,134353.06,7,143671.71,155811.63,182092.68,203269.79,221556.05,236894.04,267195.39,299637.42
2030-05-25,218357.62,271153.75,288138.63,548945.81,134447.68,7,143708.40,155851.42,182139.19,203336.41,221483.57,236934.88,267241.46,299685.19
2030-05-26,218202.94,271059.54,288185.33,548175.34,134542.35,7,143745.51,155891.66,182186.22,203392.48,221406.38,236974.11,267285.70,299728.55
2030-05-27,218054.81,271107.72,288233.05,547982.82,134637.08,7,143782.78,155932.08,182233.46,203436.29,221328.84,237015.22,267332.07,299772.27
2030-05-28,217923.93,271159.32,288283.46,547804.28,134731.86,7,143820.62,155973.11,182281.42,203467.33,221252.09,237059.51,267382.02,299818.19
2030-05-29,217894.61,271217.52,288341.76,547652.55,134826.69,7,143859.38,156015.15,182330.54,203498.20,221195.49,237109.41,267438.30,299872.90
2030-05-30,217866.91,271274.29,288398.92,547495.01,134921.59,7,143897.63,156056.63,182379.02,203520.75,221141.58,237157.99,267493.10,299926.68
2030-05-31,217842.32,271336.60,288455.35,547359.97,135016.53,7,143936.21,156098.47,182427.92,203524.70,221094.50,237206.69,267548.03,299979.26
2030-06-01,217891.41,271390.75,288503.24,547191.97,135111.53,7,143973.30,156138.70,182474.92,203521.21,221049.90,237248.20,267594.85,300023.05
2030-06-02,217853.23,271435.18,288546.34,546984.73,135206.58,7,144010.23,156178.75,182521.74,203507.09,221007.38,237286.18,267637.68,300061.63
2030-06-03,217806.50,271479.61,288589.39,546777.58,135301.69,7,144047.92,156219.63,182569.51,203486.55,220974.96,237324.17,267680.54,300100.13
2030-06-04,217794.21,271520.55,288628.93,546556.44,135396.86,7,144086.09,156261.02,182617.88,203457.20,220944.56,237359.09,267719.93,300135.10
2030-06-05,217750.66,271560.59,288668.28,546331.79,135492.08,7,144123.90,156302.03,182665.80,203422.46,220919.64,237393.08,267758.26,300170.42
2030-06-06,217747.80,271598.87,288705.80,546100.17,135587.35,7,144161.36,156342.65,182713.28,203379.07,220900.71,237425.53,267794.86,300203.86
2030-06-07,217725.95,271630.24,288737.33,545840.82,135682.68,7,144197.07,156381.38,182758.54,203325.62,220884.11,237451.68,267824.36,300232.00
2030-06-08,217714.86,271668.49,288776.19,545609.33,135778.06,7,144234.01,156421.44,182805.36,203271.19,220880.30,237483.84,267860.64,300267.76
2030-06-09,217684.71,271705.27,288813.13,545372.04,135873.50,7,144271.11,156461.67,182852.37,203213.09,220878.05,237514.80,267895.55,300301.31
2030-06-10,217605.48,271744.76,288853.86,545145.82,135968.99,7,144307.86,156501.53,182898.95,203156.72,220885.51,237547.96,267932.95,300339.41
2030-06-11,217610.60,271776.20,288895.46,544887.34,136064.54,7,144344.59,156541.36,182945.50,203108.95,220903.84,237580.04,267969.14,300379.60
2030-06-12,217608.26,271807.16,288936.66,544627.09,136160.14,7,144381.51,156581.41,182992.31,203068.11,220933.30,237611.73,268004.88,300419.42
2030-06-13,217605.66,271838.87,288977.81,544369.98,136255.80,7,144418.66,156621.69,183039.39,203024.59,220963.56,237644.28,268041.59,300458.62
2030-06-14,217628.88,271871.86,289021.26,544118.21,136351.51,7,144456.71,156662.95,183087.61,202986.97,220994.75,237677.82,268079.42,300500.80
2030-06-15,217646.18,271896.64,289056.23,543833.61,136447.28,7,144493.81,156703.19,183134.63,202943.74,221019.26,237704.17,268109.15,300534.33
2030-06-16,217667.26,271925.98,289096.05,543567.54,136543.10,7,144531.32,156743.87,183182.17,202901.42,221047.52,237734.57,268143.43,300572.86
2030-06-17,217664.81,271957.03,289137.28,543308.43,136638.98,7,144568.68,156784.39,183229.53,202866.59,221077.28,237766.58,268179.54,300612.59
2030-06-18,217686.38,271987.08,289177.77,543045.49,136734.91,7,144606.55,156825.47,183277.53,202832.61,221106.21,237797.69,268214.63,300651.73
2030-06-19,217699.35,272018.47,289219.96,542788.08,136830.90,7,144644.11,156866.19,183325.13,202801.52,221136.23,237829.98,268251.05,300692.81
2030-06-20,217714.02,272044.06,289255.50,542507.65,136926.94,7,144680.33,156905.47,183371.03,202765.33,221161.67,237857.34,268281.90,300726.62
2030-06-21,217709.11,272071.79,289293.28,542235.91,137023.04,7,144716.75,156944.97,183417.19,202730.68,221188.88,237886.60,268314.91,300762.74
2030-06-22,217708.86,272105.53,289336.47,541988.40,137119.19,7,144755.20,156986.67,183465.93,202699.60,221221.20,237921.36,268354.12,300803.82
2030-06-23,217707.37,272136.99,289377.31,541731.90,137215.40,7,144793.13,157027.80,183513.99,202670.35,221251.69,237954.15,268391.10,300842.47
2030-06-24,217707.14,272169.16,289419.07,541478.41,137311.66,7,144831.49,157069.40,183562.62,202645.79,221282.77,237987.58,268428.81,300882.18
2030-06-25,217716.27,272343.66,289462.89,541792.76,137407.98,7,144870.55,157111.76,183612.12,202624.65,221315.36,238022.63,268468.34,300924.08
2030-06-26,217719.40,272379.29,289507.96,541552.98,137504.36,7,144910.13,157154.69,183662.29,202606.14,221349.39,238059.23,268509.62,300966.96
2030-06-27,217725.65,272418.51,289556.84,541327.69,137600.79,7,144950.50,157198.47,183713.46,202592.04,221386.38,238099.02,268554.49,301013.77
2030-06-28,217733.64,272460.03,289608.11,541111.72,137697.27,7,144991.53,157242.97,183765.46,202579.47,221425.30,238140.87,268601.71,301063.01
2030-06-29,217763.41,272498.66,289655.15,540884.31,137793.81,7,145032.12,157286.99,183816.90,202552.36,221462.12,238180.46,268646.36,301107.08
2030-06-30,217801.76,272544.94,289710.20,540687.44,137890.41,7,145073.05,157331.38,183868.78,202539.26,221505.21,238226.81,268698.64,301159.37
2030-07-01,217796.87,272591.65,289766.17,540492.38,137987.06,7,145114.31,157376.12,183921.06,202526.05,221548.60,238273.48,268751.28,301212.91
2030-07-02,217982.31,272635.48,289819.30,540285.99,138083.76,7,145155.24,157420.51,183972.94,202508.47,221589.66,238317.64,268801.08,301263.62
2030-07-03,218044.30,272677.57,289871.26,540072.80,138180.52,7,145194.58,157463.17,184022.80,202488.51,221629.23,238360.20,268849.08,301313.56
2030-07-04,218105.26,272721.08,289924.85,539865.32,138277.34,7,145233.94,157505.87,184072.70,202465.98,221669.97,238404.01,268898.50,301365.23
2030-07-05,218183.35,272770.10,289983.00,539679.80,138374.21,7,145274.88,157550.26,184124.58,202450.23,221715.46,238452.93,268953.68,301420.79
2030-07-06,218194.03,272819.47,290040.32,539495.76,138471.14,7,145318.43,157595.27,184179.78,202439.96,221761.48,238502.43,269009.50,301474.69
2030-07-07,218253.79,272867.96,290095.39,539308.24,138568.13,7,145362.10,157637.45,184235.12,202426.60,221807.05,238551.43,269064.78,301525.36
2030-07-08,218242.64,272918.92,290152.97,539130.65,138665.17,7,145406.75,157680.35,184291.71,202416.25,221854.69,238602.67,269122.57,301578.55
2030-07-09,218261.40,272970.75,290211.19,538956.58,138762.26,7,145451.45,157722.18,184348.37,202405.03,221903.12,238654.76,269181.32,301632.21
2030-07-10,218269.00,273020.61,290267.37,538774.77,138859.41,7,145495.98,157762.75,184401.47,202392.58,221949.98,238705.16,269238.17,301683.77
2030-07-11,218287.44,273077.46,290323.90,538620.67,138956.62,7,145540.71,157802.50,184451.27,202379.11,221996.60,238755.30,269294.72,301736.06
2030-07-12,218292.17,273132.77,290378.56,538460.55,139053.88,7,145585.11,157840.88,184496.76,202366.18,222042.01,238804.13,269349.80,301786.26
2030-07-13,218296.59,273187.96,290432.84,538299.98,139151.20,7,145629.36,157878.28,184537.50,202356.01,222087.36,238852.91,269404.82,301835.93
2030-07-14,218333.24,273244.31,290489.25,538144.08,139248.57,7,145673.98,157914.92,184573.71,202357.74,222133.50,238902.54,269460.79,301888.41
2030-07-15,218355.82,273298.88,290543.80,537981.18,139346.00,7,145718.41,157950.05,184606.10,202361.04,222178.19,238950.60,269515.01,301938.97
2030-07-16,218439.74,273352.38,290597.29,537814.11,139443.48,7,145763.09,157984.22,184636.21,202365.97,222221.99,238997.71,269568.14,301988.51
2030-07-17,218559.78,273410.28,290655.29,537664.46,139541.02,7,145808.80,158018.19,184663.73,202373.11,222269.41,239048.70,269625.66,302042.63
2030-07-18,218662.85,273471.31,290716.31,537527.17,139638.62,7,145855.06,158052.21,184682.85,202378.90,222319.43,239102.50,269686.33,302099.69
2030-07-19,218788.05,273532.03,290776.96,537388.71,139736.27,7,145901.40,158085.31,184699.83,202391.74,222369.20,239156.02,269746.70,302156.36
2030-07-20,218915.27,273594.75,290840.73,537258.14,139833.98,7,145948.00,158118.61,184713.28,202403.18,222420.42,239211.11,269808.84,302216.93
2030-07-21,219043.63,273657.76,290905.94,537128.75,139931.74,7,145992.36,158151.48,184721.86,202414.64,222471.68,239266.24,269871.02,302279.76
2030-07-22,219209.59,273718.97,290970.66,536992.27,140029.56,7,146036.71,158184.57,184725.47,202428.22,222521.22,239319.53,269931.12,302343.01
2030-07-23,219652.90,273786.23,291040.17,536879.60,140127.44,7,146083.97,158219.71,184729.95,202443.71,222575.98,239378.41,269997.54,302410.16
2030-07-24,220097.80,273851.75,291108.70,536760.14,140225.37,7,146130.81,158254.62,184730.94,202458.28,222629.17,239435.62,270062.06,302476.89
2030-07-25,220546.15,273917.33,291177.41,536640.93,140323.36,7,146177.21,158289.66,184732.33,202476.12,222682.40,239492.86,270126.63,302543.88
2030-07-26,220998.04,273984.03,291248.08,536526.13,140421.40,7,146223.77,158326.05,184733.54,202492.80,222736.39,239550.93,270192.13,302613.42
2030-07-27,221453.01,274050.99,291319.33,536412.33,140519.50,7,146271.18,158362.86,184734.50,202508.09,222790.54,239609.18,270257.82,302683.78
2030-07-28,221913.23,274120.66,291394.26,536309.16,140617.66,7,146319.25,158401.95,184738.29,202526.73,222846.76,239669.64,270326.02,302758.48
2030-07-29,222348.63,274191.66,291470.37,536211.27,140715.87,7,146367.27,158441.59,184745.77,202547.86,222904.11,239731.32,270395.59,302834.26
2030-07-30,222790.83,274268.51,291552.71,536136.22,140814.14,7,146418.03,158484.65,184759.26,202573.65,222966.20,239798.09,270470.90,302916.55
2030-07-31,223205.81,274348.84,291638.78,536074.88,140912.46,7,146471.05,158529.72,184782.55,202607.47,223031.13,239867.92,270549.67,303002.71
2030-08-01,223413.24,274429.83,291725.90,536016.00,141010.84,7,146524.01,158575.52,184808.38,202642.71,223096.52,239938.25,270628.99,303090.23
2030-08-02,223732.86,274513.28,291815.91,535966.77,141109.28,7,146577.84,158622.96,184843.30,202686.29,223163.88,240010.69,270710.70,303180.91
2030-08-03,224051.33,274599.96,291910.58,535930.11,141207.77,7,146632.41,158673.36,184880.03,202729.78,223233.64,240085.72,270795.32,303277.25
2030-08-04,224262.14,274685.94,292004.54,535890.65,141306.32,7,146687.59,158723.40,184918.46,202774.37,223302.82,240160.13,270879.25,303372.89
2030-08-05,224526.19,274771.38,292098.32,535849.03,141404.92,7,146742.81,158773.47,184956.28,202818.18,223371.50,240233.99,270962.56,303468.59
2030-08-06,224703.19,274859.65,292195.75,535818.42,141503.59,7,146797.63,158825.75,184995.27,202863.12,223442.38,240310.22,271048.53,303568.51
2030-08-07,224890.33,274941.53,292288.44,535762.78,141602.30,7,146850.04,158876.16,185030.50,202906.32,223507.68,240380.46,271127.76,303664.86
2030-08-08,225129.44,275024.58,292383.21,535711.66,141701.08,7,146902.68,158927.98,185064.71,202947.91,223573.81,240451.58,271207.97,303763.90
2030-08-09,225372.23,275112.69,292481.42,535680.26,141799.91,7,146957.71,158981.01,185106.22,202997.07,223644.39,240527.48,271293.58,303865.27
2030-08-10,225613.65,275213.03,292581.92,535696.52,141898.80,7,147013.82,159035.03,185150.04,203049.22,223717.44,240606.04,271382.19,303968.53
2030-08-11,225797.32,275305.31,292684.33,535681.26,141997.74,7,147069.80,159090.28,185196.51,203104.70,223791.44,240685.63,271471.96,304074.12
2030-08-12,225959.70,275398.24,292786.76,535668.47,142096.74,7,147127.95,159145.31,185245.01,203159.94,223866.09,240765.92,271562.52,304179.31
2030-08-13,226098.35,275492.13,292890.26,535659.33,142195.79,7,147186.95,159200.95,185281.61,203202.22,223941.51,240847.03,271654.01,304285.64
2030-08-14,226352.42,275585.55,292984.65,535648.27,142294.91,7,147242.40,159252.14,185315.75,203241.03,224008.57,240919.15,271735.35,304383.48
2030-08-15,226562.03,275678.69,293078.64,535636.05,142394.08,7,147296.00,159303.10,185343.47,203273.64,224075.37,240990.99,271816.39,304480.89
2030-08-16,226768.05,275773.89,293174.79,535631.81,142493.30,7,147352.77,159355.24,185373.47,203308.32,224143.81,241064.61,271899.41,304580.54
2030-08-17,227007.58,275870.34,293271.87,535632.36,142592.58,7,147411.64,159407.77,185408.60,203346.74,224213.31,241139.34,271983.72,304680.94
2030-08-18,227208.94,275964.32,293364.96,535623.17,142691.92,7,147470.19,159457.68,185440.20,203381.66,224280.99,241212.13,272065.81,304776.34
2030-08-19,227380.41,276059.77,293459.26,535619.62,142791.32,7,147529.86,159508.16,185480.26,203423.26,224349.88,241286.23,272149.39,304872.83
2030-08-20,227550.81,276155.92,293553.81,535618.72,142890.77,7,147590.44,159558.62,185524.02,203465.74,224419.40,241361.00,272233.72,304969.27
2030-08-21,227723.38,276257.15,293653.29,535637.52,142990.28,7,147652.81,159611.61,185577.97,203516.35,224493.10,241440.26,272323.12,305070.55
2030-08-22,227681.14,276362.47,293756.66,535672.08,143089.85,7,147716.52,159666.58,185638.18,203570.13,224570.16,241523.14,272416.60,305175.62
2030-08-23,227640.15,276470.47,293862.03,535716.98,143189.47,7,147780.70,159722.37,185704.47,203629.73,224649.51,241608.48,272512.86,305282.25
2030-08-24,227598.84,276584.85,293975.78,535786.51,143289.15,7,147846.98,159783.28,185780.06,203693.79,224733.71,241699.03,272615.00,305398.67
2030-08-25,227556.45,276695.89,294085.71,535842.99,143388.88,7,147912.38,159842.04,185854.28,203756.18,224815.21,241786.69,272713.86,305510.97
2030-08-26,227513.84,276809.00,294197.05,535907.41,143488.67,7,147979.29,159901.30,185931.74,203822.44,224898.52,241876.28,272814.91,305624.24
2030-08-27,227489.62,276923.32,294309.61,535976.33,143588.52,7,148045.76,159961.23,186007.15,203888.39,224982.75,241966.88,272917.10,305738.79
2030-08-28,227460.13,277039.47,294422.01,536052.26,143688.43,7,148116.13,160020.37,186102.58,203974.69,225068.84,242059.46,273021.53,305851.83
2030-08-29,227436.96,277161.75,294540.97,536151.83,143788.39,7,148187.68,160083.11,186197.21,204061.78,225159.85,242157.34,273131.93,305971.75
2030-08-30,227421.48,277284.44,294660.32,536252.88,143888.41,7,148259.28,160146.07,186292.69,204150.05,225251.18,242255.57,273242.72,306092.08
2030-08-31,227371.68,277411.82,294784.14,536371.90,143988.49,7,148330.71,160211.30,186397.42,204244.63,225346.36,242357.93,273358.17,306216.76
2030-09-01,227321.39,277541.17,294910.05,536498.47,144088.62,7,148400.93,160277.67,186501.85,204339.30,225443.11,242461.99,273475.54,306343.62
2030-09-02,227232.80,277673.36,295038.94,536635.89,144188.81,7,148472.75,160345.67,186615.53,204441.80,225542.15,242568.50,273595.67,306473.59
2030-09-03,227233.25,277808.11,295171.42,536783.02,144289.06,7,148544.16,160415.94,186725.35,204541.92,225643.05,242677.02,273718.08,306607.90
2030-09-04,227287.91,277943.98,295305.13,536934.32,144389.37,7,148615.20,160486.96,186836.33,204645.04,225744.81,242786.46,273841.52,306743.63
2030-09-05,227367.55,278077.84,295436.50,537077.70,144489.73,7,148685.77,160556.68,186941.91,204743.02,225844.93,242894.14,273962.97,306876.89
2030-09-06,227553.84,278212.33,295568.34,537223.36,144590.15,7,148756.26,160626.66,187048.85,204843.63,225945.56,243002.36,274085.03,307010.65
2030-09-07,227646.41,278347.83,295698.19,537372.77,144690.62,7,148826.83,160694.58,187162.80,204952.30,226047.53,243112.04,274208.73,307140.46
2030-09-08,227811.56,278492.21,295823.31,537556.36,144791.16,7,148892.53,160755.15,187259.69,205047.42,226159.36,243232.31,274344.39,307256.24
2030-09-09,228064.16,278627.43,295937.65,537704.34,144891.75,7,148954.99,160806.14,187354.99,205137.50,226273.51,243355.08,274482.87,307353.69
2030-09-10,228384.40,278766.62,296046.13,537867.51,144992.39,7,149014.64,160853.99,187447.68,205222.92,226383.20,243473.04,274615.92,307445.15
2030-09-11,228712.36,278903.13,296152.66,538020.12,145093.10,7,149072.44,160901.15,187542.82,205310.46,226490.52,243588.47,274746.11,307535.29
2030-09-12,229043.74,279033.83,296255.44,538150.12,145193.86,7,149125.13,160947.15,187632.39,205391.66,226592.65,243698.31,274870.00,307623.21
2030-09-13,229179.95,279156.32,296358.44,538248.23,145294.68,7,149178.38,160992.91,187725.73,205475.47,226696.08,243809.54,274995.46,307710.68
2030-09-14,229380.66,279263.71,296445.41,538287.76,145395.56,7,149229.85,161030.04,187819.72,205555.05,226787.22,243907.56,275106.02,307781.64
2030-09-15,229579.66,279365.45,296526.99,538305.40,145496.49,7,149278.47,161064.48,187906.86,205629.66,226873.66,244000.53,275210.88,307847.46
2030-09-16,229594.41,279467.58,296609.29,538324.47,145597.48,7,149327.06,161099.47,187998.41,205708.25,226960.37,244093.78,275316.06,307914.34
2030-09-17,229948.59,279570.55,296695.70,538346.66,145698.53,7,149374.76,161137.84,188093.49,205789.40,227047.13,244187.09,275421.30,307987.68
2030-09-18,230294.47,279670.43,296777.83,538356.82,145799.63,7,149421.85,161173.60,188191.63,205872.27,227131.56,244277.90,275523.72,308056.03
2030-09-19,230675.16,279775.20,296865.05,538385.75,145900.80,7,149470.56,161212.14,188296.40,205960.75,227219.98,244373.00,275630.99,308129.68
2030-09-20,231076.62,279878.05,296950.09,538407.16,146002.02,7,149518.95,161249.49,188408.14,206054.26,227306.87,244466.44,275736.38,308201.09
2030-09-21,231585.87,279982.66,297037.47,538435.28,146103.30,7,149567.52,161288.32,188536.74,206160.94,227395.09,244561.33,275843.41,308275.30
2030-09-22,231996.57,280089.89,297130.75,538473.45,146204.63,7,149617.77,161331.47,188681.87,206277.83,227484.85,244657.86,275952.28,308357.77
2030-09-23,232330.95,280178.08,297217.98,538438.07,146306.02,7,149670.89,161376.20,188832.96,206410.73,227556.39,244734.80,276039.07,308443.27
2030-09-24,232633.83,280292.93,297344.58,538505.36,146407.47,7,149735.25,161446.14,188999.08,206589.68,227647.44,244832.73,276149.52,308576.96
2030-09-25,233012.30,280420.31,297485.38,538620.77,146508.98,7,149803.62,161524.15,189170.44,206780.39,227748.49,244941.40,276272.09,308726.05
2030-09-26,233315.93,280577.28,297656.61,538850.01,146610.55,7,149882.43,161618.38,189355.04,207011.46,227873.75,245076.11,276424.04,308906.16
2030-09-27,233706.93,280766.53,297860.23,539203.37,146712.17,7,149975.26,161729.63,189555.77,207277.31,228025.57,245239.40,276608.21,309118.79
2030-09-28,234031.66,280988.08,298098.01,539680.92,146813.85,7,150079.09,161859.43,189768.63,207581.42,228203.64,245430.91,276824.22,309366.87
2030-09-29,234504.44,281251.04,298379.71,540317.77,146915.59,7,150192.96,162013.12,189990.15,207926.13,228415.33,245658.58,277081.01,309660.63
2030-09-30,235007.83,281513.64,298661.20,540953.10,147017.39,7,150306.91,162166.80,190208.47,208269.66,228626.68,245885.89,277337.40,309954.36
2030-10-01,235548.63,281771.00,298936.88,541568.10,147119.24,7,150419.52,162317.28,190418.08,208606.60,228833.83,246108.67,277588.68,310241.97
2030-10-02,236178.56,282032.03,299216.31,542197.05,147221.15,7,150534.01,162469.79,190622.62,208947.50,229043.96,246334.67,277843.58,310533.48
2030-10-03,236827.70,282296.34,299498.87,542838.51,147323.12,7,150650.91,162623.93,190825.58,209292.56,229265.96,246563.60,278101.79,310828.09
2030-10-04,237411.28,282561.10,299781.58,543481.57,147425.15,7,150769.02,162778.04,191024.03,209639.78,229499.12,246792.99,278360.53,311122.65
2030-10-05,238075.64,282858.81,300054.26,544251.64,147527.23,7,150886.07,162926.60,191213.91,209980.40,229734.42,247014.48,278610.35,311406.59
2030-10-06,238640.48,283115.49,300327.65,544863.25,147629.37,7,151003.44,163075.41,191385.09,210313.35,229978.62,247236.93,278861.25,311691.02
2030-10-07,239253.74,283377.05,300605.45,545493.49,147731.58,7,151121.68,163226.36,191534.94,210639.39,230237.67,247463.80,279117.14,311979.54
2030-10-08,239812.19,283644.18,300888.87,546145.12,147833.83,7,151240.20,163380.27,191685.15,210958.61,230505.72,247695.59,279378.57,312273.69
2030-10-09,240228.88,283937.96,301155.95,546899.52,147936.15,7,151354.06,163525.30,191829.46,211252.30,230772.42,247913.91,279624.83,312550.90
2030-10-10,240772.61,284192.28,301423.04,547501.41,148038.52,7,151470.21,163669.40,191976.68,211551.48,231054.33,248135.07,279874.27,312826.34
2030-10-11,241215.97,284517.78,301669.73,548378.16,148140.96,7,151580.30,163802.17,192116.20,211813.64,231333.65,248340.25,280105.70,313080.10
2030-10-12,241687.59,284971.56,301959.43,549751.15,148243.45,7,151700.43,163958.69,192268.46,212065.09,231705.12,248579.63,280375.70,313379.26
2030-10-13,242217.73,285396.95,302217.47,551014.90,148345.99,7,151810.83,164097.60,192408.39,212278.60,232056.92,248794.20,280617.70,313644.76
2030-10-14,242741.49,285804.70,302454.95,552210.75,148448.60,7,151916.00,164224.80,192541.68,212457.76,232404.16,248993.48,280842.49,313887.89
2030-10-15,243162.41,286216.52,302695.20,553422.79,148551.26,7,152022.64,164353.07,192676.84,212635.53,232762.58,249196.39,281071.35,314133.06
2030-10-16,243751.25,286547.43,302938.47,554321.28,148653.99,7,152130.56,164482.83,192813.62,212811.83,233129.75,249402.27,281303.56,314381.06
2030-10-17,244047.53,286966.13,303182.15,555560.62,148756.77,7,152241.51,164611.72,192954.24,212982.31,233504.64,249611.76,281539.85,314627.41
2030-10-18,244550.95,287367.38,303406.51,556732.57,148859.61,7,152349.25,164729.87,193090.80,213125.40,233875.16,249806.11,281759.05,314853.23
2030-10-19,244988.48,287788.29,303626.68,557981.33,148962.50,7,152458.69,164845.09,193229.50,213257.42,234262.10,250007.35,281976.62,315073.45
2030-10-20,245451.10,288220.49,303858.95,559274.43,149065.46,7,152569.69,164967.03,193370.18,213391.69,234657.73,250220.59,282204.90,315306.54
2030-10-21,245894.82,288652.95,304091.24,560569.11,149168.47,7,152681.47,165088.98,193511.86,213519.24,235056.48,250434.63,282433.22,315539.62
2030-10-22,246261.09,289079.28,304317.12,561840.38,149271.54,7,152791.39,165207.57,193651.17,213634.38,235448.99,250643.33,282655.22,315766.27
2030-10-23,246794.59,289501.44,304538.55,563095.86,149374.67,7,152900.33,165323.80,193789.23,213743.26,235836.67,250848.74,282872.86,315988.43
2030-10-24,247265.64,289923.44,304759.56,564351.20,149477.86,7,153010.23,165439.79,193928.53,213841.80,236228.51,251055.16,283090.15,316210.12
2030-10-25,247668.05,290342.64,304979.06,565595.99,149581.11,7,153117.68,165555.64,194064.72,213927.71,236620.98,251258.98,283303.72,316431.56
2030-10-26,248237.39,290763.35,305200.62,566847.17,149684.41,7,153224.48,165672.91,194200.07,214013.54,237012.26,251463.62,283518.16,316655.71
2030-10-27,248690.48,291126.93,305362.14,567875.24,149787.77,7,153309.59,165757.68,194307.95,214078.03,237303.23,251623.59,283676.55,316817.73
2030-10-28,249268.19,291501.88,305536.18,568947.98,149891.19,7,153401.58,165849.59,194424.54,214145.56,237613.75,251807.75,283845.40,316993.38
2030-10-29,249719.37,291875.37,305709.68,570015.13,149994.67,7,153492.49,165941.74,194539.75,214212.35,237922.18,251999.64,284011.89,317169.52
2030-10-30,250242.02,292258.40,305893.51,571119.90,150098.21,7,153586.21,166039.78,194658.54,214282.93,238243.26,252213.13,284187.05,317356.91
2030-10-31,250781.74,292653.43,306089.90,572271.88,150201.81,7,153685.33,166144.79,194784.17,214353.58,238598.74,252469.32,284373.35,317557.62
2030-11-01,251312.94,293043.56,306281.03,573405.00,150305.46,7,153781.34,166247.03,194905.86,214417.36,238966.02,252742.55,284554.47,317753.03
2030-11-02,251979.65,293465.45,306505.93,574662.99,150409.18,7,153884.44,166368.04,195036.53,214502.46,239366.38,253070.94,284765.44,317984.32
2030-11-03,252539.58,293900.70,306745.95,575973.97,150512.95,7,153987.28,166498.01,195166.87,214593.94,239764.26,253418.21,284987.91,318232.74
2030-11-04,253278.17,294311.06,307004.81,577187.56,150616.78,7,154096.07,166638.21,195304.75,214690.15,240185.16,253797.26,285227.87,318500.69
2030-11-05,253972.82,294787.48,307286.80,578661.48,150720.67,7,154211.59,166790.95,195451.17,214791.23,240639.24,254222.22,285489.33,318792.65
2030-11-06,254725.16,295282.31,307587.42,580208.74,150824.62,7,154332.76,166953.82,195604.74,214906.77,241119.64,254684.93,285768.09,319103.94
2030-11-07,255459.45,295777.44,307911.79,581758.13,150928.62,7,154460.54,167129.57,195766.69,215039.88,241633.04,255185.50,286068.93,319439.86
2030-11-08,256427.13,296252.93,308260.50,583230.83,151032.69,7,154596.30,167316.94,195938.75,215194.98,242182.50,255739.06,286392.38,319801.05
2030-11-09,257457.49,296870.33,308692.23,585265.26,151136.81,7,154755.97,167528.83,196141.13,215405.00,242828.09,256410.24,286783.67,320253.53
2030-11-10,258436.00,297401.91,309133.23,586961.99,151241.00,7,154919.91,167742.41,196348.90,215622.95,243473.99,257092.27,287178.76,320718.30
2030-11-11,259420.04,297909.17,309644.10,588563.55,151345.24,7,155100.13,167969.55,196577.31,215872.79,244143.39,257828.03,287638.68,321255.61
2030-11-12,260551.48,298432.90,310171.94,590231.44,151449.54,7,155277.65,168194.50,196802.31,216130.28,244792.28,258563.55,288114.37,321810.54
2030-11-13,261527.56,298959.61,310702.71,591912.29,151553.90,7,155462.67,168425.64,197036.81,216396.03,245433.25,259295.95,288592.79,322368.50
2030-11-14,262819.00,299471.44,311217.85,593535.18,151658.31,7,155644.62,168651.11,197267.41,216659.32,246049.83,260004.82,289056.71,322910.22
2030-11-15,264046.35,300068.87,311730.21,595499.64,151762.79,7,155824.34,168873.36,197495.19,216930.71,246626.50,260682.18,289518.05,323449.04
2030-11-16,265274.74,300612.00,312277.31,597249.52,151867.33,7,156009.72,169102.09,197730.16,217222.28,247187.60,261369.96,290011.67,324023.93
2030-11-17,265980.77,301163.13,312832.58,599032.65,151971.92,7,156195.49,169329.35,197965.60,217522.48,247711.32,262028.98,290512.86,324607.27
2030-11-18,266915.15,301682.93,313378.88,600691.97,152076.58,7,156378.81,169549.91,198197.95,217819.89,248202.69,262658.85,291005.75,325181.32
2030-11-19,267474.90,302203.19,313925.66,602354.21,152181.29,7,156556.30,169760.81,198422.90,218116.12,248661.68,263257.68,291499.08,325755.85
2030-11-20,267778.28,302721.85,314470.77,604011.10,152286.06,7,156727.41,169959.09,198639.76,218415.37,249077.71,263816.89,291990.85,326328.65
2030-11-21,268601.22,303263.41,315039.68,605760.76,152390.89,7,156900.02,170154.24,198858.53,218718.46,249464.29,264357.50,292504.71,326926.15
2030-11-22,268934.29,303773.98,315630.09,607387.39,152495.78,7,157073.17,170345.47,199077.98,219022.49,249823.83,264879.92,293038.52,327545.97
2030-11-23,269444.39,304321.32,316242.45,609162.58,152600.73,7,157245.97,170532.88,199297.01,219327.48,250138.19,265366.53,293592.71,328188.57
2030-11-24,269942.92,304831.73,316774.16,610790.69,152705.73,7,157395.66,170695.21,199486.72,219579.58,250333.66,265732.95,294081.08,328742.43
2030-11-25,270243.40,305351.08,317312.54,612455.69,152810.80,7,157543.84,170855.91,199674.52,219837.51,250517.49,266090.48,294580.36,329300.56
2030-11-26,270429.20,305777.02,317779.69,613745.65,152915.93,7,157675.18,170998.36,199840.99,220064.36,250664.41,266382.23,295013.53,329784.78
2030-11-27,270581.54,306188.91,318206.43,614979.42,153021.11,7,157800.00,171133.72,199999.20,220274.80,250800.53,266638.18,295409.16,330227.05
2030-11-28,270707.36,306571.34,318628.55,616094.69,153126.36,7,157917.98,171261.68,200148.73,220480.56,250931.03,266879.11,295800.52,330664.54
2030-11-29,270723.01,306842.18,319034.49,616760.30,153231.66,7,158033.67,171387.14,200295.35,220678.65,251055.94,267106.05,296176.86,331085.24
2030-11-30,270716.36,307171.84,319438.18,617662.85,153337.02,7,158150.67,171514.02,200443.64,220876.26,251176.90,267325.25,296551.11,331503.59
2030-12-01,270653.35,307434.84,319844.47,618296.45,153442.44,7,158266.93,171640.11,200590.99,221071.75,251297.40,267525.88,296927.77,331924.65
2030-12-02,270439.98,307652.31,320247.64,618746.21,153547.92,7,158382.04,171764.94,200736.87,221269.55,251419.99,267727.21,297301.54,332342.47
2030-12-03,270446.66,307867.52,320651.29,619186.59,153653.47,7,158497.49,171890.14,200883.20,221466.08,251542.16,267925.80,297675.75,332760.78
2030-12-04,269903.56,308082.46,321055.07,619625.67,153759.07,7,158613.99,172016.49,201030.86,221661.37,251661.12,268122.58,298050.08,333179.24
2030-12-05,269501.28,308360.69,321433.92,620319.83,153864.72,7,158727.77,172139.88,201175.06,221846.59,251772.50,268306.97,298401.27,333571.81
2030-12-06,269043.62,308496.28,321755.69,620438.36,153970.44,7,158832.16,172253.09,201307.37,222009.69,251872.55,268463.93,298699.46,333905.16
2030-12-07,268998.26,308616.80,322036.67,620495.92,154076.22,7,158940.02,172368.03,201444.07,222167.38,251975.79,268609.45,298959.80,334196.18
2030-12-08,268973.99,308781.45,322267.29,620731.26,154182.06,7,159038.09,172467.29,201568.37,222301.26,252062.84,268725.15,299173.38,334434.93
2030-12-09,268903.92,309006.14,322500.50,621208.43,154287.96,7,159134.29,172563.61,201690.30,222433.38,252152.53,268839.69,299389.36,334676.37
2030-12-10,269125.21,309194.72,322696.02,621539.81,154393.91,7,159221.32,172641.42,201800.61,222536.25,252216.02,268922.81,299570.36,334878.70
2030-12-11,269356.74,309370.07,322877.73,621817.58,154499.93,7,159306.81,172716.53,201908.95,222635.75,252278.58,269002.16,299738.54,335066.70
2030-12-12,269739.00,309573.28,323088.52,622207.47,154606.00,7,159457.86,172823.81,202100.40,222804.85,252402.06,269138.80,299933.71,335284.88
2030-12-13,270018.90,309780.94,323303.96,622615.02,154712.14,7,159606.51,172934.29,202288.80,222967.57,252521.96,269286.31,300133.21,335507.89
2030-12-14,270265.75,310010.20,323541.94,623109.40,154818.33,7,159758.15,173045.71,202480.99,223141.46,252650.51,269446.24,300353.62,335754.28
2030-12-15,270422.07,310240.04,323780.53,623605.86,154924.59,7,159907.60,173152.15,202670.41,223314.94,252783.66,269601.90,300574.61,336001.31
2030-12-16,270578.75,310490.24,324040.36,624184.18,155030.90,7,160054.64,173261.19,202856.78,223484.45,252914.30,269757.45,300815.31,336270.39
2030-12-17,270927.00,310748.67,324308.79,624795.48,155137.27,7,160199.92,173370.38,203040.91,223650.19,253044.84,269908.61,301064.00,336548.39
2030-12-18,271089.57,311019.78,324590.46,625457.68,155243.71,7,160346.50,173482.19,203226.68,223821.45,253180.03,270069.06,301324.98,336840.13
2030-12-19,271523.85,311312.57,324890.93,626207.12,155350.20,7,160505.39,173603.87,203428.07,224014.09,253321.57,270246.13,301609.58,337147.94
2030-12-20,272061.58,311655.85,325234.14,627160.20,155456.75,7,160676.84,173744.38,203645.36,224232.91,253473.37,270454.38,301949.98,337491.13
2030-12-21,272075.05,312028.55,325608.03,628231.96,155563.37,7,160855.96,173896.42,203872.39,224469.03,253633.00,270684.11,302318.88,337866.16
2030-12-22,272515.12,312475.60,326004.17,629604.24,155670.04,7,161031.12,174051.91,204094.38,224708.90,253788.55,270927.15,302708.46,338264.25
2030-12-23,272888.13,312918.30,326412.69,630959.37,155776.77,7,161208.30,174219.24,204318.95,224957.03,253952.16,271189.00,303109.55,338675.21
2030-12-24,273110.29,313319.52,326816.32,632147.12,155883.56,7,161386.51,174389.54,204544.81,225208.60,254118.18,271455.57,303506.08,339081.09
2030-12-25,273464.76,313738.08,327238.05,633405.23,155990.42,7,161571.32,174576.26,204779.05,225479.66,254303.40,271748.11,303919.40,339505.77
2030-12-26,273812.96,314199.05,327677.56,634835.52,156097.33,7,161761.26,174771.30,205019.78,225761.62,254494.20,272053.62,304349.22,339948.91
2030-12-27,274239.78,314622.19,328104.08,636112.94,156204.30,7,161891.04,174939.43,205184.26,225985.11,254631.25,272316.67,304766.97,340378.57
2030-12-28,274575.94,315060.93,328520.30,637453.96,156311.33,7,162022.27,175101.77,205350.59,226211.33,254770.13,272570.74,305175.14,340797.55
2030-12-29,274900.90,315595.98,328935.10,639186.49,156418.42,7,162153.10,175265.78,205516.41,226436.07,254908.16,272826.94,305581.97,341215.09
2030-12-30,275277.65,316064.46,329345.36,640649.45,156525.57,7,162284.06,175431.50,205682.39,226659.88,255046.88,273086.62,305984.58,341627.90
2030-12-31,275625.25,316546.65,329696.69,642168.77,156632.79,7,162411.07,175588.25,205843.36,226874.33,255181.24,273332.25,306332.51,341979.57
2031-01-01,275992.81,317049.33,330024.48,643772.16,156740.06,7,162536.04,175741.96,206001.75,227084.29,255313.96,273573.41,306658.61,342306.79
2031-01-02,276335.02,317444.04,330241.10,644936.45,156847.39,7,162645.82,175839.85,206140.89,227222.95,255356.84,273726.14,306874.90,342522.33
2031-01-03,276727.24,317805.60,330432.00,645965.71,156954.78,7,162745.99,175932.25,206267.85,227346.31,255400.24,273870.64,307060.77,342714.81
2031-01-04,277164.14,317933.53,330577.96,646042.56,157062.24,7,162834.16,176004.07,206379.59,227442.02,255436.11,273982.88,307186.62,342870.83
2031-01-05,277605.61,318080.46,330704.95,646196.74,157169.75,7,162916.00,176065.68,206483.32,227524.13,255466.66,274079.23,307294.65,343007.27
2031-01-06,278056.59,318359.50,330831.24,646888.91,157277.32,7,162999.34,176127.41,206588.94,227608.66,255498.78,274175.74,307402.85,343142.54
2031-01-07,278260.80,318548.47,330944.74,647213.87,157384.95,7,163080.22,176181.83,206691.45,227686.05,255526.85,274261.26,307498.74,343264.77
2031-01-08,278372.22,318652.76,331057.35,647193.61,157492.65,7,163161.29,176235.54,206794.21,227761.96,255552.92,274345.44,307593.11,343386.47
2031-01-09,278486.52,318751.66,331166.01,647151.34,157600.40,7,163241.43,176285.39,206895.77,227832.62,255577.41,274423.69,307680.85,343505.72
2031-01-10,278674.16,318840.28,331264.18,647067.15,157708.21,7,163319.36,176329.51,206994.54,227894.68,255594.74,274492.94,307758.50,343614.29
2031-01-11,278455.77,318921.08,331354.75,646951.09,157816.09,7,163393.79,176368.97,207088.88,227950.04,255611.50,274555.08,307828.16,343715.48
2031-01-12,278343.50,318997.27,331441.11,646816.35,157924.02,7,163465.77,176405.46,207180.11,227999.93,255626.59,274612.81,307892.89,343812.88
2031-01-13,278055.79,319072.21,331528.68,646676.45,158032.02,7,163538.33,176439.91,207272.08,228046.13,255641.53,274667.52,307954.23,343914.03
2031-01-14,277834.13,319150.56,331620.34,646550.50,158140.07,7,163611.23,176476.08,207364.48,228092.88,255653.80,274724.77,308018.42,344019.95
2031-01-15,277645.44,319200.77,331712.62,646310.23,158248.19,7,163685.88,176511.64,207459.08,228138.84,255662.82,274780.91,308081.36,344127.54
2031-01-16,277389.68,319257.27,331811.78,646095.60,158356.37,7,163763.00,176550.71,207556.83,228189.34,255672.17,274842.37,308150.27,344242.50
2031-01-17,277196.29,319260.58,332014.06,645665.35,158464.60,7,163856.96,176645.38,207675.91,228311.69,255773.77,274991.88,308317.89,344462.81
2031-01-18,277071.86,319253.68,332207.34,645194.00,158572.90,7,163948.29,176734.30,207791.68,228426.63,255868.16,275132.17,308475.19,344674.88
2031-01-19,277025.03,319407.64,332407.09,645374.74,158681.26,7,164041.54,176827.69,207909.86,228547.33,255962.54,275279.33,308640.18,344892.70
2031-01-20,277221.82,319437.58,332644.74,645052.92,158789.68,7,164160.26,176935.21,208060.32,228686.29,256067.43,275448.57,308829.93,345155.67
2031-01-21,277352.45,319606.49,332867.27,645293.96,158898.15,7,164272.73,177033.70,208202.86,228813.59,256165.96,275604.38,309004.62,345403.52
2031-01-22,277556.34,319773.62,333088.76,645527.51,159006.69,7,164387.13,177132.23,208347.87,228940.95,256264.57,275758.33,309177.23,345650.89
2031-01-23,277796.81,319934.92,333304.41,645737.23,159115.29,7,164500.08,177227.61,208491.01,229064.23,256360.51,275907.30,309344.26,345892.31
2031-01-24,277955.38,320093.09,333515.64,645934.06,159223.96,7,164611.05,177322.03,208631.67,229186.27,256455.49,276054.61,309509.41,346127.89
2031-01-25,278211.67,320266.43,333742.63,646192.11,159332.68,7,164726.47,177424.98,208777.95,229319.32,256558.46,276215.24,309689.52,346379.66
2031-01-26,278280.18,320442.47,333974.18,646460.87,159441.46,7,164843.71,177528.78,208926.54,229453.49,256657.89,276377.26,309871.17,346637.66
2031-01-27,278393.99,320467.17,334211.92,646117.37,159550.30,7,164962.98,177635.53,209077.71,229591.46,256757.40,276543.61,310057.69,346902.56
2031-01-28,278546.03,320491.79,334449.15,645773.72,159659.21,7,165081.57,177742.93,209228.02,229730.27,256853.89,276711.25,310245.64,347165.88
2031-01-29,278692.03,320510.27,334680.58,645405.55,159768.17,7,165198.00,177847.52,209375.58,229865.45,256949.19,276874.24,310428.38,347423.09
2031-01-30,278806.61,320527.02,334911.62,645030.61,159877.20,7,165313.40,177951.18,209521.84,229999.44,257045.76,277035.92,310609.65,347680.50
2031-01-31,278758.21,320535.83,335134.93,644623.95,159986.28,7,165426.76,178050.75,209665.51,230128.12,257140.25,277191.40,310783.98,347929.77
2031-02-01,278660.84,320540.94,335354.10,644202.68,160095.43,7,165539.40,178149.07,209808.92,230255.20,257235.08,277344.83,310956.00,348173.89
2031-02-02,278626.41,320549.60,335571.30,643796.02,160204.64,7,165650.30,178246.90,209950.42,230381.64,257332.15,277497.91,311127.63,348415.17
2031-02-03,278549.15,320646.17,335781.64,643743.61,160313.91,7,165757.82,178341.06,210089.17,230503.34,257427.23,277645.15,311292.72,348649.44
2031-02-04,278420.52,320769.33,335956.62,643798.12,160423.24,7,165841.20,178422.64,210196.62,230608.79,257510.62,277772.68,311435.71,348841.04
2031-02-05,278050.05,320756.16,336132.91,643304.07,160532.63,7,165926.80,178505.18,210305.11,230715.48,257594.84,277901.43,311580.05,349033.93
2031-02-06,277871.72,320717.65,336302.64,642708.64,160642.08,7,166005.86,178582.15,210409.91,230814.95,257672.38,278022.55,311715.85,349221.38
2031-02-07,277724.10,320665.39,336459.05,642058.57,160751.59,7,166076.36,178651.43,210514.78,230904.49,257743.35,278131.82,311838.36,349395.51
2031-02-08,277494.52,320601.89,336604.11,641364.02,160861.17,7,166140.27,178714.58,210616.60,230986.12,257810.09,278231.72,311950.38,349557.85
2031-02-09,277103.78,320518.93,336733.78,640592.30,160970.80,7,166194.86,178765.49,210714.83,231051.91,257871.46,278313.06,312041.57,349707.87
2031-02-10,276889.78,320434.61,336861.61,639816.00,161080.50,7,166246.84,178815.83,210812.49,231116.98,257933.67,278394.07,312132.39,349855.22
2031-02-11,276667.50,320343.44,336982.33,639013.20,161190.26,7,166294.63,178862.81,210907.52,231177.70,257994.03,278469.73,312217.23,349994.87
2031-02-12,276424.76,320246.65,337096.80,638188.90,161300.08,7,166338.86,178907.35,211000.64,231235.27,258053.09,278541.26,312297.42,350127.38
2031-02-13,276210.64,320142.81,337204.95,637337.46,161409.96,7,166379.25,178947.87,211092.29,231287.64,258108.90,278606.79,312370.89,350253.82
2031-02-14,275979.49,320057.79,337304.32,636562.16,161519.90,7,166412.71,178982.64,211181.58,231332.58,258159.20,278663.53,312434.51,350372.09
2031-02-15,275863.74,319966.13,337397.84,635761.30,161629.90,7,166442.98,179013.75,211268.02,231372.79,258207.21,278714.54,312491.70,350484.84
2031-02-16,275712.67,320024.10,337480.46,635557.19,161739.96,7,166466.90,179039.47,211348.20,231406.03,258253.95,278757.26,312539.60,350585.84
2031-02-17,275478.25,320077.96,337559.95,635336.77,161850.09,7,166490.08,179064.40,211431.39,231438.25,258301.11,278795.96,312582.99,350684.48
2031-02-18,275245.98,319973.10,337641.14,634485.10,161960.28,7,166514.17,179090.31,211514.81,231471.75,258349.83,278835.97,312627.85,350784.93
2031-02-19,274988.80,320024.65,337718.66,634256.06,162070.52,7,166536.23,179114.04,211596.62,231502.41,258398.61,278872.77,312669.11,350881.70
2031-02-20,274697.35,319903.49,337784.15,633341.19,162180.83,7,166552.47,179130.87,211674.63,231524.16,258441.26,278898.83,312698.33,350966.48
2031-02-21,274366.82,319786.88,337852.99,632445.58,162291.20,7,166570.61,179150.37,211753.59,231549.37,258487.25,278929.83,312733.08,351053.38
2031-02-22,274025.61,319682.76,337936.30,631600.55,162401.64,7,166595.11,179176.72,211831.82,231583.43,258539.33,278971.74,312780.07,351155.96
2031-02-23,273766.48,319590.38,338031.85,630803.07,162512.13,7,166626.01,179209.96,211912.75,231626.38,258598.18,279024.42,312839.14,351270.85
2031-02-24,273483.26,319505.94,338130.46,630037.95,162622.69,7,166662.57,179249.28,211991.94,231677.20,258660.88,279086.14,312908.34,351384.85
2031-02-25,273197.35,319424.02,338230.19,629283.70,162733.30,7,166700.88,179290.48,212070.11,231730.46,258726.64,279150.86,312980.90,351498.73
2031-02-26,273003.44,319505.73,338332.33,629176.30,162843.98,7,166740.44,179333.03,212148.64,231785.45,258800.93,279217.77,313055.92,351614.97
2031-02-27,272805.81,319608.85,338462.80,629153.43,162954.72,7,166790.64,179387.02,212252.84,231855.24,258881.85,279301.74,313150.06,351764.62
2031-02-28,272561.83,319711.81,338591.85,629129.86,163065.52,7,166841.07,179441.26,212357.63,231925.34,258965.01,279385.93,313244.46,351911.91
2031-03-01,272218.40,319821.29,338724.18,629131.93,163176.38,7,166895.49,179499.79,212462.42,232000.98,259057.58,279476.88,313346.43,352060.10
2031-03-02,271950.89,319935.09,338859.96,629150.93,163287.31,7,166951.95,179560.51,212568.78,232079.47,259155.03,279571.95,313453.02,352211.06
2031-03-03,271881.35,320051.10,338997.63,629178.55,163398.29,7,167009.53,179622.44,212676.47,232159.51,259249.09,279669.07,313561.91,352363.69
2031-03-04,271979.03,320171.85,339138.16,629224.72,163509.34,7,167068.63,179686.00,212781.43,232241.66,259347.00,279770.97,313676.16,352517.78
2031-03-05,272133.50,320292.74,339278.50,629271.34,163620.45,7,167127.94,179749.80,212886.65,232324.12,259445.75,279873.10,313790.67,352671.44
2031-03-06,272254.90,320408.96,339415.37,629299.47,163731.62,7,167185.74,179811.97,212994.41,232404.47,259537.23,279970.72,313900.12,352822.51
2031-03-07,272492.35,320526.32,339552.79,629331.91,163842.86,7,167244.32,179874.97,213101.41,232485.90,259633.28,280069.52,314010.89,352973.71
2031-03-08,272539.91,320634.80,339679.68,629329.31,163954.15,7,167298.88,179933.64,213200.12,232561.74,259730.06,280160.88,314113.33,353113.18
2031-03-09,272585.32,320733.37,339794.03,629287.62,164065.51,7,167348.84,179987.38,213290.83,232631.19,259825.64,280244.19,314206.73,353238.18
2031-03-10,272656.76,320839.84,339917.09,629276.95,164176.93,7,167402.81,180045.43,213386.78,232706.21,259923.02,280334.31,314307.77,353372.49
2031-03-11,272877.80,320960.78,340055.59,629323.09,164288.41,7,167464.24,180111.50,213492.99,232791.61,260030.49,280437.03,314422.94,353522.91
2031-03-12,272911.78,321082.49,340195.26,629372.14,164399.95,7,167526.44,180178.39,213600.75,232878.08,260138.68,280540.33,314538.76,353674.80
2031-03-13,273041.96,321213.74,340344.84,629458.54,164511.56,7,167593.84,180250.89,213713.69,232971.77,260243.66,280652.02,314663.98,353836.85
2031-03-14,273177.73,321336.11,340478.65,629509.96,164623.22,7,167657.16,180318.98,213806.69,233059.78,260349.47,280757.82,314782.61,353978.08
2031-03-15,273374.30,321462.24,340616.51,629575.95,164734.95,7,167722.26,180388.99,213898.28,233150.27,260457.57,280866.88,314904.88,354123.56
2031-03-16,273507.70,321592.20,340758.75,629656.89,164846.74,7,167789.59,180461.41,213991.35,233243.87,260566.81,280979.20,315030.81,354273.80
2031-03-17,273520.28,321726.94,340906.61,629756.42,164958.59,7,167859.94,180537.08,214088.14,233341.67,260671.81,281095.52,315161.23,354430.30
2031-03-18,273671.89,321864.17,341056.94,629865.57,165070.51,7,167931.71,180614.26,214184.43,233441.42,260781.28,281214.07,315294.15,354589.24
2031-03-19,273961.11,322163.02,341203.93,630608.86,165182.49,7,168001.21,180689.02,214278.29,233538.05,260886.23,281329.16,315423.18,354745.15
2031-03-20,274151.44,322298.21,341352.88,630709.54,165294.53,7,168071.07,180764.15,214372.06,233635.16,260990.75,281445.56,315553.69,354903.29
2031-03-21,274471.84,322591.53,341492.81,631430.60,165406.63,7,168135.83,180833.81,214454.66,233725.18,261094.13,281555.64,315677.11,355051.36
2031-03-22,274792.66,322885.93,341634.21,632155.79,165518.79,7,168200.88,180903.76,214537.62,233815.61,261192.83,281666.20,315801.07,355201.41
2031-03-23,275097.06,323025.79,341788.93,632273.99,165631.02,7,168271.77,180980.01,214628.04,233914.15,261312.68,281786.12,315935.53,355366.33
2031-03-24,275390.46,323169.08,341947.80,632405.57,165743.30,7,168344.40,181058.13,214720.68,234015.11,261435.16,281908.88,316073.17,355535.92
2031-03-25,275615.19,323307.20,342100.96,632516.61,165855.65,7,168413.87,181132.83,214809.28,234111.68,261553.37,282027.20,316205.82,355699.42
2031-03-26,275833.04,323435.37,342243.37,632588.49,165968.07,7,168478.10,181201.92,214891.21,234200.96,261660.69,282136.92,316328.83,355851.58
2031-03-27,275961.90,323564.80,342386.63,632665.18,166080.54,7,168542.95,181271.66,214973.93,234291.11,261768.12,282247.88,316453.25,356004.26
2031-03-28,276107.48,323695.24,342529.38,632745.69,166193.08,7,168608.35,181342.01,215057.35,234382.03,261876.27,282360.25,316579.23,356155.30
2031-03-29,276274.81,323826.61,342674.72,632829.69,166305.68,7,168675.01,181413.70,215142.37,234474.70,261986.84,282472.90,316705.54,356310.18
2031-03-30,276271.72,323959.03,342821.20,632917.66,166418.34,7,168742.37,181486.15,215228.29,234568.33,262101.88,282586.46,316832.85,356466.26
2031-03-31,276377.23,324092.62,342968.42,633010.09,166531.06,7,168810.29,181559.20,215314.92,234662.74,262215.26,282701.20,316961.50,356622.76
2031-04-01,276485.28,324226.89,343115.43,633105.03,166643.85,7,168878.11,181632.15,215401.43,234757.03,262334.74,282816.84,317091.16,356778.37
2031-04-02,276622.19,324366.15,343266.93,633219.34,166756.70,7,168948.41,181707.75,215491.09,234854.75,262457.44,282937.09,317225.98,356938.09
2031-04-03,276408.88,324502.52,343415.48,633322.17,166869.61,7,169017.33,181781.88,215579.00,234950.56,262575.63,283054.77,317357.92,357094.82
2031-04-04,276177.69,324639.38,343563.94,633426.75,166982.59,7,169086.93,181856.73,215667.76,235047.30,262698.98,283173.08,317490.57,357251.03
2031-04-05,276172.52,324789.64,343727.71,633583.65,167095.62,7,169164.91,181940.60,215767.23,235155.70,262835.76,283302.72,317635.92,357423.95
2031-04-06,276161.48,324932.73,343883.63,633712.30,167208.72,7,169238.87,182020.14,215861.57,235258.51,262976.45,283426.18,317774.35,357588.54
2031-04-07,276205.83,325064.44,344026.34,633796.30,167321.88,7,169306.89,182093.31,215948.33,235353.07,263088.65,283540.11,317902.07,357738.55
2031-04-08,276298.07,325197.85,344170.35,633886.76,167435.11,7,169375.83,182167.45,216036.26,235448.90,263200.93,283655.67,318031.64,357889.55
2031-04-09,276373.63,325324.57,344308.80,633950.95,167548.40,7,169441.93,182238.55,216120.57,235540.79,263322.64,283764.90,318154.12,358035.87
2031-04-10,276397.78,325426.16,344423.04,633916.81,167661.75,7,169494.61,182295.20,216187.76,235614.02,263428.38,283851.44,318251.14,358158.72
2031-04-11,276321.91,325517.74,344527.41,633843.54,167775.16,7,169542.01,182346.18,216248.22,235679.90,263533.07,283929.01,318338.11,358271.84
2031-04-12,276215.88,325598.84,344622.49,633729.30,167888.64,7,169583.95,182391.28,216301.71,235738.20,263639.24,283996.86,318414.18,358376.57
2031-04-13,276269.25,325668.92,344704.56,633572.13,168002.17,7,169619.40,182429.42,216346.93,235787.49,263756.48,284055.54,318479.98,358466.81
2031-04-14,276149.42,325741.18,344789.11,633423.42,168115.78,7,169655.54,182468.29,216393.03,235837.73,263878.58,284116.07,318547.83,358559.76
2031-04-15,276217.01,325810.86,344871.90,633264.69,168229.44,7,169689.48,182504.79,216436.31,235884.91,264010.15,284174.01,318612.80,358651.60
2031-04-16,276330.67,325872.20,344946.97,633073.50,168343.17,7,169719.32,182536.88,216474.37,235926.38,264142.74,284224.33,318669.22,358736.18
2031-04-17,276041.76,325463.41,344483.55,632847.96,168456.96,7,169741.75,182532.48,216389.95,235790.83,264019.85,283947.53,318280.74,358231.48
2031-04-18,275400.17,324883.52,344019.91,631947.23,168570.81,7,169763.55,182527.41,216304.77,235654.50,263902.26,283669.83,317891.42,357726.92
2031-04-19,274988.97,324462.27,343549.90,631661.23,168684.73,7,169781.23,182517.89,216214.36,235512.51,263780.05,283385.52,317494.86,357216.49
2031-04-20,274604.08,323870.23,343077.80,630697.30,168798.70,7,169796.37,182505.65,216120.76,235367.09,263657.63,283099.81,317096.90,356703.62
2031-04-21,274204.92,323284.00,342610.31,629747.49,168912.75,7,169813.19,182495.22,216029.34,235224.09,263537.13,282816.59,316701.93,356196.25
2031-04-22,273652.95,322818.75,342154.70,629268.06,169026.85,7,169833.29,182488.31,215942.13,235085.70,263424.54,282539.27,316313.72,355703.58
2031-04-23,273377.73,322370.42,341707.61,628849.59,169141.02,7,169855.76,182483.94,215857.96,234950.69,263312.87,282266.58,315930.87,355221.18
2031-04-24,272869.76,321913.49,341262.06,628391.09,169255.25,7,169878.44,182479.79,215774.07,234816.02,263192.29,281995.18,315549.63,354740.29
2031-04-25,272424.25,321465.70,340825.92,627963.01,169369.54,7,169905.22,182480.05,215695.44,234687.10,263084.41,281731.35,315177.02,354269.22
2031-04-26,272267.15,321079.01,340392.51,627773.85,169483.90,7,169932.36,182480.68,215617.27,234558.73,262976.13,281468.16,314805.31,353801.91
2031-04-27,272097.96,320634.86,339962.65,627349.33,169598.32,7,169956.09,182477.65,215534.80,234425.73,262863.82,281203.00,314434.15,353339.80
2031-04-28,271914.30,320192.42,339534.24,626925.81,169712.80,7,169978.37,182473.06,215450.52,234290.79,262741.71,280935.84,314065.22,352878.72
2031-04-29,271908.35,319776.42,339102.01,626603.30,169827.35,7,169996.28,182463.77,215360.74,234149.93,262613.48,280661.09,313693.16,352413.46
2031-04-30,271928.42,319392.03,338670.96,626403.74,169941.96,7,170012.24,182452.39,215268.52,234006.44,262470.83,280382.20,313323.28,351948.82
2031-05-01,271905.89,318969.32,338231.24,626043.77,170056.63,7,169980.65,182432.17,215165.91,233851.72,262308.15,280089.84,312945.94,351474.85
2031-05-02,271676.08,318498.68,337769.41,625482.80,170171.37,7,169833.55,182391.51,215039.24,233670.90,262101.31,279766.00,312549.29,350977.29
2031-05-03,271404.41,318032.24,337310.62,624932.37,170286.17,7,169681.81,182348.98,214910.45,233487.82,261891.14,279439.86,312156.76,350482.18
2031-05-04,271325.92,317572.05,336857.11,624400.99,170401.03,7,169531.06,182307.50,214782.95,233306.22,261678.72,279115.54,311770.37,349991.86
2031-05-05,271103.52,317116.60,336407.15,623882.61,170515.96,7,169377.01,182264.87,214654.16,233123.28,261457.48,278789.73,311388.64,349504.48
2031-05-06,270895.97,316685.80,335962.88,623459.47,170630.95,7,169226.02,182224.36,214527.94,232943.17,261251.99,278467.38,311013.86,349022.07
2031-05-07,270699.45,316288.67,335519.63,623169.81,170746.00,7,169077.25,182185.53,214403.75,232765.33,261048.22,278147.87,310644.42,348538.31
2031-05-08,270461.23,315854.35,335075.99,622720.73,170861.12,7,168926.70,182146.33,214279.19,232587.16,260844.47,277827.83,310277.33,348052.63
2031-05-09,270223.01,315423.09,334636.29,622278.37,170976.30,7,168778.27,182108.75,214156.61,232411.18,260643.12,277510.51,309915.60,347570.13
2031-05-10,269980.81,314989.29,334194.35,621819.43,171091.54,7,168626.00,182069.75,214032.41,232233.51,260437.43,277190.78,309553.75,347084.21
2031-05-11,269732.15,314558.36,333756.35,621366.39,171206.85,7,168474.00,182031.43,213909.07,232056.83,260234.10,276872.65,309197.64,346601.25
2031-05-12,269595.78,314165.26,333318.62,621066.16,171322.22,7,168327.86,181996.65,213789.95,231884.77,260028.48,276557.40,308845.29,346116.64
2031-05-13,269349.66,313758.47,332884.18,620703.13,171437.66,7,168185.05,181964.09,213673.50,231715.68,259815.12,276245.95,308495.86,345635.52
2031-05-14,269190.15,313339.11,332454.67,620281.47,171553.16,7,168048.61,181935.28,213561.51,231551.47,259599.53,275940.51,308150.87,345159.62
2031-05-15,268909.00,312914.69,332019.49,619832.54,171668.72,7,167900.17,181900.93,213443.06,231380.31,259377.07,275626.96,307800.50,344677.90
2031-05-16,268648.87,312499.98,331594.30,619418.86,171784.34,7,167763.49,181873.05,213332.27,231217.51,259184.15,275323.60,307459.27,344206.64
2031-05-17,268434.97,312110.45,331195.52,619106.60,171900.03,7,167667.01,181865.99,213245.94,231081.27,259029.46,275052.27,307142.40,343762.87
2031-05-18,268412.94,311727.62,330800.87,618817.74,172015.79,7,167576.21,181862.24,213163.53,230949.32,258877.54,274786.27,306829.25,343323.47
2031-05-19,268268.13,311351.69,330410.83,618553.49,172131.60,7,167488.32,181860.40,213083.39,230819.86,258726.50,274523.62,306520.26,342888.93
2031-05-20,268055.46,310978.38,330020.81,618295.49,172247.48,7,167401.53,181859.55,213004.43,230691.72,258580.00,274265.79,306211.17,342454.48
2031-05-21,267836.21,310603.76,329630.47,618026.98,172363.43,7,167312.78,181858.15,212924.85,230562.97,258414.69,274010.55,305901.68,342019.78
2031-05-22,267802.76,310278.97,329240.80,617969.18,172479.44,7,167221.09,181855.71,212844.10,230432.97,258248.96,273757.94,305592.70,341585.85
2031-05-23,267613.44,310000.95,328853.01,618110.89,172595.51,7,167115.22,181846.63,212755.61,230294.64,258082.99,273509.63,305285.34,341153.94
2031-05-24,267577.04,309731.69,328467.09,618288.51,172711.64,7,167010.30,181838.50,212668.25,230157.57,257927.52,273265.07,304979.62,340724.05
2031-05-25,267562.21,309470.46,328092.37,618499.23,172827.84,7,166916.64,181836.43,212588.03,230028.27,257784.11,273032.31,304684.18,340305.85
2031-05-26,267361.58,309156.11,327721.39,618474.96,172944.11,7,166827.65,181837.13,212511.07,229902.54,257640.65,272806.28,304392.10,339891.60
2031-05-27,267140.42,308901.75,327350.70,618711.49,173060.44,7,166738.64,181838.26,212434.63,229777.42,257500.67,272583.34,304100.19,339477.72
2031-05-28,266911.95,308648.47,326981.00,618951.17,173176.83,7,166649.15,181839.58,212358.46,229652.61,257362.03,272363.84,303809.09,339064.94
2031-05-29,266536.93,308326.65,326609.53,618885.28,173293.28,7,166557.01,181840.04,212281.30,229526.78,257222.68,272145.44,303516.25,338650.41
2031-05-30,266359.62,307986.32,326259.51,618733.35,173409.80,7,166497.90,181857.22,212223.69,229422.12,257092.66,271953.76,303243.21,338258.17
2031-05-31,266203.93,307680.90,325918.90,618732.89,173526.39,7,166451.68,181881.15,212173.96,229326.01,256950.66,271774.41,302978.84,337875.76
2031-06-01,266053.97,307405.34,325582.88,618862.95,173643.04,7,166412.63,181908.95,212128.74,229234.81,256811.74,271602.43,302718.63,337498.18
2031-06-02,266074.88,307134.51,325251.95,619011.89,173759.75,7,166380.00,181940.24,212087.61,229148.05,256675.64,271438.40,302463.07,337125.94
2031-06-03,265933.17,306863.19,324920.59,619156.36,173876.53,7,166350.03,181973.17,212048.39,229063.36,256540.38,271277.86,302207.00,336753.32
2031-06-04,265792.73,306592.64,324590.12,619302.02,173993.37,7,166322.65,182007.69,212011.01,228980.70,256406.21,271118.69,301951.67,336381.68
2031-06-05,265625.71,306330.54,324257.88,619483.79,174110.27,7,166292.58,182041.21,211972.48,228896.82,256270.98,270957.84,301694.60,336008.28
2031-06-06,265497.04,306070.20,323927.66,619671.55,174227.24,7,166266.73,182077.12,211936.73,228815.95,256149.29,270798.51,301439.32,335637.04
2031-06-07,265377.98,305846.87,323599.47,620026.68,174344.27,7,166258.56,182121.92,211911.32,228746.28,256031.50,270640.69,301185.83,335267.96
2031-06-08,265249.42,305608.95,323272.96,620313.98,174461.37,7,166248.41,182166.06,211885.12,228675.77,255903.02,270484.07,300933.80,334900.68
2031-06-09,265094.45,305338.75,322946.32,620451.23,174578.53,7,166237.88,182210.30,211859.04,228605.40,255769.53,270327.18,300681.57,334533.33
2031-06-10,265086.33,305109.79,322629.11,620776.86,174695.76,7,166224.96,182253.67,211831.94,228533.96,255634.96,270177.99,300438.01,334175.81
2031-06-11,264937.53,304873.74,322314.57,621068.58,174813.05,7,166215.17,182298.84,211806.92,228464.77,255500.93,270030.88,300196.86,333821.13
2031-06-12,264795.43,304655.54,322003.02,621442.23,174930.41,7,166211.42,182347.20,211785.60,228399.59,255370.27,269886.08,299958.40,333469.60
2031-06-13,264614.60,304460.27,321699.36,621922.48,175047.83,7,166218.36,182400.96,211770.53,228341.17,255246.42,269747.73,299727.21,333126.30
2031-06-14,264485.10,304259.65,321390.48,622377.83,175165.31,7,166220.07,182452.47,211752.82,228279.93,255129.49,269604.83,299491.06,332777.65
2031-06-15,264354.58,304059.92,321082.94,622837.31,175282.86,7,166225.07,182505.81,211737.24,228220.98,255014.62,269462.90,299256.08,332430.46
2031-06-16,264228.92,303861.40,320777.10,623302.52,175400.47,7,166232.77,182560.69,211723.42,228163.95,254899.52,269322.21,299022.59,332085.08
2031-06-17,264113.00,303660.98,320469.67,623758.70,175518.15,7,166241.68,182616.41,211710.55,228107.95,254787.27,269180.02,298787.52,331738.11
2031-06-18,263989.58,303459.38,320161.39,624209.21,175635.89,7,166251.32,182672.71,211698.34,228052.69,254677.16,269036.94,298551.59,331390.33
2031-06-19,263863.44,303262.73,319858.76,624683.36,175753.70,7,166272.76,182734.85,211692.87,228004.69,254563.24,268898.45,298320.83,331048.46
2031-06-20,263740.23,303070.76,319561.47,625180.10,175871.57,7,166302.26,182801.01,211692.04,227961.69,254455.74,268764.28,298094.97,330712.17
2031-06-21,263617.97,302883.38,319269.42,625699.20,175989.51,7,166340.03,182871.26,211695.92,227923.78,254341.94,268634.35,297873.91,330381.35
2031-06-22,263467.75,302657.14,318989.12,626030.56,176107.51,7,166396.09,182950.29,211709.92,227896.76,254231.77,268514.15,297663.73,330062.76
2031-06-23,263362.67,302448.69,318725.58,626447.32,176225.58,7,166480.45,183042.73,211739.39,227886.40,254130.28,268407.91,297469.11,329761.56
2031-06-24,263163.96,302249.35,318469.71,626908.26,176343.71,7,166577.13,183140.99,211775.55,227883.24,254048.23,268308.01,297281.59,329468.35
2031-06-25,262966.13,302046.97,318208.69,627354.27,176461.90,7,166683.20,183243.68,211816.77,227885.51,253968.48,268203.62,297089.18,329169.85
2031-06-26,262903.65,301847.33,317956.77,627813.58,176580.16,7,166803.28,183352.91,211865.49,227895.84,253894.60,268106.77,296905.20,328880.83
2031-06-27,262856.18,301653.51,317711.05,628301.57,176698.49,7,166932.50,183466.39,211919.04,227911.36,253823.83,268015.02,296726.93,328598.27
2031-06-28,262842.46,301495.90,317465.53,628969.40,176816.88,7,167062.88,183580.36,211973.11,227927.42,253751.15,267923.31,296548.79,328315.96
2031-06-29,262739.70,301347.08,317218.11,629682.66,176935.33,7,167189.99,183692.80,212025.34,227941.47,253676.34,267829.87,296368.80,328031.74
2031-06-30,262645.92,301197.97,316968.87,630396.46,177053.85,7,167314.18,183803.88,212075.93,227953.77,253601.13,267734.76,296187.04,327745.68
2031-07-01,262549.22,301043.05,316713.88,631083.01,177172.44,7,167430.46,183911.32,212122.26,227961.47,253523.87,267634.67,295999.85,327453.73
2031-07-02,262452.45,300887.84,316458.98,631770.00,177291.08,7,167545.28,184018.09,212167.76,227968.27,253443.87,267534.51,295812.66,327161.92
2031-07-03,262356.67,300733.00,316204.83,632460.54,177409.80,7,167658.26,184124.04,212212.25,227973.97,253363.07,267434.86,295626.10,326870.94
2031-07-04,262261.30,300585.41,315958.69,633189.83,177528.58,7,167780.06,184234.03,212261.33,227984.58,253294.12,267341.85,295446.96,326588.29
2031-07-05,262115.89,300380.70,315711.33,633629.52,177647.42,7,167900.73,184343.48,212309.73,227994.47,253223.18,267247.68,295266.61,326304.42
2031-07-06,261962.56,300162.01,315460.28,633997.20,177766.33,7,168015.60,184450.32,212355.05,228001.03,253144.82,267150.26,295082.74,326016.79
2031-07-07,261840.73,299919.87,315198.52,634243.38,177885.31,7,168115.23,184550.29,212392.41,227999.04,253062.23,267043.63,294888.78,325718.14
2031-07-08,261711.77,299663.67,314921.43,634415.20,178004.35,7,168189.31,184638.81,212416.55,227982.85,252973.85,266923.87,294680.41,325403.71
2031-07-09,261460.42,299435.52,314641.19,634730.15,178123.45,7,168258.03,184725.04,212437.99,227963.77,252868.69,266801.28,294469.00,325086.07
2031-07-10,261343.24,299176.20,314356.74,634881.54,178242.62,7,168319.35,184808.08,212455.73,227940.71,252760.98,266674.97,294253.58,324764.14
2031-07-11,261223.86,298895.01,314069.97,634916.18,178361.86,7,168376.43,184889.37,212471.41,227915.45,252650.07,266546.53,294035.90,324439.86
2031-07-12,261092.47,298603.58,313772.16,634893.74,178481.16,7,168413.68,184961.96,212477.08,227879.44,252532.90,266408.56,293807.79,324104.23
2031-07-13,261001.65,298321.11,313466.94,634914.69,178600.53,7,168438.73,185029.34,212476.71,227836.97,252418.97,266264.14,293572.67,323761.02
2031-07-14,260876.85,298055.43,313157.03,635020.86,178719.96,7,168456.48,185093.70,212472.85,227790.76,252308.99,266115.55,293333.07,323413.01
2031-07-15,260666.45,297762.35,312840.39,634978.97,178839.45,7,168460.79,185152.35,212462.41,227737.52,252194.55,265961.07,293087.07,323058.12
2031-07-16,260495.37,297453.76,312523.72,634850.56,178959.02,7,168462.54,185210.13,212450.97,227683.20,252081.08,265806.38,292840.95,322703.26
2031-07-17,260326.02,297146.49,312208.16,634724.68,179078.64,7,168462.52,185267.40,212438.91,227628.24,251966.91,265652.45,292595.78,322349.61
2031-07-18,260183.06,296840.17,311893.33,634599.32,179198.34,7,168459.62,185323.69,212425.71,227572.07,251851.12,265498.97,292351.20,321996.77
2031-07-19,260028.80,296531.44,311559.37,634456.44,179318.10,7,168418.72,185363.62,212393.73,227495.80,251721.67,265329.01,292088.60,321624.24
2031-07-20,259472.25,296209.86,311228.03,634239.65,179437.92,7,168378.82,185404.32,212362.65,227420.51,251589.73,265161.09,291828.35,321254.48
2031-07-21,259105.30,295892.84,310901.21,634042.30,179557.81,7,168343.47,185447.37,212334.25,227348.11,251462.82,264996.83,291572.25,320889.44
2031-07-22,258626.58,295575.93,310574.22,633840.47,179677.76,7,168305.41,185489.59,212304.88,227274.70,251336.19,264832.24,291315.89,320524.30
2031-07-23,258210.49,295256.24,310244.06,633618.43,179797.78,7,168262.89,185530.23,212273.70,227199.35,251207.73,264664.75,291056.46,320155.95
2031-07-24,257832.16,294926.16,309902.71,633334.28,179917.87,7,168200.23,185562.50,212232.95,227113.79,251069.90,264487.52,290786.44,319776.11
2031-07-25,257536.04,294595.45,309560.42,633041.00,180038.02,7,168133.24,185593.29,212190.50,227026.45,250929.87,264309.29,290515.44,319395.38
2031-07-26,257133.89,294251.95,309204.44,632671.57,180158.24,7,168042.22,185614.13,212136.69,226926.97,250780.70,264119.16,290231.48,319000.57
2031-07-27,256769.49,293845.26,308765.78,631946.93,180278.52,7,167815.26,185576.88,212016.52,226756.54,250563.71,263858.17,289869.80,318520.55
2031-07-28,256477.79,293428.22,308316.08,631156.41,180398.87,7,167572.22,185533.39,211889.28,226578.61,250330.11,263587.47,289497.63,318029.23
2031-07-29,256102.00,293010.71,307865.75,630354.43,180519.28,7,167314.63,185484.33,211755.75,226394.02,250082.30,263315.94,289124.72,317537.33
2031-07-30,255671.99,292582.59,307419.98,629484.41,180639.76,7,167065.60,185439.66,211627.29,226214.91,249838.67,263048.04,288755.96,317050.22
2031-07-31,255351.61,292163.63,306967.75,628656.11,180760.31,7,166805.76,185391.06,211494.42,226031.13,249587.63,262774.33,288381.00,316556.53
2031-08-01,255069.78,291740.51,306510.99,627795.42,180880.92,7,166538.35,185339.93,211358.74,225844.42,249333.43,262496.46,288001.65,316058.27
2031-08-02,254785.48,291318.27,306055.02,626930.36,181001.60,7,166272.89,185290.36,211224.91,225659.74,249081.35,262218.98,287622.90,315560.90
2031-08-03,254530.29,290909.72,305613.28,626133.11,181122.34,7,166034.78,185253.16,211105.24,225490.25,248841.43,261953.40,287257.39,315078.28
2031-08-04,254164.89,290527.03,305168.75,625472.99,181243.15,7,165790.70,185214.12,210983.53,225318.64,248601.99,261685.16,286889.12,314592.87
2031-08-05,253832.64,290117.40,304724.14,624652.00,181364.03,7,165542.38,185173.97,210860.61,225145.79,248362.78,261416.57,286520.64,314107.46
2031-08-06,253339.64,289726.56,304286.70,623928.79,181484.97,7,165301.54,185137.68,210742.16,224977.77,248127.52,261153.86,286158.78,313629.53
2031-08-07,253080.58,289372.77,303857.82,623408.31,181605.98,7,165072.99,185107.30,210630.49,224817.03,247898.85,260898.22,285804.83,313160.50
2031-08-08,252963.87,289035.87,303446.89,622977.25,181727.05,7,164872.36,185089.39,210533.06,224671.55,247685.99,260657.74,285467.64,312710.05
2031-08-09,252742.45,288701.95,303039.30,622556.59,181848.19,7,164676.51,185074.14,210438.69,224529.38,247476.92,260419.87,285133.47,312263.11
2031-08-10,252540.85,288379.27,302643.71,622194.10,181969.39,7,164496.43,185066.16,210352.62,224396.11,247275.79,260192.06,284810.47,311828.62
2031-08-11,252407.36,288135.01,302330.61,622278.73,182090.66,7,164456.62,185117.76,210334.30,224335.13,247141.08,260034.96,284564.99,311479.19
2031-08-12,252287.45,287892.14,302033.82,622368.39,182212.00,7,164440.11,185179.50,210327.46,224286.43,247019.82,259891.72,284334.78,311146.62
2031-08-13,252221.84,287632.92,301739.62,622359.82,182333.41,7,164433.48,185245.69,210325.67,224243.10,246904.80,259750.53,284106.91,310816.77
2031-08-14,252191.71,287400.46,301453.84,622504.10,182454.88,7,164440.50,185317.87,210330.63,224206.99,246797.94,259616.42,283886.89,310495.65
2031-08-15,252134.19,287194.44,301181.28,622801.13,182576.41,7,164467.62,185398.67,210345.35,224181.28,246702.52,259493.55,283679.24,310188.21
2031-08-16,252062.48,287001.67,300904.77,623174.97,182698.01,7,164487.49,185476.69,210356.88,224152.17,246603.24,259367.11,283467.79,309876.74
2031-08-17,251960.90,286802.39,300631.99,623509.56,182819.68,7,164510.54,185556.26,210370.13,224124.90,246507.36,259243.74,283259.78,309569.18
2031-08-18,251850.23,286579.66,300356.96,623703.59,182941.42,7,164528.72,185634.06,210381.34,224095.45,246409.35,259118.27,283049.56,309259.35
2031-08-19,252114.63,286373.24,300084.66,623992.91,183063.22,7,164551.73,185714.09,210395.03,224068.66,246314.08,258995.01,282841.85,308952.38
2031-08-20,252270.20,286170.48,299816.36,624302.79,183185.08,7,164584.41,185798.32,210413.44,224046.89,246224.22,258875.04,282637.82,308649.59
2031-08-21,252493.06,285970.26,299550.88,624626.64,183307.02,7,164620.82,185884.29,210433.79,224027.18,246137.79,258757.36,282436.37,308349.74
2031-08-22,252644.42,285766.23,299281.56,624926.37,183429.02,7,164650.35,185967.66,210451.14,224004.29,246047.85,258636.21,282231.23,308046.00
2031-08-23,252818.29,285542.95,299007.08,625107.82,183551.09,7,164670.76,186047.53,210464.50,223977.15,245953.14,258510.45,282021.14,307736.99
2031-08-24,252933.34,285335.96,298734.92,625386.32,183673.22,7,164694.58,186129.02,210479.65,223951.91,245860.37,258386.55,281813.16,307430.43
2031-08-25,253027.69,285117.41,298450.83,625592.53,183795.42,7,164701.18,186203.77,210487.14,223918.53,245758.60,258252.16,281593.85,307111.64
2031-08-26,253022.38,284888.60,298170.34,625733.62,183917.68,7,164714.64,186281.56,210498.03,223888.77,245661.00,258120.73,281377.85,306796.62
2031-08-27,253019.10,284663.39,297893.68,625894.09,184040.02,7,164733.83,186361.92,210511.79,223862.06,245566.87,257992.46,281165.38,306485.58
2031-08-28,253022.88,284445.13,297624.38,626095.22,184162.42,7,164758.94,186444.90,210528.47,223838.46,245480.99,257870.40,280959.78,306182.17
2031-08-29,253086.69,284234.93,297349.52,626344.36,184284.88,7,164772.15,186523.33,210539.97,223809.36,245389.05,257743.37,280748.85,305873.08
2031-08-30,253065.82,284025.75,297070.91,626598.01,184407.41,7,164776.81,186598.60,210547.87,223776.44,245292.91,257612.94,280534.30,305560.20
2031-08-31,253099.88,283849.79,296803.48,627058.33,184530.01,7,164800.04,186681.56,210564.42,223752.69,245207.08,257492.06,280330.24,305258.88
2031-09-01,253090.38,283700.78,296534.31,627688.56,184652.68,7,164822.78,186764.55,210580.96,223728.96,245120.08,257369.50,280124.44,304955.80
2031-09-02,253005.81,283604.60,296267.79,628654.90,184775.41,7,164849.93,186849.54,210599.70,223707.56,245035.44,257249.10,279921.08,304655.51
2031-09-03,253053.59,283520.37,296004.00,629702.10,184898.21,7,164879.82,186935.83,210619.87,223687.68,244952.41,257130.91,279720.22,304358.07
2031-09-04,253067.77,283437.55,295734.76,630763.93,185021.07,7,164902.49,187019.49,210637.04,223664.60,244865.85,257007.85,279514.13,304055.09
2031-09-05,253178.65,283356.87,295463.01,631845.19,185144.01,7,164921.25,187101.86,210652.71,223639.95,244777.61,256882.44,279305.59,303749.57
2031-09-06,253272.55,283265.23,295194.73,632861.52,185267.01,7,164945.36,187186.57,210670.98,223618.04,244692.32,256759.90,279100.25,303447.67
2031-09-07,253347.45,283175.88,294929.88,633898.00,185390.07,7,164973.26,187272.99,210691.13,223598.14,244609.44,256640.19,278898.08,303149.36
2031-09-08,253418.88,283096.86,294676.84,635007.29,185513.21,7,165025.74,187369.23,210722.28,223589.91,244539.65,256530.62,278707.00,302863.23
2031-09-09,253513.79,283036.44,294444.19,636245.00,185636.41,7,165117.44,187480.89,210770.72,223600.01,244487.84,256438.66,278535.13,302598.10
2031-09-10,253594.44,282984.12,294220.96,637543.72,185759.67,7,165228.52,187600.14,210827.62,223619.08,244440.53,256354.78,278372.12,302342.70
2031-09-11,253645.43,282938.03,294005.21,638891.92,185883.01,7,165351.55,187724.05,210889.68,223643.61,244396.60,256277.31,278216.11,302095.02
2031-09-12,253695.18,282891.12,293789.59,640243.46,186006.41,7,165486.70,187852.62,210956.91,223673.59,244352.62,256199.84,278060.18,301847.53
2031-09-13,253808.46,282869.22,293600.93,641771.60,186129.88,7,165673.25,188000.89,211046.18,223726.93,244320.41,256145.77,277929.69,301627.76
2031-09-14,253929.50,282856.56,293422.80,643372.88,186253.41,7,165882.63,188157.73,211144.97,223790.32,244295.19,256100.80,277809.14,301418.86
2031-09-15,254061.73,282832.15,293249.45,644905.96,186377.01,7,166103.06,188318.56,211248.13,223858.32,244271.47,256059.92,277693.05,301214.90
2031-09-16,254193.45,282824.38,293085.06,646563.46,186500.68,7,166343.22,188486.63,211359.30,223934.77,244253.76,256026.78,277585.40,301020.17
2031-09-17,254244.54,282824.21,292922.60,648285.36,186624.42,7,166589.38,188656.66,211472.56,224013.40,244236.40,255995.26,277479.54,300827.47
2031-09-18,254299.39,282825.90,292763.01,650033.24,186748.22,7,166844.24,188829.63,211589.02,224095.38,244221.11,255966.17,277376.35,300637.74
2031-09-19,254315.64,282833.35,292610.29,651834.42,186872.09,7,167109.76,189006.27,211709.45,224181.54,244208.95,255943.02,277279.63,300455.09
2031-09-20,254475.20,282843.97,292461.76,653671.77,186996.03,7,167386.27,189186.63,211833.95,224271.95,244196.85,255923.47,277186.85,300276.79
2031-09-21,254649.15,282870.45,292330.53,655635.08,187120.04,7,167698.59,189379.91,211972.79,224377.51,244191.08,255919.01,277110.43,300116.27
2031-09-22,254783.11,282915.48,292206.14,657745.66,187244.11,7,168030.23,189579.84,212118.93,224490.74,244187.38,255920.48,277040.45,299962.80
2031-09-23,254924.45,282938.32,292072.97,659716.08,187368.25,7,168344.03,189772.60,212256.93,224595.31,244172.47,255914.21,276962.11,299800.34
2031-09-24,255091.83,282953.83,291933.13,661650.18,187492.45,7,168645.15,189960.18,212389.00,224693.57,244150.56,255902.05,276877.42,299631.07
2031-09-25,255252.26,282957.67,291782.15,663515.67,187616.73,7,168924.31,190139.25,212511.43,224781.58,244122.52,255880.05,276782.12,299450.38
2031-09-26,255405.04,282953.53,291623.85,665338.19,187741.07,7,169191.36,190313.49,212628.35,224863.72,244088.33,255851.58,276679.85,299262.23
2031-09-27,255477.03,282949.43,291466.51,667175.29,187865.48,7,169460.99,190488.28,212745.77,224946.36,244055.30,255823.88,276578.44,299075.08
2031-09-28,255434.56,282925.58,291289.75,668881.83,187989.96,7,169693.12,190649.13,212847.51,225012.38,244013.62,255779.04,276458.55,298868.04
2031-09-29,255451.93,282877.03,291105.42,670419.03,188114.50,7,169910.93,190804.53,212943.07,225071.83,243966.93,255727.48,276331.43,298653.27
2031-09-30,255450.19,282804.83,290918.78,671791.54,188239.11,7,170125.85,190958.65,213037.10,225129.65,243920.15,255673.79,276202.06,298436.16
2031-10-01,255327.22,282705.98,290732.40,672974.08,188363.79,7,170342.73,191113.25,213131.57,225187.90,243872.64,255620.25,276072.90,298219.37
2031-10-02,255436.91,282562.27,290547.69,673826.82,188488.54,7,170563.69,191269.08,213227.31,225247.45,243825.47,255568.08,275945.27,298004.32
2031-10-03,255455.94,282411.63,290365.54,674630.78,188613.35,7,170794.11,191428.00,213326.40,225310.52,243780.21,255518.07,275820.01,297791.93
2031-10-04,255524.84,282261.66,290178.88,675442.66,188738.23,7,171015.72,191583.55,213421.63,225369.47,243735.90,255463.99,275690.42,297574.94
2031-10-05,255731.32,282098.16,289983.59,676154.44,188863.18,7,171219.55,191732.58,213509.51,225420.65,243687.24,255402.23,275552.58,297349.16
2031-10-06,255645.55,281917.94,289771.16,676740.11,188988.20,7,171388.01,191869.01,213583.26,225456.88,243631.28,255325.26,275398.39,297105.82
2031-10-07,255595.37,281732.41,289553.30,677285.61,189113.29,7,171544.96,192001.31,213652.34,225488.15,243573.93,255243.40,275238.99,296856.98
2031-10-08,255501.80,281544.32,289332.86,677811.71,189238.44,7,171696.71,192131.72,213719.23,225517.11,243515.29,255159.14,275077.07,296605.52
2031-10-09,255435.34,281376.86,289133.65,678498.12,189363.66,7,171901.90,192280.62,213806.61,225567.65,243465.21,255093.49,274935.27,296375.86
2031-10-10,255209.86,281213.07,288938.24,679214.90,189488.95,7,172115.91,192432.38,213897.07,225621.42,243416.83,255031.10,274797.03,296150.16
2031-10-11,255080.85,281048.61,288742.19,679928.45,189614.30,7,172329.81,192583.87,213987.14,225674.75,243369.24,254968.03,274658.12,295923.81
2031-10-12,254897.93,280881.14,288543.06,680620.04,189739.73,7,172538.89,192733.49,214075.03,225725.76,243318.15,254902.15,274516.24,295694.36
2031-10-13,254706.57,280712.39,288342.67,681303.37,189865.22,7,172747.16,192882.61,214162.29,225776.07,243265.76,254835.05,274373.09,295463.65
2031-10-14,254644.04,280548.27,288147.06,682025.23,189990.78,7,172967.86,193035.77,214253.93,225830.97,243217.04,254772.08,274234.45,295237.89
2031-10-15,254503.71,280384.50,287951.85,682751.89,190116.41,7,173192.48,193190.01,214346.68,225887.02,243168.53,254709.35,274096.12,295012.56
2031-10-16,254460.59,280225.56,287761.63,683519.58,190242.10,7,173428.22,193347.76,214443.21,225947.03,243118.94,254650.95,273962.49,294792.39
2031-10-17,254415.76,280056.87,287561.43,684210.78,190367.86,7,173640.39,193497.30,214530.56,225997.32,243062.80,254583.60,273819.31,294562.03
2031-10-18,254366.72,279883.61,287356.58,684866.45,190493.70,7,173839.04,193642.11,214612.56,226041.96,243003.60,254512.04,273671.63,294326.94
2031-10-19,254217.30,279633.40,287151.89,684894.34,190619.59,7,174038.77,193787.09,214694.65,226086.68,242939.90,254440.51,273524.05,294092.06
2031-10-20,253976.83,279385.07,286949.03,684932.79,190745.56,7,174242.68,193933.28,214778.01,226132.70,242877.69,254370.49,273378.16,293859.10
2031-10-21,253742.89,279144.12,286753.66,685027.52,190871.60,7,174465.40,194085.51,214867.96,226185.63,242820.59,254307.01,273239.36,293633.84
2031-10-22,253682.70,278900.29,286555.23,685094.24,190997.70,7,174678.80,194234.42,214954.14,226234.57,242759.72,254240.72,273097.57,293405.49
2031-10-23,253499.28,278664.81,286365.26,685225.98,191123.87,7,174913.41,194390.08,215047.70,226291.25,242704.04,254181.83,272963.80,293185.84
2031-10-24,253294.10,278488.01,286155.82,685844.89,191250.11,7,175094.93,194528.11,215121.66,226327.28,242641.08,254105.56,272811.41,292946.29
2031-10-25,253081.78,278308.37,285944.86,686440.84,191376.42,7,175272.62,194664.76,215194.02,226361.61,242578.64,254027.81,272657.51,292705.23
2031-10-26,252999.08,278107.82,285729.01,686860.74,191502.80,7,175438.46,194797.45,215261.92,226391.22,242513.85,253945.61,272498.88,292459.19
2031-10-27,252899.48,277921.76,285509.57,687402.73,191629.24,7,175595.52,194927.21,215326.50,226417.32,242446.67,253860.11,272336.78,292209.54
2031-10-28,252954.71,277724.06,285286.24,687845.34,191755.76,7,175742.42,195053.64,215387.32,226439.47,242377.72,253771.03,272170.90,291955.94
2031-10-29,252818.65,277454.60,285062.27,687671.36,191882.34,7,175883.06,195178.01,215445.81,226459.13,242306.77,253681.24,272004.34,291701.72
2031-10-30,252630.40,277262.35,284836.21,688156.14,192008.99,7,176016.43,195300.03,215501.64,226475.99,242234.35,253589.48,271835.72,291445.41
2031-10-31,252592.24,277061.42,284601.26,688565.17,192135.71,7,176128.95,195415.42,215550.06,226485.06,242160.37,253489.67,271658.55,291180.06
2031-11-01,252354.82,276851.84,284370.59,688897.82,192262.49,7,176253.21,195534.56,215602.57,226498.40,242091.15,253393.55,271485.40,290919.12
2031-11-02,252225.66,276605.52,284144.43,688906.77,192389.35,7,176388.95,195657.35,215659.03,226515.89,242025.38,253301.31,271316.49,290662.84
2031-11-03,252205.07,276365.76,283918.51,688968.33,192516.27,7,176526.89,195780.82,215716.17,226534.06,241961.12,253209.16,271147.74,290406.85
2031-11-04,252016.96,276132.76,283697.50,689084.88,192643.26,7,176679.74,195908.93,215778.36,226557.53,241900.46,253121.27,270983.62,290155.92
2031-11-05,251829.47,275921.02,283471.62,689386.04,192770.32,7,176820.10,196033.10,215836.12,226576.33,241838.44,253028.92,270814.78,289900.06
2031-11-06,251674.95,275720.59,283246.66,689785.74,192897.45,7,176957.92,196156.45,215892.92,226594.12,241775.26,252937.25,270646.75,289645.18
2031-11-07,251554.70,275523.71,283015.31,690215.92,193024.65,7,177078.82,196274.56,215943.87,226605.74,241708.24,252839.75,270472.55,289383.81
2031-11-08,251395.30,275322.65,282779.72,690607.36,193151.92,7,177187.96,196389.05,215990.79,226613.13,241637.32,252738.33,270294.23,289118.14
2031-11-09,251331.04,275119.58,282542.09,690979.17,193279.25,7,177291.44,196501.86,216035.79,226618.49,241565.41,252634.96,270113.90,288850.44
2031-11-10,251328.69,274930.44,282314.01,691476.19,193406.66,7,177420.47,196622.56,216089.40,226632.88,241498.98,252539.99,269942.62,288592.54
2031-11-11,251248.66,274753.25,282088.67,692082.27,193534.13,7,177557.09,196745.57,216145.48,226649.84,241435.44,252447.34,269773.90,288337.48
2031-11-12,251278.00,274581.16,281864.43,692736.24,193661.67,7,177695.61,196869.15,216202.11,226667.36,241373.34,252355.56,269606.16,288083.60
2031-11-13,251165.82,274407.93,281639.21,693380.82,193789.28,7,177834.61,196992.86,216258.82,226684.95,241312.10,252262.77,269437.43,287828.76
2031-11-14,251095.90,274238.16,281417.77,694058.95,193916.96,7,177983.80,197119.62,216318.80,226705.96,241253.16,252173.24,269272.24,287577.81
2031-11-15,251009.00,274067.50,281195.59,694730.26,194044.70,7,178128.97,197245.12,216377.33,226725.43,241194.52,252082.93,269106.29,287326.17
2031-11-16,250940.63,273897.39,280974.20,695408.23,194172.52,7,178275.88,197371.11,216436.33,226745.37,241136.04,251993.19,268941.01,287075.36
2031-11-17,250924.37,273727.53,280753.26,696090.13,194300.41,7,178426.59,197498.20,216496.46,226766.49,241077.94,251903.75,268776.12,286825.06
2031-11-18,250942.40,273626.80,280534.39,697432.22,194428.36,7,178583.03,197626.93,216558.31,226789.40,241021.72,251816.04,268613.14,286576.92
2031-11-19,250966.74,273533.64,280323.60,698856.24,194556.38,7,178763.20,197762.60,216627.69,226820.16,240969.71,251735.46,268457.83,286337.06
2031-11-20,250986.16,273442.29,280115.02,700308.44,194684.47,7,178950.28,197900.18,216699.08,226853.02,240917.58,251656.75,268304.58,286099.51
2031-11-21,250936.96,273348.30,279907.36,701745.68,194812.64,7,179148.26,198040.81,216773.73,226889.27,240869.30,251578.75,268152.14,285862.93
2031-11-22,250944.49,273259.92,279702.48,703248.70,194940.87,7,179353.63,198183.42,216850.46,226927.67,240823.16,251503.14,268002.32,285629.24
2031-11-23,250931.14,273107.04,279501.27,704128.83,195069.16,7,179570.00,198329.02,216930.39,226969.40,240780.98,251430.72,267855.95,285399.33
2031-11-24,250982.61,272961.66,279306.76,705086.92,195197.53,7,179806.91,198480.34,217016.47,227017.54,240746.19,251364.22,267715.94,285176.30
2031-11-25,250889.01,272826.02,279108.01,706146.71,195325.97,7,180032.63,198628.18,217098.66,227061.59,240714.22,251293.80,267571.82,284948.98
2031-11-26,250909.94,272675.86,278910.69,707067.03,195454.48,7,180264.63,198777.59,217182.47,227107.30,240691.51,251224.56,267429.01,284723.16
2031-11-27,250856.58,272534.54,278715.64,708080.89,195583.05,7,180500.73,198927.89,217267.18,227153.93,240669.13,251157.26,267288.32,284499.68
2031-11-28,250894.99,272456.83,278522.39,709745.15,195711.70,7,180744.23,199080.04,217353.80,227202.53,240647.60,251091.49,267149.31,284278.10
2031-11-29,250908.90,272306.38,278325.73,710680.78,195840.41,7,180977.82,199229.11,217436.97,227247.50,240626.75,251022.53,267006.96,284053.05
2031-11-30,250929.68,272154.06,278127.33,711601.57,195969.19,7,181207.06,199376.70,217518.43,227290.67,240605.53,250951.90,266862.89,283826.28
2031-12-01,251045.44,272017.63,277934.01,712690.86,196098.05,7,181454.37,199529.10,217605.06,227339.20,240588.15,250885.74,266723.63,283604.73
2031-12-02,251174.06,271922.74,277746.70,714218.51,196226.97,7,181721.83,199686.79,217697.36,227393.64,240574.36,250824.92,266590.10,283389.34
2031-12-03,251142.69,271855.45,277593.46,716047.46,196355.96,7,182102.72,199875.45,217823.31,227483.19,240580.91,250794.77,266489.21,283208.75
2031-12-04,251436.58,271785.19,277437.13,717861.31,196485.02,7,182476.48,200061.48,217946.28,227569.59,240585.54,250761.76,266385.32,283025.05
2031-12-05,251678.83,271701.49,277290.50,719548.55,196614.15,7,182884.27,200256.17,218078.55,227665.66,240594.99,250737.44,266290.69,282851.25
2031-12-06,251893.33,271607.99,277143.38,721145.38,196743.35,7,183290.27,200449.61,218209.36,227760.15,240603.60,250712.62,266195.56,282677.00
2031-12-07,252096.96,271505.24,276995.75,722655.68,196872.62,7,183697.91,200642.77,218339.71,227854.14,240611.50,250687.26,266099.90,282502.25
2031-12-08,252337.25,271417.87,276864.00,724344.75,197001.95,7,184163.38,200850.70,218486.02,227964.72,240628.50,250676.23,266019.46,282343.73
2031-12-09,252609.47,271340.21,276742.36,726154.23,197131.36,7,184667.59,201068.06,218642.44,228085.80,240646.88,250674.28,265948.69,282195.53
2031-12-10,252790.32,271290.54,276653.36,728287.91,197260.84,7,185287.30,201315.00,218830.87,228240.23,240677.41,250703.69,265909.27,282080.65
2031-12-11,253058.24,271253.73,276586.21,730585.15,197390.39,7,185983.60,201580.70,219039.52,228415.66,240713.93,250758.00,265890.83,281988.06
2031-12-12,253254.51,271226.19,276534.19,733009.53,197520.00,7,186742.36,201861.03,219263.88,228607.40,240758.83,250830.40,265886.92,281910.90
2031-12-13,253481.82,271199.91,276483.47,735473.65,197649.69,7,187512.51,202142.42,219489.20,228800.07,240805.02,250905.27,265884.26,281835.09
2031-12-14,253771.29,271177.80,276437.02,738011.48,197779.44,7,188305.21,202427.68,219718.52,228996.84,240854.18,250985.09,265885.69,281763.64
2031-12-15,253994.64,271177.53,276412.82,740826.51,197909.27,7,189182.61,202732.60,219968.97,229215.54,240926.86,251090.12,265908.53,281714.88
2031-12-16,254240.98,271194.00,276405.71,743867.15,198039.16,7,190090.80,203043.00,220225.16,229440.12,241009.00,251213.63,265947.80,281683.54
2031-12-17,254520.63,271238.13,276426.77,747265.61,198169.13,7,191107.06,203378.17,220507.99,229692.37,241126.08,251371.71,266014.20,281680.91
2031-12-18,254845.80,271260.37,276425.53,750449.28,198299.16,7,192050.31,203692.26,220767.74,229920.47,241234.83,251511.06,266059.15,281655.56
2031-12-19,255164.34,271277.27,276418.85,753607.93,198429.27,7,192983.31,204001.27,221021.76,230142.52,241343.10,251646.35,266098.86,281624.67
2031-12-20,255479.09,271285.40,276401.45,756699.91,198559.44,7,193886.59,204300.49,221264.95,230353.21,241447.50,251772.35,266128.27,281582.86
2031-12-21,255730.27,271302.11,276391.73,759932.24,198689.69,7,194828.64,204606.80,221515.63,230571.60,241562.10,251905.88,266165.07,281548.89
2031-12-22,256050.91,271318.22,276384.26,763196.84,198820.00,7,195789.19,204915.08,221766.32,230791.90,241681.47,252042.66,266204.05,281517.21
2031-12-23,256326.94,271316.02,276358.16,766276.81,198950.38,7,196689.17,205206.27,221998.78,230992.64,241789.43,252162.24,266225.08,281466.55
2031-12-24,256550.13,271305.47,276323.55,769290.10,199080.84,7,197566.86,205489.84,222218.75,231184.53,241896.64,252275.66,266237.92,281407.24
2031-12-25,256773.96,271266.20,276259.69,771980.54,199211.36,7,198341.73,205746.89,222408.91,231346.30,241990.21,252361.40,266222.57,281318.16
2031-12-26,256909.83,271207.43,276176.00,774455.73,199341.96,7,199049.50,205986.35,222581.34,231488.07,242072.79,252423.80,266188.08,281208.90
2031-12-27,256976.62,271145.80,276089.41,776921.46,199472.62,7,199535.14,206222.43,222755.07,231625.81,242161.27,252476.42,266150.79,281096.69
2031-12-28,257118.48,271079.80,275998.37,779357.83,199603.35,7,199791.20,206454.82,222924.67,231759.18,242248.65,252523.95,266109.19,280979.99
2031-12-29,257287.09,271029.95,275923.81,782028.68,199734.16,7,200062.16,206702.51,223102.76,231909.52,242354.70,252590.31,266083.45,280880.07
2031-12-30,257421.32,270959.65,275828.43,784463.67,199865.03,7,200315.55,206931.98,223261.21,232039.17,242439.08,252633.34,266037.62,280758.98
2031-12-31,257519.10,270869.42,275712.78,786663.36,199995.98,7,200559.80,207151.92,223407.66,232157.95,242512.05,252655.67,265972.21,280617.28
2032-01-01,257602.88,270755.36,275572.90,788570.75,200126.99,7,200782.60,207349.65,223527.54,232251.64,242558.78,252648.72,265883.40,280450.94
2032-01-02,257555.05,270630.59,275422.15,790353.25,200258.08,7,200996.31,207537.92,223635.84,232334.56,242594.24,252630.58,265784.06,280273.57
2032-01-03,257483.76,270498.95,275266.17,792059.63,200389.23,7,201205.70,207721.67,223738.71,232412.27,242624.23,252606.61,265679.62,280090.90
2032-01-04,257353.29,270364.37,275107.13,793740.89,200520.46,7,201412.73,207902.91,223837.65,232487.01,242651.10,252578.57,265572.33,279905.08
2032-01-05,257276.78,270228.91,274946.77,795424.73,200651.75,7,201618.73,208083.04,223935.86,232560.36,242676.49,252542.19,265464.56,279717.51
2032-01-06,257064.22,270090.51,274782.98,797082.67,200783.12,7,201821.99,208260.28,224031.11,232630.33,242698.34,252499.06,265354.31,279526.05
2032-01-07,256965.09,269953.40,274620.32,798772.58,200914.55,7,202026.29,208438.52,224125.89,232701.27,242721.18,252455.21,265245.45,279335.57
2032-01-08,256860.06,269812.05,274453.04,800418.02,201046.06,7,202226.34,208612.34,224217.74,232767.12,242738.69,252403.93,265132.71,279140.11
2032-01-09,256764.52,269666.13,274281.26,802013.22,201177.64,7,202422.43,208781.99,224305.92,232828.20,242751.21,252347.17,265015.74,278940.01
2032-01-10,256564.58,269503.89,274106.70,803390.93,201309.28,7,202616.27,208949.27,224389.32,232886.48,242760.80,252286.49,264896.50,278736.88
2032-01-11,256357.89,269328.50,273916.91,804591.19,201441.00,7,202797.46,209103.46,224453.55,232930.05,242755.03,252213.80,264762.64,278518.23
2032-01-12,256104.01,269155.07,273728.53,805826.74,201572.79,7,202979.76,209258.73,224516.70,232974.70,242750.39,252138.70,264630.94,278300.61
2032-01-13,255835.13,268960.25,273518.10,806761.14,201704.65,7,203142.41,209393.69,224564.97,232996.64,242722.07,252037.69,264478.20,278060.42
2032-01-14,255558.03,268765.86,273307.74,807705.39,201836.58,7,203304.82,209528.35,224611.35,233018.15,242693.32,251934.68,264325.91,277820.13
2032-01-15,255384.62,268571.34,273096.88,808651.20,201968.58,7,203466.54,209662.26,224657.35,233038.73,242663.59,251827.93,264173.48,277579.17
2032-01-16,255124.96,268367.96,272876.84,809469.95,202100.65,7,203620.18,209787.80,224696.48,233049.92,242624.09,251710.14,264012.19,277328.86
2032-01-17,254880.51,268160.66,272652.77,810232.37,202232.79,7,203770.10,209909.46,224733.83,233056.71,242580.03,251588.12,263846.76,277074.60
2032-01-18,254632.88,267948.99,272424.28,810930.42,202365.00,7,203916.11,210027.06,224769.63,233058.92,242531.19,251462.29,263676.68,276816.05
2032-01-19,254415.12,267732.58,272192.42,811557.01,202497.29,7,204059.17,210141.57,224804.45,233057.64,242478.74,251332.65,263503.10,276554.21
2032-01-20,254185.98,267506.61,271949.73,812037.83,202629.64,7,204193.04,210246.58,224830.18,233045.75,242415.26,251198.08,263317.95,276281.92
2032-01-21,253992.48,267273.58,271700.27,812407.94,202762.06,7,204321.01,210345.48,224851.99,233027.04,242344.71,251059.19,263125.17,276003.32
2032-01-22,253754.02,267040.17,271450.34,812767.57,202894.56,7,204448.42,210443.76,224874.32,233007.59,242273.40,250919.83,262931.75,275724.35
2032-01-23,253474.84,266804.11,271197.82,813081.80,203027.12,7,204573.43,210539.53,224895.50,232985.32,242199.19,250779.07,262735.33,275443.01
2032-01-24,253206.93,266567.22,270944.30,813377.63,203159.76,7,204697.64,210634.46,224915.71,232962.06,242123.97,250638.23,262537.92,275160.66
2032-01-25,253002.59,266328.04,270688.45,813632.12,203292.47,7,204819.76,210727.19,224934.26,232936.34,242046.20,250496.32,262337.95,274876.13
2032-01-26,252853.34,266089.93,270433.42,813897.37,203425.25,7,204942.50,210820.54,224953.10,232911.25,241969.12,250355.15,262138.96,274592.34
2032-01-27,252592.40,265846.84,270173.57,814077.60,203558.10,7,205060.93,210909.40,224969.21,232881.17,241886.87,250212.40,261934.56,274304.03
2032-01-28,252287.26,265604.20,269920.39,814257.80,203691.02,7,205184.72,211003.76,224988.33,232857.11,241810.91,250072.26,261737.19,274022.23
2032-01-29,251981.11,265342.12,269665.53,814117.58,203824.01,7,205306.95,211096.47,225006.65,232831.20,241733.03,249931.86,261537.81,273738.91
2032-01-30,251739.27,265102.76,269408.87,814334.32,203957.07,7,205427.28,211187.19,225023.72,232803.05,241652.86,249791.68,261336.30,273453.97
2032-01-31,251441.96,264862.93,269151.64,814536.49,204090.20,7,205546.97,211277.23,225039.94,232774.10,241571.88,249650.59,261134.25,273168.45
2032-02-01,251293.57,264626.85,268897.84,814793.38,204223.41,7,205669.24,211369.88,225057.27,232747.99,241493.88,249511.05,260935.79,272886.30
2032-02-02,251046.31,264396.31,268649.27,815135.78,204356.68,7,205795.67,211466.77,225076.54,232726.51,241420.69,249374.27,260742.81,272609.25
2032-02-03,250839.62,264167.57,268402.34,815502.96,204490.03,7,205923.33,211564.89,225096.39,232706.34,241348.88,249238.73,260551.48,272333.85
2032-02-04,250594.31,263937.23,268153.70,815838.56,204623.45,7,206049.25,211661.18,225114.45,232684.10,241274.96,249102.07,260358.35,272056.79
2032-02-05,250450.53,263705.15,267904.89,816139.40,204756.94,7,206174.90,211757.17,225132.26,232661.49,241200.66,248965.50,260165.03,271779.58
2032-02-06,250208.48,263469.60,267657.50,816375.23,204890.50,7,206301.69,211854.29,225150.13,232640.08,241127.62,248830.60,259973.10,271503.80
2032-02-07,249956.29,263231.95,267408.67,816568.51,205024.13,7,206427.04,211949.90,225166.88,232616.95,241052.83,248694.79,259779.46,271226.74
2032-02-08,249697.33,262993.45,267161.44,816739.69,205157.83,7,206553.16,212046.26,225184.60,232594.61,240978.88,248559.38,259587.03,270951.48
2032-02-09,249557.44,262773.23,266915.70,817220.99,205291.61,7,206680.20,212143.53,225203.43,232573.21,240905.92,248425.09,259395.85,270677.85
2032-02-10,249378.92,262545.15,266668.94,817561.38,205425.45,7,206805.83,212239.32,225221.56,232550.16,240831.27,248290.74,259203.14,270403.46
2032-02-11,249377.36,262329.13,266422.85,818109.27,205559.37,7,206932.01,212335.63,225239.82,232527.63,240757.18,248156.97,259011.13,270129.74
2032-02-12,249299.12,262107.62,266171.62,818557.19,205693.36,7,207053.38,212426.98,225254.95,232499.61,240677.43,248023.19,258813.37,269851.20
2032-02-13,249245.95,261887.55,265921.76,819026.93,205827.42,7,207175.81,212519.38,225271.17,232472.71,240598.86,247890.47,258617.09,269573.98
2032-02-14,249115.30,261667.38,265671.77,819491.56,205961.55,7,207298.33,212611.85,225287.46,232445.84,240520.35,247757.74,258420.75,269296.59
2032-02-15,249016.12,261445.11,265419.76,819914.16,206095.75,7,207419.14,212702.51,225302.25,232416.96,240439.77,247627.98,258222.24,269017.28
2032-02-16,248930.71,261233.08,265167.05,820520.23,206230.03,7,207539.46,212792.65,225316.79,232387.47,240358.59,247499.79,258022.91,268737.33
2032-02-17,248843.68,261019.42,264913.01,821094.64,206364.38,7,207658.42,212881.35,225330.24,232356.38,240275.77,247373.21,257821.99,268456.20
2032-02-18,248734.96,260809.35,264662.89,821734.23,206498.79,7,207780.85,212973.58,225346.85,232329.09,240196.92,247252.18,257624.70,268179.14
2032-02-19,248675.70,260603.15,264416.63,822445.11,206633.28,7,207906.53,213069.11,225364.59,232305.37,240121.77,247134.29,257431.55,267905.80
2032-02-20,248551.93,260400.54,264174.03,823224.22,206767.84,7,208035.27,213167.75,225383.76,232284.97,240050.08,247019.15,257242.25,267636.04
2032-02-21,248451.80,260195.95,263929.77,823966.54,206902.48,7,208162.53,213264.82,225402.07,232262.84,239976.61,246903.36,257051.00,267364.77
2032-02-22,248421.72,259993.55,263687.83,824751.91,207037.18,7,208291.77,213363.89,225421.55,232242.82,239905.35,246790.09,256862.14,267095.79
2032-02-23,248334.13,259795.35,263449.98,825619.93,207171.96,7,208424.83,213466.84,225442.84,232226.99,239838.44,246681.88,256677.86,266830.66
2032-02-24,248273.24,259598.44,263214.55,826516.05,207306.80,7,208559.99,213571.90,225464.78,232213.39,239773.84,246576.63,256496.15,266567.88
2032-02-25,248131.82,259393.63,262980.65,827259.09,207441.72,7,208696.72,213678.52,225488.25,232201.44,239710.96,246472.07,256315.95,266306.64
2032-02-26,248065.11,259201.33,262749.12,828251.52,207576.72,7,208835.05,213786.75,225513.19,232191.17,239649.84,246368.82,256137.96,266047.88
2032-02-27,248033.44,259014.82,262518.36,829365.30,207711.78,7,208974.19,213895.77,225538.74,232181.71,239589.56,246265.61,255960.58,265789.95
2032-02-28,247991.95,258841.86,262287.28,830760.74,207846.91,7,209112.91,214004.32,225563.67,232171.67,239528.71,246162.73,255782.61,265531.87
2032-02-29,247920.20,258650.49,262057.67,831791.21,207982.12,7,209252.77,214113.99,225589.20,232162.80,239469.06,246061.15,255605.97,265275.32
2032-03-01,247917.09,258460.70,261829.77,832860.03,208117.40,7,209394.03,214225.06,225615.51,232155.36,239410.92,245958.31,255431.00,265020.52
2032-03-02,247882.96,258281.77,261615.23,834160.91,208252.75,7,209548.33,214349.42,225679.41,232162.28,239367.59,245865.24,255265.09,264781.27
2032-03-03,247856.50,258102.84,261400.78,835471.91,208388.18,7,209702.93,214474.06,225742.73,232169.40,239324.48,245771.12,255099.37,264542.06
2032-03-04,247852.13,257924.23,261186.61,836800.62,208523.67,7,209857.43,214598.54,225805.05,232176.29,239281.13,245674.29,254934.30,264302.95
2032-03-05,247822.84,257746.53,260973.56,838159.63,208659.24,7,210012.48,214723.55,225867.38,232183.66,239238.29,245578.10,254770.25,264065.01
2032-03-06,247794.91,257573.72,260764.08,839635.67,208794.88,7,210170.59,214851.63,225930.82,232194.29,239198.81,245484.06,254609.93,263830.59
2032-03-07,247768.91,257411.81,260561.36,841363.48,208930.59,7,210334.64,214985.74,225998.00,232211.33,239165.95,245391.65,254456.94,263602.62
2032-03-08,247737.70,257257.68,260365.82,843281.45,209066.37,7,210504.90,215126.16,226071.20,232235.09,239140.01,245298.20,254311.58,263381.62
2032-03-09,247724.38,257105.17,260170.26,845257.84,209202.23,7,210674.86,215266.21,226144.03,232258.38,239113.57,245202.22,254166.01,263160.71
2032-03-10,247693.95,256947.84,259974.17,847150.07,209338.16,7,210844.56,215405.95,226216.15,232281.22,239086.69,245105.05,254020.12,262939.16
2032-03-11,247695.82,256788.69,259780.31,849022.84,209474.16,7,211016.20,215547.62,226288.63,232306.05,239061.85,245009.16,253876.63,262719.76
2032-03-12,247594.85,256625.35,259588.39,850821.73,209610.23,7,211189.68,215691.13,226361.41,232332.76,239038.93,244914.08,253735.23,262502.23
2032-03-13,247532.99,256459.50,259396.86,852582.71,209746.37,7,211363.42,215834.84,226434.20,232359.59,239016.15,244818.35,253594.12,262285.15
2032-03-14,247464.50,256294.71,259206.36,854388.39,209882.59,7,211538.13,215979.50,226507.14,232387.34,238994.31,244722.52,253454.13,262069.07
2032-03-15,247424.91,256129.92,259015.84,856214.67,210018.88,7,211712.80,216124.07,226579.33,232414.90,238972.27,244626.29,253314.15,261852.95
2032-03-16,247291.04,255966.10,258826.52,858085.36,210155.24,7,211888.63,216269.77,226653.65,232443.56,238951.37,244530.18,253174.91,261638.28
2032-03-17,247191.86,255785.55,258627.13,859573.89,210291.68,7,212054.47,216405.22,226695.46,232461.11,238919.04,244425.89,253029.51,261411.57
2032-03-18,247034.90,255607.18,258429.70,861130.46,210428.18,7,212222.07,216542.43,226738.93,232480.46,238888.57,244322.17,252886.19,261186.77
2032-03-19,246885.23,255438.68,258242.69,862945.85,210564.76,7,212399.71,216689.82,226796.85,232510.66,238869.23,244226.32,252751.89,260973.10
2032-03-20,246778.10,255270.94,258056.20,864801.57,210701.42,7,212578.29,216838.13,226855.15,232541.72,238850.79,244131.12,252618.29,260759.86
2032-03-21,246624.98,255109.43,257875.45,866836.81,210838.14,7,212759.22,216991.89,226916.66,232578.52,238838.24,244037.22,252491.06,260552.06
2032-03-22,246497.77,254945.90,257692.66,868846.52,210974.94,7,212936.43,217143.73,226976.58,232613.16,238823.46,243943.69,252361.52,260342.36
2032-03-23,246323.78,254773.55,257501.28,870655.15,211111.81,7,213106.38,217287.65,227029.74,232639.21,238799.86,243849.33,252222.65,260124.45
2032-03-24,246191.09,254602.04,257310.58,872506.97,211248.75,7,213274.77,217432.24,227082.93,232665.88,238776.90,243757.34,252084.45,259907.24
2032-03-25,246010.18,254430.38,257119.00,874377.57,211385.76,7,213441.32,217575.74,227135.69,232691.28,238752.63,243664.32,251944.95,259689.37
2032-03-26,245896.63,254264.11,256925.62,876414.35,211522.85,7,213605.37,217717.47,227187.20,232714.69,238726.32,243572.55,251803.47,259469.80
2032-03-27,245779.11,254090.22,256732.84,878273.08,211660.01,7,213769.79,217859.14,227240.95,232737.94,238699.85,243479.80,251661.90,259251.19
2032-03-28,245636.88,253917.55,256541.16,880187.45,211797.25,7,213933.91,218001.68,227295.09,232762.03,238674.23,243387.51,251521.36,259033.71
2032-03-29,245574.82,253743.43,256347.99,882086.73,211934.55,7,214096.92,218142.80,227349.06,232784.50,238646.96,243293.59,251379.11,258814.87
2032-03-30,245438.57,253568.21,256153.72,883979.22,212071.93,7,214258.38,218282.64,227402.40,232805.52,238618.20,243198.78,251235.48,258595.07
2032-03-31,245262.60,253389.84,255956.11,885807.04,212209.38,7,214416.82,218419.16,227452.03,232822.89,238585.71,243102.38,251088.59,258371.90
2032-04-01,245090.59,253212.88,255760.06,887697.33,212346.91,7,214575.90,218556.54,227503.54,232841.09,238554.07,243005.86,250942.68,258150.59
2032-04-02,244942.71,253039.21,255567.19,889706.94,212484.50,7,214735.57,218696.63,227556.42,232862.09,238525.30,242910.73,250799.86,257932.52
2032-04-03,244761.53,252863.12,255370.99,891672.80,212622.17,7,214887.77,218832.99,227598.83,232879.03,238492.37,242811.57,250655.15,257710.39
2032-04-04,244563.05,252686.07,255173.83,893636.23,212759.92,7,215037.97,218968.22,227640.61,232894.68,238458.12,242711.20,250509.18,257487.48
2032-04-05,244366.30,252510.14,254977.82,895659.65,212897.73,7,215187.73,219104.22,227683.33,232911.05,238424.62,242612.53,250364.02,257265.88
2032-04-06,244187.44,252332.95,254780.57,897672.47,213035.62,7,215336.82,219238.75,227725.24,232925.78,238389.44,242513.42,250217.30,257043.21
2032-04-07,244022.04,252156.73,254584.27,899742.62,213173.59,7,215486.95,219374.19,227768.14,232941.39,238355.17,242415.21,250071.29,256821.62
2032-04-08,243843.17,251977.36,254384.89,901744.48,213311.62,7,215635.82,219506.58,227809.61,232953.66,238317.48,242314.70,249921.79,256597.17
2032-04-09,243670.77,251802.71,254190.07,903921.90,213449.73,7,215788.53,219642.93,227855.03,232970.06,238284.02,242219.98,249776.86,256377.28
2032-04-10,243547.58,251634.26,253994.57,906328.24,213587.91,7,215940.81,219778.64,227899.90,232985.69,238249.78,242123.77,249631.14,256156.77
2032-04-11,243398.68,251460.95,253795.80,908616.39,213726.17,7,216090.98,219912.12,227942.42,232998.88,238213.04,242028.25,249483.09,255932.52
2032-04-12,243262.97,251286.22,253593.72,910893.86,213864.49,7,216239.87,220042.31,227983.51,233008.49,238172.66,241931.17,249331.32,255705.18
2032-04-13,243130.99,251110.26,253390.62,913165.45,214002.90,7,216387.64,220171.22,228023.31,233016.66,238130.81,241834.32,249178.15,255477.02
2032-04-14,243000.84,250934.41,253187.19,915476.54,214141.37,7,216535.12,220300.73,228062.71,233025.39,238089.53,241739.10,249025.47,255248.12
2032-04-15,242936.77,250765.11,252989.74,918045.48,214279.92,7,216685.74,220434.38,228105.31,233038.03,238055.04,241650.90,248879.81,255024.69
2032-04-16,243155.17,250985.31,253207.38,920605.11,214418.54,7,216859.32,220628.23,228288.04,233242.58,238267.49,241851.50,249102.11,255239.94
2032-04-17,243404.75,251207.12,253425.74,923221.06,214557.23,7,217032.49,220819.63,228470.33,233444.55,238482.20,242057.39,249326.78,255455.09
2032-04-18,243661.40,251432.46,253648.16,925958.44,214696.00,7,217203.46,221005.22,228650.32,233640.37,238695.18,242271.03,249554.54,255674.77
2032-04-19,243859.86,251664.19,253877.22,928915.67,214834.84,7,217375.15,221190.43,228831.05,233835.79,238908.47,242491.98,249788.48,255901.32
2032-04-20,244148.56,251892.29,254103.13,931751.55,214973.76,7,217542.38,221367.38,229007.10,234022.48,239113.71,242713.72,250018.39,256125.18
2032-04-21,244436.22,252118.19,254327.04,934514.01,215112.75,7,217708.20,221541.71,229181.66,234206.40,239316.38,242934.53,250245.93,256347.20
2032-04-22,244700.13,252345.48,254552.36,937326.16,215251.81,7,217874.47,221716.52,229356.69,234390.82,239519.75,243156.39,250474.83,256570.68
2032-04-23,244977.79,252580.46,254779.12,940405.02,215390.95,7,218042.02,221892.02,229533.07,234575.98,239724.01,243379.32,250704.87,256795.74
2032-04-24,245263.14,252810.99,255001.68,943333.71,215530.15,7,218205.78,222062.52,229705.46,234755.85,239923.41,243597.33,250930.27,257016.81
2032-04-25,245556.24,253043.48,255226.41,946332.10,215669.44,7,218370.18,222232.73,229878.53,234935.41,240123.47,243815.97,251157.45,257240.26
2032-04-26,245821.57,253275.29,255451.01,949310.34,215808.79,7,218534.41,222402.64,230051.41,235114.66,240322.39,244033.43,251383.50,257464.08
2032-04-27,246117.09,253510.21,255678.77,952398.88,215948.22,7,218702.11,222576.49,230227.94,235298.07,240524.60,244254.20,251612.62,257691.10
2032-04-28,246345.23,253744.92,255912.81,955482.91,216087.73,7,218873.42,222753.84,230408.28,235485.18,240731.80,244480.03,251847.87,257924.48
2032-04-29,246618.66,253980.07,256147.93,958585.71,216227.30,7,219045.72,222930.51,230589.66,235671.57,240938.51,244705.31,252083.00,258159.54
2032-04-30,246899.11,254212.11,256380.69,961582.46,216366.96,7,219216.40,223104.22,230769.34,235855.21,241140.92,244926.24,252314.39,258392.92
2032-05-01,247177.35,254451.00,256620.47,964822.11,216506.68,7,219390.07,223280.97,230952.16,236042.06,241348.81,245152.72,252552.46,258633.50
2032-05-02,247413.56,254699.30,256870.89,968396.58,216646.48,7,219568.83,223462.89,231140.34,236234.38,241562.72,245385.33,252798.89,258885.87
2032-05-03,247654.43,254953.59,257127.34,972187.49,216786.35,7,219754.45,223651.81,231335.75,236434.09,241784.99,245621.76,253051.25,259144.31
2032-05-04,247935.08,255204.61,257380.50,975869.19,216926.30,7,219942.26,223842.95,231533.46,236636.16,242008.81,245854.29,253300.38,259399.43
2032-05-05,248206.40,255454.05,257632.07,979500.64,217066.32,7,220132.20,224036.25,231733.40,236840.51,242234.65,246084.71,253547.93,259652.95
2032-05-06,248518.08,255713.26,257886.53,983485.53,217206.41,7,220324.17,224231.63,231935.49,237047.05,242463.15,246317.42,253798.33,259909.38
2032-05-07,248837.38,255973.54,258149.02,987515.75,217346.58,7,220521.31,224432.26,232143.02,237259.15,242698.88,246557.11,254056.64,260173.91
2032-05-08,249161.49,256238.72,258416.46,991729.25,217486.82,7,220720.84,224635.33,232353.06,237473.83,242938.95,246801.02,254319.82,260443.42
2032-05-09,249485.08,256510.35,258690.39,996182.79,217627.14,7,220923.47,224841.56,232566.37,237691.84,243184.76,247050.74,254589.39,260719.48
2032-05-10,249761.63,256776.56,258958.87,1000451.50,217767.53,7,221125.01,225046.68,232778.54,237908.68,243427.10,247296.93,254853.58,260990.03
2032-05-11,250064.16,257046.30,259230.89,1004856.78,217907.99,7,221327.20,225252.44,232991.38,238126.21,243672.69,247546.43,255121.27,261264.17
2032-05-12,250359.43,257326.96,259506.93,1009668.27,218048.53,7,221529.84,225458.68,233204.70,238344.24,243921.29,247798.98,255392.91,261542.35
2032-05-13,250667.93,257618.72,259801.16,1014896.72,218189.14,7,221742.15,225674.76,233428.20,238572.67,244185.50,248067.39,255682.45,261838.87
2032-05-14,250989.48,257924.64,260109.67,1020659.07,218329.83,7,221960.72,225897.20,233658.29,238807.82,244461.76,248348.04,255986.05,262149.77
2032-05-15,251350.84,258241.68,260426.11,1026851.00,218470.59,7,222183.20,226123.63,233892.50,239047.19,244745.35,248636.13,256297.46,262468.68
2032-05-16,251692.70,258560.29,260740.27,1033124.11,218611.43,7,222404.62,226348.98,234125.58,239285.41,245027.21,248922.47,256606.61,262785.27
2032-05-17,252068.56,258873.31,261048.78,1039214.31,218752.34,7,222624.27,226572.53,234356.81,239521.74,245304.94,249204.62,256910.20,263096.18
2032-05-18,252428.74,259185.81,261356.85,1045307.65,218893.32,7,222846.86,226799.06,234591.13,239761.22,245583.65,249487.76,257213.37,263406.64
2032-05-19,252794.02,259508.48,261675.14,1051804.12,219034.38,7,223074.49,227030.73,234830.76,240006.13,245871.70,249780.39,257526.60,263727.41
2032-05-20,253111.28,259833.39,262002.77,1058411.28,219175.51,7,223309.52,227269.93,235078.17,240259.00,246168.66,250082.07,257849.00,264057.58
2032-05-21,253445.51,260170.19,262342.38,1065495.56,219316.72,7,223549.84,227514.51,235331.16,240517.56,246476.16,250394.46,258183.21,264399.83
2032-05-22,253843.70,260522.26,262691.22,1073193.27,219458.00,7,223793.08,227762.06,235587.21,240779.26,246790.67,250715.02,258526.50,264751.39
2032-05-23,254257.68,260891.02,263062.57,1081568.91,219599.36,7,224055.30,228020.64,235857.24,241052.62,247115.25,251055.44,258891.94,265125.63
2032-05-24,254654.49,261271.37,263452.26,1090438.14,219740.79,7,224336.55,228289.01,236147.27,241336.32,247447.53,251412.41,259275.43,265518.35
2032-05-25,255037.28,261667.51,263858.36,1099973.65,219882.29,7,224630.40,228565.58,236450.58,241628.70,247789.56,251783.59,259675.06,265927.61
2032-05-26,255418.72,262064.51,264265.34,1109602.82,220023.87,7,224927.23,228843.98,236757.07,241923.01,248131.53,252155.71,260075.57,266337.76
2032-05-27,255803.99,262459.59,264670.41,1119218.03,220165.52,7,225224.49,229121.99,237064.05,242216.91,248471.26,252526.25,260474.20,266745.99
2032-05-28,256171.52,262842.07,265056.11,1128392.52,220307.25,7,225512.37,229389.31,237361.20,242499.51,248793.58,252880.10,260853.76,267134.69
2032-05-29,256540.02,263216.55,265433.74,1137300.29,220449.06,7,225799.20,229652.86,237657.27,242778.13,249106.57,253226.89,261225.38,267515.26
2032-05-30,256834.20,263591.63,265811.98,1146282.81,220590.93,7,226088.38,229915.36,237955.85,243055.63,249414.25,253571.44,261597.61,267896.44
2032-05-31,257166.55,263963.71,266187.19,1155192.78,220732.89,7,226377.01,230176.83,238253.88,243332.03,249718.50,253913.01,261966.84,268274.57
2032-06-01,257479.54,264325.45,266551.98,1163730.89,220874.91,7,226659.70,230433.64,238545.71,243603.52,250014.92,254245.46,262325.83,268642.20
2032-06-02,257819.52,264672.10,266901.56,1171693.83,221017.02,7,226931.98,230679.95,238826.61,243863.91,250297.40,254563.69,262669.84,268994.49
2032-06-03,258109.59,265009.19,267241.48,1179299.84,221159.19,7,227200.86,230921.98,239103.94,244119.78,250571.73,254873.93,263004.36,269337.07
2032-06-04,258397.96,265335.06,267570.09,1186473.34,221301.44,7,227461.51,231155.56,239372.63,244366.71,250835.57,255173.75,263327.73,269668.23
2032-06-05,258611.97,265636.22,267885.65,1192647.93,221443.77,7,227716.06,231382.69,239634.93,244606.81,251087.22,255461.49,263638.26,269986.23
2032-06-06,258832.84,265928.45,268180.35,1198468.46,221586.17,7,227958.89,231599.54,239884.88,244836.06,251322.54,255730.71,263928.27,270283.22
2032-06-07,259046.43,266193.34,268447.48,1203160.66,221728.65,7,228180.32,231802.20,240117.90,245050.31,251542.46,255975.57,264191.14,270552.43
2032-06-08,259242.38,266432.67,268688.84,1206789.32,221871.20,7,228379.42,231991.38,240327.41,245250.30,251747.75,256197.48,264428.65,270795.66
2032-06-09,259405.58,266657.09,268915.15,1209794.15,222013.83,7,228565.72,232172.03,240523.47,245441.26,251943.78,256405.81,264651.36,271023.72
2032-06-10,259564.39,266874.32,269134.22,1212497.53,222156.53,7,228745.95,232348.34,240713.12,245627.66,252135.11,256607.69,264866.93,271244.49
2032-06-11,259757.16,267077.49,269346.39,1214608.54,222299.30,7,228920.48,232520.40,240896.79,245809.55,252321.82,256803.47,265075.71,271458.30
2032-06-12,259948.65,267285.83,269556.50,1216934.51,222442.16,7,229093.88,232693.49,241079.26,245992.53,252509.65,256998.43,265282.47,271670.03
2032-06-13,260125.98,267490.89,269763.30,1219121.35,222585.08,7,229264.77,232865.01,241259.08,246173.85,252695.77,257190.96,265485.97,271878.43
2032-06-14,260281.97,267687.66,269965.15,1220955.90,222728.08,7,229433.84,233036.02,241437.00,246354.64,252881.35,257381.72,265684.60,272081.85
2032-06-15,260428.69,267877.35,270163.85,1222488.57,222871.16,7,229600.86,233205.31,241612.76,246533.60,253065.05,257570.12,265880.13,272282.09
2032-06-16,260564.18,268068.33,270363.87,1224073.15,223014.31,7,229769.41,233375.51,241790.13,246713.54,253249.76,257760.00,266076.96,272483.65
2032-06-17,260784.64,268266.97,270564.21,1225978.46,223157.54,7,229938.25,233545.58,241967.80,246893.32,253434.30,257950.20,266274.10,272685.54
2032-06-18,260996.76,268466.90,270765.85,1227936.28,223300.84,7,230107.24,233714.30,242145.63,247071.68,253617.39,258140.93,266472.52,272888.74
2032-06-19,261234.64,268676.30,270969.71,1230292.31,223444.22,7,230278.22,233883.63,242325.55,247250.70,253801.15,258333.62,266673.13,273094.18
2032-06-20,261486.23,268887.89,271175.77,1232739.87,223587.67,7,230451.74,234055.73,242508.15,247431.47,253986.71,258528.98,266875.90,273301.83
2032-06-21,261713.29,269103.80,271392.56,1235369.60,223731.20,7,230635.10,234236.24,242701.11,247618.68,254178.88,258734.22,267089.22,273520.29
2032-06-22,261937.10,269322.45,271613.06,1238114.93,223874.80,7,230821.59,234419.98,242897.35,247807.55,254372.76,258942.65,267306.21,273742.50
2032-06-23,262190.91,269552.78,271838.47,1241356.97,224018.48,7,231012.62,234608.00,243098.38,248001.14,254571.47,259155.64,267528.03,273969.66
2032-06-24,262486.84,269799.86,272080.28,1245314.58,224162.24,7,231217.93,234810.41,243314.43,248203.54,254779.24,259383.44,267765.98,274213.35
2032-06-25,262813.75,270068.84,272344.17,1250214.21,224306.07,7,231442.15,235031.45,243550.38,248421.40,254999.32,259630.99,268025.67,274479.28
2032-06-26,263159.99,270350.51,272618.86,1255668.11,224449.97,7,231675.45,235261.14,243795.89,248648.41,255225.10,259888.03,268295.98,274756.10
2032-06-27,263515.89,270638.94,272901.39,1261425.05,224593.95,7,231915.04,235496.29,244048.01,248881.18,255452.47,260150.37,268574.01,275040.82
2032-06-28,263878.46,270932.67,273188.20,1267425.23,224738.01,7,232158.31,235736.89,244304.01,249119.74,255682.82,260413.93,268856.25,275329.86
2032-06-29,264313.07,271221.65,273472.18,1273234.54,224882.14,7,232399.10,235977.06,244557.39,249357.89,255911.02,260673.30,269135.71,275616.05
2032-06-30,264715.70,271512.83,273758.38,1279153.87,225026.35,7,232641.66,236219.34,244812.64,249598.32,256140.66,260933.78,269417.35,275904.47
2032-07-01,265136.95,271815.15,274055.79,1285575.18,225170.63,7,232893.10,236470.15,245077.23,249847.80,256375.26,261199.68,269710.02,276204.19
2032-07-02,265544.88,272123.33,274359.08,1292272.02,225314.99,7,233149.55,236726.54,245347.10,250103.24,256613.98,261469.16,270008.48,276509.84
2032-07-03,265972.99,272437.16,274668.06,1299238.34,225459.43,7,233411.17,236990.51,245622.41,250366.74,256856.48,261740.09,270312.54,276821.22
2032-07-04,266372.34,272757.61,274983.70,1306520.98,225603.94,7,233678.67,237261.96,245903.90,250638.21,257103.83,262014.34,270623.16,277139.32
2032-07-05,266797.84,273099.27,275315.95,1314772.90,225748.52,7,233960.53,237548.14,246200.51,250926.40,257360.54,262296.96,270950.12,277474.15
2032-07-06,267202.20,273440.68,275652.67,1323046.68,225893.19,7,234245.47,237837.44,246500.35,251220.32,257619.67,262579.86,271281.48,277813.49
2032-07-07,267545.06,273784.82,275992.14,1331478.05,226037.92,7,234532.83,238129.22,246802.76,251518.59,257881.19,262863.65,271615.54,278155.59
2032-07-08,267926.29,274130.43,276333.06,1340010.29,226182.74,7,234821.35,238422.16,247106.37,251817.98,258142.56,263147.58,271951.04,278499.17
2032-07-09,268336.96,274469.13,276666.99,1348263.94,226327.63,7,235103.87,238709.01,247403.67,252117.00,258403.09,263425.35,272279.65,278835.70
2032-07-10,268741.16,274794.26,276987.23,1355930.99,226472.59,7,235374.96,238984.26,247688.94,252407.71,258658.28,263691.32,272594.79,279158.43
2032-07-11,269053.08,275112.32,277300.33,1363299.79,226617.64,7,235640.11,239253.48,247967.96,252692.04,258910.70,263951.43,272902.91,279473.96
2032-07-12,269412.51,275428.48,277611.50,1370605.94,226762.75,7,235903.36,239520.76,248244.98,252974.34,259163.00,264208.64,273209.12,279787.54
2032-07-13,269789.69,275744.77,277922.78,1377940.65,226907.95,7,236163.75,239785.14,248518.99,253253.57,259415.82,264466.38,273515.44,280101.24
2032-07-14,270168.00,276056.63,278229.57,1385093.08,227053.22,7,236420.44,240045.77,248789.11,253528.84,259667.29,264722.74,273817.35,280410.42
2032-07-15,270542.54,276369.02,278536.88,1392291.95,227198.56,7,236677.72,240307.00,249059.86,253804.74,259918.62,264978.97,274119.77,280720.12
2032-07-16,270922.89,276678.40,278839.09,1399371.39,227343.98,7,236930.96,240564.11,249326.34,254076.30,260168.85,265234.07,274417.17,281024.68
2032-07-17,271229.11,276977.15,279138.12,1405972.19,227489.48,7,237181.28,240818.28,249589.76,254344.74,260416.48,265486.53,274711.43,281326.03
2032-07-18,271563.81,277265.64,279426.80,1412105.50,227635.06,7,237422.63,241063.32,249843.73,254603.55,260658.63,265733.38,274995.51,281616.95
2032-07-19,271893.83,277545.62,279708.96,1417850.87,227780.71,7,237658.44,241302.75,250091.88,254856.43,260897.45,265976.86,275273.18,281901.30
2032-07-20,272196.75,277811.12,279974.47,1422920.60,227926.43,7,237879.78,241527.48,250324.80,255093.78,261126.99,266210.87,275534.45,282168.87
2032-07-21,272482.34,278065.19,280230.51,1427453.43,228072.24,7,238093.49,241744.48,250549.70,255322.96,261350.27,266438.49,275786.41,282426.89
2032-07-22,272754.31,278318.04,280485.32,1431933.54,228218.11,7,238306.29,241960.53,250773.62,255551.16,261574.15,266666.73,276037.17,282683.69
2032-07-23,273020.05,278571.65,280740.90,1436452.74,228364.07,7,238519.65,242177.17,250998.15,255779.96,261797.71,266894.64,276288.67,282941.24
2032-07-24,273290.58,278822.87,280994.06,1440862.29,228510.10,7,238730.83,242391.58,251220.37,256006.42,262017.30,267118.51,276537.80,283196.37
2032-07-25,273554.42,279080.34,281253.53,1445574.72,228656.21,7,238947.04,242611.12,251447.90,256238.28,262241.73,267347.31,276793.13,283457.85
2032-07-26,273810.34,279345.54,281520.77,1450663.75,228802.40,7,239169.38,242836.86,251681.87,256476.71,262470.52,267580.55,277056.12,283727.17
2032-07-27,274086.14,279611.34,281787.52,1455787.94,228948.66,7,239391.21,243062.09,251915.30,256714.58,262698.23,267812.70,277318.62,283995.99
2032-07-28,274344.85,279871.53,282049.71,1460648.97,229094.99,7,239611.93,243286.20,252147.58,256951.28,262924.37,268043.24,277576.63,284260.21
2032-07-29,274587.21,280134.04,282314.26,1465626.55,229241.41,7,239834.58,243512.27,252381.88,257190.05,263151.56,268274.85,277836.96,284526.81
2032-07-30,274830.76,280399.15,282581.42,1470736.57,229387.90,7,240059.54,243740.67,252618.60,257431.28,263381.36,268509.13,278099.86,284796.05
2032-07-31,275059.03,280663.23,282847.55,1475803.22,229534.47,7,240283.73,243968.30,252854.52,257671.70,263609.66,268741.87,278361.76,285064.25
2032-08-01,275286.88,280925.43,283111.78,1480784.22,229681.11,7,240506.47,244194.45,253088.91,257910.55,263837.12,268973.76,278621.78,285330.53
2032-08-02,275552.11,281189.90,283378.30,1485881.93,229827.83,7,240730.97,244422.40,253325.16,258151.30,264065.28,269206.36,278884.05,285599.12
2032-08-03,275880.42,281456.03,283646.50,1491067.36,229974.63,7,240956.54,244651.43,253562.53,258393.20,264294.14,269439.67,279147.98,285869.40
2032-08-04,276205.19,281721.61,283914.14,1496232.47,230121.50,7,241181.61,244879.95,253799.38,258634.55,264522.36,269672.34,279411.35,286139.11
2032-08-05,276535.01,281988.73,284181.23,1501479.84,230268.45,7,241406.26,245108.04,254035.77,258875.45,264751.78,269906.22,279674.18,286408.27
2032-08-06,276922.26,282256.01,284448.48,1506742.01,230415.48,7,241630.99,245336.22,254272.26,259116.44,264981.29,270140.20,279937.18,286677.60
2032-08-07,277250.01,282521.13,284713.54,1511904.07,230562.58,7,241852.09,245560.71,254504.93,259353.55,265208.83,270372.18,280198.02,286944.72
2032-08-08,277572.69,282786.69,284979.04,1517093.51,230709.77,7,242070.62,245782.59,254734.89,259587.89,265436.55,270604.33,280459.29,287212.28
2032-08-09,277907.28,283044.41,285236.65,1521900.49,230857.02,7,242282.33,245997.55,254957.68,259814.93,265656.49,270828.55,280712.79,287471.89
2032-08-10,278251.58,283297.71,285489.79,1526490.44,231004.36,7,242489.90,246208.29,255176.10,260037.51,265872.97,271049.24,280961.89,287726.99
2032-08-11,278577.32,283551.73,285743.65,1531120.11,231151.77,7,242697.45,246419.03,255394.51,260260.08,266091.36,271271.89,281211.70,287982.82
2032-08-12,278900.07,283808.23,286000.00,1535877.57,231299.26,7,242907.05,246631.84,255615.08,260484.85,266309.18,271493.94,281463.98,288241.16
2032-08-13,279218.39,284069.97,286261.63,1540902.38,231446.82,7,243120.60,246848.66,255839.80,260713.85,266529.74,271718.80,281721.44,288504.82
2032-08-14,279483.96,284330.03,286521.56,1545846.99,231594.47,7,243332.24,247063.55,256062.51,260940.80,266748.91,271942.24,281977.22,288766.77
2032-08-15,279735.23,284591.57,286785.09,1550871.68,231742.19,7,243546.27,247280.86,256287.74,261170.32,266971.69,272169.35,282236.55,289032.34
2032-08-16,279993.55,284863.88,287059.47,1556446.67,231889.98,7,243769.03,247507.04,256522.15,261409.20,267202.13,272404.28,282506.57,289308.86
2032-08-17,280285.39,285140.62,287338.31,1562252.71,232037.86,7,243995.05,247736.53,256760.00,261651.58,267435.37,272642.06,282780.96,289589.86
2032-08-18,280590.27,285423.62,287621.35,1568386.56,232185.81,7,244224.23,247969.23,257001.18,261897.35,267670.22,272881.48,283059.49,289875.09
2032-08-19,280890.41,285710.06,287909.96,1574706.52,232333.84,7,244457.98,248206.56,257247.15,262148.01,267909.91,273125.84,283343.51,290165.95
2032-08-20,281218.51,286018.84,288218.97,1582181.60,232481.94,7,244708.97,248461.40,257511.27,262417.17,268163.92,273384.80,283647.59,290477.36
2032-08-21,281558.57,286324.51,288524.84,1589516.37,232630.12,7,244956.64,248712.86,257771.90,262682.75,268414.53,273640.29,283948.60,290785.61
2032-08-22,281905.08,286632.13,288832.67,1596969.61,232778.38,7,245205.10,248965.13,258033.35,262949.19,268665.70,273896.34,284251.52,291095.83
2032-08-23,282194.73,286938.06,289138.79,1604353.86,232926.72,7,245454.72,249218.59,258296.04,263216.88,268916.51,274152.04,284552.77,291404.33
2032-08-24,282493.88,287250.05,289451.01,1612071.14,233075.14,7,245708.95,249476.71,258563.56,263489.50,269171.02,274411.50,284860.02,291718.98
2032-08-25,282831.06,287564.12,289767.46,1619917.29,233223.63,7,245967.24,249738.96,258835.37,263766.49,269429.40,274674.91,285171.43,292037.88
2032-08-26,283123.84,287891.92,290097.73,1628503.03,233372.20,7,246237.77,250013.64,259120.05,264056.59,269695.69,274946.38,285496.45,292370.73
2032-08-27,283438.30,288229.27,290437.64,1637618.21,233520.84,7,246516.22,250296.36,259413.07,264355.19,269973.13,275224.75,285830.94,292713.28
2032-08-28,283786.71,288571.01,290781.99,1646995.57,233669.57,7,246798.89,250583.36,259710.53,264658.32,270257.03,275509.06,286169.81,293060.31
2032-08-29,284132.66,288915.24,291128.86,1656539.14,233818.37,7,247084.13,250872.98,260010.70,264964.20,270544.75,275796.77,286511.16,293409.88
2032-08-30,284514.34,289254.89,291471.10,1665872.29,233967.25,7,247365.75,251158.92,260307.05,265266.20,270829.04,276080.56,286847.96,293754.78
2032-08-31,284896.20,289585.37,291804.11,1674747.08,234116.21,7,247640.27,251437.65,260595.93,265560.59,271108.05,276359.91,287175.66,294090.38
2032-09-01,285240.59,289923.30,292144.62,1684050.57,234265.24,7,247921.92,251723.62,260892.31,265862.62,271396.85,276646.55,287510.75,294433.54
2032-09-02,285576.35,290253.37,292477.21,1692961.06,234414.35,7,248197.21,252003.13,261182.01,266157.83,271681.42,276929.49,287838.05,294768.72
2032-09-03,285906.74,290580.45,292806.79,1701737.50,234563.54,7,248469.95,252280.05,261469.01,266450.30,271964.21,277209.72,288162.39,295100.86
2032-09-04,286195.92,290883.73,293114.55,1709245.13,234712.81,7,248723.92,252537.91,261736.27,266722.65,272230.42,277473.79,288465.25,295411.02
2032-09-05,286465.77,291185.94,293421.25,1716712.28,234862.15,7,248977.27,252795.14,262002.87,266994.33,272496.33,277737.78,288767.06,295720.10
2032-09-06,286777.72,291484.63,293724.41,1724002.62,235011.58,7,249230.42,253052.18,262269.27,267265.80,272762.74,278003.67,289065.39,296025.61
2032-09-07,287054.92,291781.86,294026.09,1731228.05,235161.08,7,249482.95,253308.58,262535.00,267536.60,273029.25,278271.86,289362.27,296329.64
2032-09-08,287302.55,292072.55,294321.19,1738107.64,235310.66,7,249730.34,253559.77,262795.34,267801.90,273292.55,278536.45,289652.67,296627.03
2032-09-09,287575.61,292367.07,294620.15,1745211.97,235460.31,7,249980.84,253814.10,263058.94,268070.52,273560.88,278803.65,289946.87,296928.32
2032-09-10,287794.99,292654.85,294912.33,1751955.91,235610.05,7,250225.15,254062.16,263316.03,268332.51,273828.23,279068.07,290234.40,297222.77
2032-09-11,288011.39,292929.41,295191.20,1757977.43,235759.86,7,250458.36,254298.95,263561.45,268582.60,274083.44,279324.28,290508.82,297503.80
2032-09-12,288239.53,293196.52,295462.55,1763591.14,235909.75,7,250685.01,254529.08,263799.96,268825.66,274331.47,279573.49,290775.86,297777.26
2032-09-13,288523.71,293472.65,295740.79,1769714.64,236059.71,7,250913.73,254763.84,264043.27,269073.60,274584.50,279825.87,291049.67,298057.66
2032-09-14,288837.21,293749.74,296020.00,1775898.70,236209.76,7,251142.49,254999.47,264287.49,269322.47,274838.46,280077.74,291324.42,298339.03
2032-09-15,289108.45,294026.59,296301.17,1782077.31,236359.88,7,251371.92,255236.66,264533.31,269572.99,275094.11,280329.64,291601.12,298622.40
2032-09-16,289318.96,294293.90,296572.76,1787727.34,236510.09,7,251591.53,255463.85,264768.78,269812.94,275338.98,280572.75,291868.38,298896.09
2032-09-17,289513.82,294562.24,296845.37,1793440.88,236660.37,7,251812.34,255691.95,265005.19,270053.85,275584.82,280816.69,292136.65,299170.82
2032-09-18,289691.39,294829.41,297116.82,1799094.45,236810.72,7,252031.98,255919.17,265240.68,270293.83,275829.71,281059.42,292403.77,299444.37
2032-09-19,289873.80,295101.62,297393.34,1805037.62,236961.16,7,252255.32,256150.74,265480.69,270538.40,276079.30,281304.93,292675.89,299723.05
2032-09-20,290092.15,295384.45,297680.58,1811590.52,237111.67,7,252483.82,256391.55,265730.27,270792.75,276338.85,281558.13,292958.56,300012.51
2032-09-21,290283.66,295669.08,297974.07,1818254.81,237262.27,7,252714.58,256636.83,265984.49,271051.80,276603.22,281812.55,293247.37,300308.28
2032-09-22,290511.81,295953.84,298267.69,1824936.39,237412.94,7,252945.32,256882.06,266238.64,271310.80,276867.51,282065.32,293536.32,300604.19
2032-09-23,290679.19,296225.76,298564.60,1830894.22,237563.69,7,253177.11,257129.86,266495.47,271572.52,277134.60,282320.95,293828.50,300903.41
2032-09-24,290787.27,296496.23,298852.98,1836775.10,237714.51,7,253401.46,257370.55,266744.93,271826.73,277394.01,282571.23,294112.29,301194.03
2032-09-25,290854.97,296727.36,299128.10,1840402.07,237865.42,7,253615.98,257599.64,266982.36,272068.69,277640.93,282812.45,294383.02,301471.28
2032-09-26,290980.99,296967.71,299401.53,1844557.39,238016.40,7,253830.01,257826.71,267217.70,272308.51,277885.66,283053.66,294652.10,301746.83
2032-09-27,291006.07,297204.41,299680.16,1848500.79,238167.47,7,254045.55,258057.88,267457.30,272552.67,278134.82,283297.93,294926.29,302027.63
2032-09-28,291065.62,297428.80,299946.44,1851734.26,238318.61,7,254254.86,258279.93,267687.43,272787.19,278374.15,283535.78,295188.34,302295.98
2032-09-29,291099.08,297673.96,300207.28,1856163.00,238469.83,7,254461.74,258497.24,267912.66,273016.71,278608.36,283770.97,295445.02,302558.85
2032-09-30,291214.59,297887.17,300459.38,1858746.57,238621.12,7,254664.66,258706.74,268129.79,273237.98,278834.16,284001.09,295693.10,302812.91
2032-10-01,291316.32,298090.95,300705.06,1860780.92,238772.50,7,254865.53,258912.48,268343.02,273455.27,279055.91,284229.91,295934.87,303060.49
2032-10-02,291383.15,298284.95,300937.91,1862245.21,238923.96,7,255060.77,259106.79,268544.41,273660.49,279265.33,284453.32,296164.00,303295.14
2032-10-03,291413.88,298469.20,301163.99,1863141.23,239075.49,7,255250.39,259295.07,268739.55,273859.35,279468.27,284674.93,296386.48,303522.97
2032-10-04,291420.12,298647.97,301384.60,1863716.27,239227.10,7,255436.10,259478.82,268929.98,274053.42,279668.73,284895.51,296603.58,303745.30
2032-10-05,291388.79,298812.53,301590.92,1863465.59,239378.79,7,255613.94,259650.68,269108.11,274234.93,279858.74,285107.63,296806.60,303953.22
2032-10-06,291351.43,298993.46,301787.20,1864155.34,239530.56,7,255786.22,259814.74,269278.15,274408.21,280042.30,285315.53,296999.75,304151.02
2032-10-07,291301.07,299148.33,301983.83,1863337.57,239682.41,7,255958.54,259978.84,269448.23,274581.53,280226.14,285523.26,297193.25,304349.17
2032-10-08,291244.09,299294.78,302172.01,1862032.08,239834.34,7,256125.19,260135.66,269610.76,274747.16,280403.35,285724.59,297378.43,304538.81
2032-10-09,291193.47,299436.89,302355.84,1860474.62,239986.34,7,256288.70,260288.83,269769.50,274908.93,280576.88,285922.17,297559.32,304724.06
2032-10-10,291187.47,299576.97,302537.68,1858799.10,240138.43,7,256449.45,260440.76,269926.97,275069.40,280749.86,286117.27,297738.25,304907.30
2032-10-11,291134.58,299716.10,302718.60,1857068.71,240290.59,7,256608.09,260592.03,270083.74,275229.16,280922.71,286310.19,297916.29,305089.62
2032-10-12,291056.59,299845.22,302889.44,1854763.54,240442.83,7,256761.52,260735.40,270232.34,275380.58,281088.66,286497.87,298084.40,305261.78
2032-10-13,290993.58,299969.77,303057.99,1852198.73,240595.15,7,256912.92,260877.02,270379.12,275530.16,281254.01,286683.70,298250.26,305431.64
2032-10-14,290878.54,300093.48,303225.73,1849586.95,240747.55,7,257062.46,261018.20,270525.44,275679.27,281419.26,286868.75,298415.32,305600.67
2032-10-15,290815.60,300223.39,303397.50,1847330.21,240900.03,7,257212.91,261163.18,270675.70,275832.39,281589.93,287056.63,298584.35,305773.76
2032-10-16,290824.01,300353.84,303569.86,1845105.06,241052.59,7,257361.88,261308.36,270826.16,275985.72,281761.36,287242.84,298753.96,305947.46
2032-10-17,290801.85,300494.79,303752.87,1843475.94,241205.23,7,257514.47,261463.26,270986.71,276149.32,281943.82,287432.78,298934.04,306131.88
2032-10-18,290821.24,300639.68,303939.91,1842069.17,241357.95,7,257667.64,261618.78,271147.90,276313.58,282128.03,287620.78,299118.10,306320.37
2032-10-19,290820.06,300785.04,304127.47,1840687.91,241510.74,7,257820.88,261774.37,271309.15,276477.91,282310.01,287806.30,299302.67,306509.38
2032-10-20,290854.50,300951.58,304317.96,1840502.42,241663.62,7,257976.33,261932.20,271472.73,276644.60,282492.23,287992.06,299490.12,306701.35
2032-10-21,290946.75,301114.50,304509.16,1840108.86,241816.57,7,258131.92,262090.18,271636.47,276811.46,282673.47,288176.83,299678.28,306894.03
2032-10-22,291018.46,301269.57,304695.76,1839267.29,241969.60,7,258283.44,262244.02,271795.91,276973.94,282851.43,288358.26,299861.90,307082.07
2032-10-23,291106.86,301439.27,304887.02,1839248.92,242122.71,7,258439.30,262402.27,271959.92,277141.08,283031.89,288542.23,300050.11,307274.82
2032-10-24,291189.82,301600.92,305077.43,1838772.32,242275.90,7,258594.35,262559.70,272123.09,277307.35,283212.19,288726.04,300237.48,307466.70
2032-10-25,291314.83,301792.45,305271.18,1839975.99,242429.18,7,258752.42,262720.20,272289.43,277476.86,283395.24,288912.66,300428.14,307661.95
2032-10-26,291383.89,301975.71,305467.85,1840708.81,242582.53,7,258912.64,262882.86,272458.02,277648.67,283579.67,289100.67,300621.67,307860.14
2032-10-27,291551.28,302173.49,305667.93,1842256.28,242735.95,7,259075.82,263048.55,272629.75,277823.66,283765.53,289290.16,300818.56,308061.77
2032-10-28,291667.81,302377.34,305874.15,1844140.72,242889.46,7,259244.97,263220.30,272807.74,278005.05,283958.49,289486.87,301021.49,308269.59
2032-10-29,291819.31,302556.75,306082.64,1844641.43,243043.05,7,259416.03,263393.98,272987.75,278188.49,284152.86,289685.03,301226.66,308479.70
2032-10-30,291876.55,302759.08,306290.43,1846430.27,243196.72,7,259586.03,263566.58,273166.64,278370.79,284345.03,289880.94,301431.13,308689.10
2032-10-31,291946.33,302963.37,306497.11,1848324.69,243350.47,7,259755.06,263738.20,273344.51,278552.05,284536.50,290076.13,301634.52,308897.38
2032-11-01,292004.65,303163.69,306702.87,1849990.68,243504.29,7,259923.13,263908.86,273521.38,278732.29,284726.89,290270.23,301837.00,309104.73
2032-11-02,292086.27,303365.33,306906.88,1851726.16,243658.20,7,260092.70,264081.03,273699.82,278914.13,284918.03,290465.09,302037.76,309310.33
2032-11-03,292226.74,303593.90,307111.01,1854979.48,243812.18,7,260262.75,264253.68,273878.77,279096.48,285109.45,290660.24,302238.63,309516.04
2032-11-04,292380.83,303792.13,307311.55,1856512.15,243966.25,7,260429.19,264422.68,274053.92,279274.97,285298.58,290853.05,302435.97,309718.13
2032-11-05,292507.79,303963.12,307511.66,1856500.99,244120.39,7,260595.30,264591.34,274228.72,279453.10,285487.33,291045.47,302632.89,309919.79
2032-11-06,292666.32,304160.76,307711.63,1857990.85,244274.62,7,260761.55,264760.13,274403.66,279631.38,285675.84,291237.66,302829.67,310121.30
2032-11-07,292819.28,304381.44,307907.69,1860778.65,244428.92,7,260924.37,264925.45,274575.00,279805.98,285862.29,291427.74,303022.60,310318.89
2032-11-08,292965.86,304565.92,308094.33,1861514.27,244583.31,7,261078.41,265081.85,274737.10,279971.16,286045.09,291614.10,303206.26,310506.97
2032-11-09,293069.12,304749.12,308279.66,1862172.61,244737.77,7,261231.00,265236.77,274897.67,280134.79,286226.98,291799.52,303388.64,310693.73
2032-11-10,293215.82,304930.98,308463.65,1862751.20,244892.31,7,261384.03,265392.15,275058.71,280298.90,286410.18,291986.29,303569.69,310879.15
2032-11-11,293355.62,305110.13,308644.88,1863170.33,245046.94,7,261534.91,265545.35,275217.49,280460.70,286592.04,292171.69,303748.04,311061.79
2032-11-12,293470.64,305283.58,308820.36,1863263.67,245201.64,7,261679.49,265692.15,275369.63,280615.75,286765.28,292348.30,303920.71,311238.62
2032-11-13,293611.17,305454.59,308993.36,1863214.90,245356.42,7,261821.96,265836.80,275519.55,280768.52,286937.01,292523.38,304090.96,311412.96
2032-11-14,293744.08,305624.37,309165.13,1863091.73,245511.29,7,261964.15,265981.17,275669.18,280921.00,287110.44,292700.19,304259.98,311586.05
2032-11-15,293799.35,305792.84,309335.56,1862891.23,245666.23,7,262105.04,266124.22,275817.44,281072.09,287283.75,292876.87,304427.69,311757.81
2032-11-16,293910.91,305961.61,309506.31,1862703.67,245821.25,7,262246.43,266267.78,275966.23,281223.71,287457.77,293054.28,304595.71,311929.87
2032-11-17,294001.78,306130.91,309677.58,1862540.69,245976.36,7,262388.43,266411.96,276115.66,281375.99,287632.18,293232.09,304764.25,312102.47
2032-11-18,294123.55,306298.97,309847.61,1862305.21,246131.54,7,262529.50,266555.20,276264.11,281527.27,287806.25,293409.54,304931.57,312273.81
2032-11-19,294172.05,306450.69,310019.98,1861146.26,246286.80,7,262673.14,266701.03,276415.26,281681.30,287981.45,293588.15,305101.18,312447.52
2032-11-20,294193.43,306611.83,310192.87,1860513.93,246442.15,7,262817.28,266847.38,276566.94,281835.87,288156.72,293766.84,305271.31,312621.74
2032-11-21,294234.51,306775.48,310364.93,1860019.25,246597.57,7,262960.51,266992.81,276717.66,281989.46,288330.77,293944.28,305440.63,312795.14
2032-11-22,294284.78,306945.54,310536.99,1859880.33,246753.07,7,263103.93,267138.43,276868.59,282143.26,288504.66,294121.55,305609.95,312968.53
2032-11-23,294389.89,307152.51,310718.93,1861806.16,246908.66,7,263256.38,267293.21,277029.01,282306.74,288681.59,294301.92,305788.98,313151.88
2032-11-24,294464.36,307332.36,310900.88,1862206.48,247064.32,7,263408.77,267447.94,277189.37,282470.16,288857.45,294481.21,305968.03,313335.24
2032-11-25,294582.13,307510.99,311081.60,1862533.23,247220.07,7,263559.48,267600.96,277347.97,282631.77,289031.55,294658.69,306145.87,313517.36
2032-11-26,294673.98,307688.70,311261.39,1862804.70,247375.89,7,263708.88,267752.66,277505.19,282791.99,289204.11,294834.62,306322.79,313698.54
2032-11-27,294797.40,307865.74,311440.50,1863032.87,247531.80,7,263857.66,267903.72,277661.75,282951.54,289376.34,295010.20,306499.04,313879.03
2032-11-28,294960.74,308041.93,311618.75,1863209.97,247687.78,7,264005.67,268053.99,277817.50,283110.25,289548.26,295185.46,306674.45,314058.67
2032-11-29,295101.34,308217.45,311796.33,1863344.53,247843.85,7,264152.38,268202.96,277971.90,283267.59,289717.84,295358.35,306849.19,314237.62
2032-11-30,295265.04,308394.67,311975.61,1863569.72,247999.99,7,264304.45,268357.36,278131.92,283430.66,289895.56,295539.53,307025.62,314418.29
2032-12-01,295432.74,308569.36,312152.35,1863649.08,248156.22,7,264453.93,268509.13,278289.22,283590.95,290072.03,295719.43,307199.54,314596.40
2032-12-02,295608.70,308742.70,312327.72,1863648.18,248312.53,7,264602.11,268659.59,278445.15,283749.86,290248.26,295899.09,307372.10,314773.12
2032-12-03,295769.20,308888.56,312502.88,1862109.37,248468.92,7,264749.65,268809.38,278600.40,283908.07,290424.83,296079.10,307544.47,314949.64
2032-12-04,295939.97,309061.60,312677.97,1862085.31,248625.38,7,264897.14,268959.14,278755.62,284066.24,290601.28,296258.99,307716.77,315126.08
2032-12-05,296108.96,309269.43,312854.91,1863994.87,248781.93,7,265046.41,269110.69,278912.69,284226.31,290778.70,296439.87,307890.89,315304.40
2032-12-06,296263.60,309443.01,313030.53,1863990.55,248938.56,7,265194.03,269260.58,279068.03,284384.61,290956.13,296620.74,308063.70,315481.37
2032-12-07,296422.27,309590.45,313207.36,1862525.71,249095.27,7,265341.67,269410.48,279223.40,284542.93,291133.50,296801.57,308237.71,315659.57
2032-12-08,296582.23,309766.04,313385.01,1862624.98,249252.06,7,265490.16,269561.25,279379.66,284702.17,291311.34,296982.87,308412.53,315838.60
2032-12-09,296723.88,309946.39,313567.49,1862984.34,249408.94,7,265643.39,269716.82,279540.90,284866.48,291493.69,297168.77,308592.10,316022.48
2032-12-10,296882.37,310135.31,313758.62,1863815.78,249565.89,7,265803.84,269879.74,279709.75,285038.54,291680.91,297359.64,308780.19,316215.10
2032-12-11,297049.51,310329.49,313955.09,1864935.43,249722.92,7,265969.32,270047.76,279883.89,285216.00,291873.01,297555.48,308973.52,316413.09
2032-12-12,297238.64,310532.32,314160.30,1866530.10,249880.04,7,266144.99,270226.12,280068.75,285404.39,292082.09,297768.63,309175.46,316619.90
2032-12-13,297446.63,310738.44,314368.84,1868303.68,250037.23,7,266323.42,270407.29,280256.52,285595.73,292293.52,297984.17,309380.68,316830.06
2032-12-14,297660.44,310947.37,314580.23,1870228.19,250194.51,7,266504.42,270591.06,280446.98,285789.83,292506.54,298201.34,309588.69,317043.08
2032-12-15,297869.14,311157.71,314793.04,1872227.19,250351.86,7,266682.79,270772.17,280634.68,285981.10,292712.65,298411.47,309798.11,317257.54
2032-12-16,298079.53,311369.87,315007.69,1874322.45,250509.30,7,266862.96,270955.10,280824.28,286174.31,292919.09,298621.93,310009.34,317473.86
2032-12-17,298288.41,311583.06,315223.39,1876470.70,250666.82,7,267043.62,271138.53,281014.39,286368.04,293125.59,298832.44,310221.61,317691.23
2032-12-18,298493.83,311798.86,315441.72,1878759.48,250824.42,7,267226.31,271324.02,281206.64,286563.96,293332.21,299043.09,310436.46,317911.25
2032-12-19,298704.97,312015.78,315661.19,1881106.96,250982.10,7,267409.66,271510.18,281399.58,286760.57,293539.08,299253.98,310652.43,318132.43
2032-12-20,298921.36,312232.99,315880.95,1883465.77,251139.86,7,267593.12,271696.46,281592.64,286957.31,293746.34,299465.28,310868.69,318353.89
2032-12-21,299144.66,312454.59,316105.16,1886065.45,251297.71,7,267780.74,271886.96,281790.07,287158.51,293955.12,299678.12,311089.32,318579.84
2032-12-22,299386.55,312676.62,316329.80,1888685.65,251455.63,7,267969.55,272078.66,281988.76,287360.97,294164.82,299891.90,311310.38,318806.22
2032-12-23,299607.14,312873.32,316556.79,1889884.53,251613.64,7,268160.67,272272.71,282189.88,287565.93,294376.41,300107.62,311533.76,319034.98
2032-12-24,299858.13,313093.44,316779.52,1892388.73,251771.72,7,268348.12,272463.03,282387.13,287766.94,294584.21,300319.46,311752.94,319259.43
2032-12-25,300101.55,313305.81,316994.40,1894454.60,251929.89,7,268529.02,272646.71,282577.51,287960.94,294787.36,300526.57,311964.40,319475.98
2032-12-26,300365.35,313514.64,317205.71,1896317.70,252088.14,7,268706.45,272826.86,282764.22,288151.21,294986.38,300729.46,312172.33,319688.93
2032-12-27,300598.50,313718.51,317411.99,1897898.24,252246.47,7,268876.98,273000.01,282943.67,288334.08,295170.38,300917.05,312375.33,319896.81
2032-12-28,300792.48,313922.88,317618.77,1899501.61,252404.88,7,269048.53,273174.18,283124.19,288518.03,295355.12,301105.38,312578.82,320105.20
2032-12-29,301003.58,314127.01,317825.33,1901086.78,252563.38,7,269219.89,273348.17,283304.51,288701.80,295539.36,301293.21,312782.08,320313.35
2032-12-30,301201.78,314331.88,318032.62,1902708.73,252721.95,7,269392.00,273522.93,283485.63,288886.37,295723.83,301481.27,312986.07,320522.26
2032-12-31,301393.96,314537.67,318240.85,1904376.56,252880.61,7,269565.54,273699.12,283668.24,289072.46,295910.00,301671.06,313190.98,320732.10
2033-01-01,301580.89,314744.46,318450.08,1906096.05,253039.34,7,269740.09,273876.35,283851.93,289259.64,296096.83,301861.53,313396.88,320942.96
2033-01-02,301749.50,314951.44,318659.51,1907820.84,253198.16,7,269915.37,274054.32,284036.38,289447.61,296284.40,302052.75,313602.97,321154.01
2033-01-03,301935.26,315159.87,318870.41,1909622.25,253357.06,7,270092.18,274233.84,284222.44,289637.21,296473.21,302245.24,313810.50,321366.54
2033-01-04,302120.08,315333.97,319080.55,1909493.68,253516.05,7,270268.35,274412.71,284407.83,289826.13,296661.66,302437.36,314017.30,321578.32
2033-01-05,302322.18,315541.28,319290.34,1911222.34,253675.11,7,270444.60,274591.66,284593.29,290015.13,296850.72,302630.10,314223.75,321789.73
2033-01-06,302509.87,315750.03,319501.58,1913025.87,253834.26,7,270623.35,274773.16,284781.40,290206.82,297042.95,302826.07,314431.62,322002.61
2033-01-07,302708.68,315955.97,319709.99,1914668.19,253993.48,7,270799.48,274951.98,284966.74,290395.69,297233.49,303020.32,314636.71,322212.64
2033-01-08,302944.88,316165.40,319921.92,1916500.35,254152.79,7,270979.07,275134.32,285155.72,290588.28,297428.47,303219.10,314845.26,322426.21
2033-01-09,303163.38,316374.51,320133.52,1918309.56,254312.18,7,271157.93,275315.93,285343.95,290780.08,297623.54,303417.97,315053.49,322639.46
2033-01-10,303387.28,316583.73,320345.24,1920119.81,254471.66,7,271337.61,275498.37,285533.03,290972.77,297820.27,303618.52,315261.84,322852.82
2033-01-11,303598.94,316789.49,320553.46,1921731.56,254631.21,7,271514.44,275677.90,285719.10,291162.39,298015.60,303817.66,315466.74,323062.65
2033-01-12,303802.00,316994.67,320761.10,1923305.44,254790.85,7,271690.48,275856.65,285904.36,291351.17,298209.79,304015.63,315671.06,323271.90
2033-01-13,304004.65,317199.11,320967.98,1924832.97,254950.56,7,271866.20,276035.06,286089.27,291539.61,298404.95,304214.59,315874.64,323480.38
2033-01-14,304186.48,317403.58,321174.89,1926356.95,255110.36,7,272042.36,276213.92,286274.64,291728.51,298601.26,304414.72,316078.26,323688.90
2033-01-15,304364.12,317610.51,321384.29,1928013.50,255270.25,7,272219.93,276394.21,286461.50,291918.93,298797.40,304614.68,316284.32,323899.93
2033-01-16,304545.06,317818.43,321594.69,1929721.32,255430.21,7,272398.74,276575.77,286649.68,292110.69,298994.14,304815.25,316491.37,324111.96
2033-01-17,304725.19,318027.71,321806.47,1931500.24,255590.26,7,272578.08,276757.86,286838.40,292303.00,299191.39,305016.34,316699.78,324325.39
2033-01-18,304919.33,318234.04,322015.27,1933108.92,255750.38,7,272754.91,276937.40,287024.47,292492.63,299387.60,305216.37,316905.25,324535.80
2033-01-19,305112.72,318444.23,322227.97,1934929.14,255910.59,7,272931.96,277117.17,287210.79,292682.49,299583.93,305416.52,317114.56,324750.15
2033-01-20,305298.36,318652.19,322438.42,1936619.48,256070.88,7,273106.78,277294.67,287394.75,292869.96,299780.00,305616.41,317321.65,324962.23
2033-01-21,305487.38,318855.52,322644.17,1938043.29,256231.26,7,273276.29,277466.78,287573.13,293051.74,299971.48,305811.61,317524.13,325169.58
2033-01-22,305682.09,319058.51,322849.58,1939443.23,256391.72,7,273445.36,277638.43,287751.04,293233.04,300162.53,306006.39,317726.27,325376.59
2033-01-23,305878.67,319258.62,323052.09,1940677.22,256552.25,7,273611.52,277807.14,287925.89,293411.22,300350.38,306197.89,317925.55,325580.67
2033-01-24,306078.76,319458.17,323254.02,1941873.44,256712.87,7,273777.53,277975.70,288100.60,293589.25,300538.14,306389.30,318124.26,325784.16
2033-01-25,306280.97,319659.95,323458.21,1943189.73,256873.58,7,273944.29,278145.01,288276.07,293768.07,300725.44,306580.25,318325.19,325989.94
2033-01-26,306470.20,319866.64,323667.37,1944778.02,257034.36,7,274115.03,278318.38,288455.75,293951.17,300915.00,306773.51,318531.02,326200.72
2033-01-27,306643.71,320072.81,323876.00,1946331.34,257195.23,7,274285.46,278491.42,288635.09,294133.93,301104.97,306967.18,318736.33,326410.97
2033-01-28,306810.68,320285.11,324090.85,1948225.19,257356.18,7,274460.95,278669.60,288819.77,294322.13,301298.50,307164.47,318947.75,326627.48
2033-01-29,306989.96,320499.25,324307.53,1950217.03,257517.21,7,274637.91,278849.27,289005.98,294511.89,301492.65,307362.40,319160.99,326845.85
2033-01-30,307178.13,320711.85,324522.68,1952117.62,257678.33,7,274813.98,279028.05,289191.27,294700.71,301686.94,307560.47,319372.70,327062.67
2033-01-31,307355.74,320924.73,324738.10,1954028.92,257839.52,7,274989.96,279206.73,289376.46,294889.42,301881.90,307759.23,319584.69,327279.76
2033-02-01,307563.33,321136.39,324952.29,1955866.87,258000.80,7,275166.23,279385.69,289561.94,295078.44,302077.77,307958.91,319795.47,327495.61
2033-02-02,307755.46,321349.70,325168.14,1957791.75,258162.17,7,275343.85,279566.04,289748.86,295268.91,302274.43,308159.40,320007.88,327713.14
2033-02-03,307957.68,321556.91,325377.83,1959368.69,258323.61,7,275519.07,279743.95,289933.25,295456.81,302470.54,308359.33,320214.22,327924.45
2033-02-04,308144.52,321764.31,325587.70,1960950.90,258485.14,7,275694.51,279922.07,290117.86,295644.95,302666.07,308558.67,320420.76,328135.96
2033-02-05,308328.01,321975.63,325801.55,1962749.38,258646.75,7,275873.43,280103.74,290306.15,295836.82,302863.44,308759.89,320631.20,328351.47
2033-02-06,308530.67,322187.91,326016.36,1964596.90,258808.44,7,276053.31,280286.38,290495.44,296029.71,303061.32,308961.61,320842.59,328567.95
2033-02-07,308754.50,322398.82,326229.80,1966362.00,258970.22,7,276232.33,280468.15,290683.83,296221.69,303260.24,309166.01,321052.62,328783.04
2033-02-08,308986.33,322611.39,326444.90,1968215.47,259132.08,7,276412.89,280651.47,290873.83,296415.32,303460.49,309376.05,321264.30,328999.81
2033-02-09,309196.90,322827.37,326663.46,1970256.72,259294.02,7,276598.94,280840.37,291069.61,296614.82,303669.70,309592.92,321479.37,329220.07
2033-02-10,309427.86,323041.25,326879.89,1972174.66,259456.04,7,276783.29,281027.55,291263.60,296812.51,303879.06,309813.31,321692.36,329438.18
2033-02-11,309666.94,323258.76,327096.74,1974292.80,259618.15,7,276967.69,281214.78,291457.65,297010.26,304088.70,310046.62,321905.75,329656.71
2033-02-12,309921.57,323478.42,327308.64,1976527.00,259780.34,7,277147.68,281397.53,291647.06,297203.27,304294.17,310293.60,322114.27,329870.25
2033-02-13,310198.21,323701.88,327520.82,1978972.07,259942.61,7,277327.09,281579.69,291835.86,297395.67,304499.15,310540.93,322323.07,330084.08
2033-02-14,310499.28,323926.13,327737.34,1981457.69,260104.96,7,277510.11,281765.51,292028.45,297591.93,304705.92,310794.32,322536.15,330302.29
2033-02-15,310809.98,324156.24,327956.21,1984269.81,260267.40,7,277695.66,281953.92,292223.71,297790.92,304914.65,311060.60,322751.53,330522.86
2033-02-16,311165.64,324387.01,328175.74,1987115.97,260429.92,7,277880.99,282142.09,292418.73,297989.65,305122.63,311332.45,322967.57,330744.09
2033-02-17,311484.73,324631.79,328398.73,1990752.05,260592.53,7,278069.77,282333.76,292617.39,298192.09,305333.63,311609.45,323187.00,330968.81
2033-02-18,311796.19,324875.90,328628.13,1994348.29,260755.21,7,278264.26,282531.23,292822.05,298400.66,305547.54,311892.44,323412.75,331199.99
2033-02-19,312118.18,325133.95,328868.04,1998733.84,260917.98,7,278468.05,282738.15,293036.51,298619.19,305766.27,312181.49,323648.83,331441.76
2033-02-20,312436.15,325395.45,329111.41,2003315.29,261080.84,7,278674.47,282947.73,293253.72,298840.55,305986.91,312472.13,323888.33,331687.03
2033-02-21,312826.32,325675.19,329359.24,2008937.63,261243.77,7,278884.13,283160.61,293474.35,299065.39,306210.94,312766.96,324132.22,331936.78
2033-02-22,313175.93,325955.93,329611.25,2014619.89,261406.79,7,279096.69,283376.43,293698.03,299293.33,306435.46,313073.47,324380.22,332190.75
2033-02-23,313523.69,326239.76,329866.34,2020482.64,261569.90,7,279312.12,283595.16,293924.74,299524.35,306662.38,313383.03,324631.25,332447.83
2033-02-24,313925.72,326524.83,330122.64,2026421.39,261733.08,7,279526.24,283812.56,294150.06,299753.96,306883.40,313687.62,324883.46,332706.11
2033-02-25,314275.62,326812.24,330381.24,2032498.45,261896.35,7,279742.02,284031.65,294377.12,299985.35,307106.31,313991.13,325137.94,332966.72
2033-02-26,314633.30,327105.98,330642.94,2038944.90,262059.71,7,279960.29,284253.27,294606.81,300219.42,307329.83,314284.80,325395.48,333230.46
2033-02-27,315016.92,327396.23,330907.90,2045197.49,262223.14,7,280181.39,284477.76,294839.48,300456.52,307555.45,314565.95,325656.22,333497.49
2033-02-28,315373.99,327689.63,331179.58,2051636.71,262386.66,7,280409.27,284709.14,295079.28,300700.89,307786.18,314847.66,325923.58,333771.28
2033-03-01,315774.05,327983.62,331451.82,2058116.94,262550.26,7,280637.12,284940.48,295319.06,300945.23,308018.20,315126.14,326191.48,334045.63
2033-03-02,316120.85,328273.65,331723.61,2064372.71,262713.95,7,280863.79,285170.62,295557.58,301188.30,308248.64,315392.32,326458.95,334319.54
2033-03-03,316445.96,328571.05,331999.22,2071064.14,262877.72,7,281094.11,285404.48,295799.95,301435.29,308483.04,315654.02,326730.17,334597.29
2033-03-04,316752.42,328867.29,332280.82,2077694.60,263041.57,7,281329.40,285643.37,296047.55,301687.60,308721.69,315914.31,327007.28,334881.08
2033-03-05,317056.38,329162.94,332565.40,2084297.21,263205.51,7,281567.42,285885.04,296298.02,301942.85,308962.43,316170.22,327287.34,335167.88
2033-03-06,317375.18,329461.13,332845.30,2091055.68,263369.53,7,281800.65,286121.84,296543.45,302192.95,309201.15,316424.55,327562.78,335449.95
2033-03-07,317767.45,329766.25,333124.94,2098229.24,263533.64,7,282033.36,286358.13,296788.34,302442.50,309440.59,316678.08,327837.97,335731.77
2033-03-08,318080.66,330070.71,333403.85,2105373.26,263697.82,7,282265.64,286593.97,297032.77,302691.59,309678.73,316930.87,328112.44,336012.84
2033-03-09,318342.17,330367.93,333682.65,2112097.44,263862.10,7,282498.19,286830.09,297277.49,302940.98,309918.64,317172.36,328386.80,336293.81
2033-03-10,318561.29,330662.27,333962.12,2118658.12,264026.45,7,282730.89,287066.35,297522.36,303190.51,310157.90,317405.50,328661.82,336575.46
2033-03-11,318923.06,330958.74,334236.45,2125350.94,264190.89,7,282959.37,287298.33,297762.79,303435.52,310394.91,317637.51,328931.79,336851.93
2033-03-12,319179.38,331247.80,334506.89,2131609.40,264355.41,7,283184.57,287526.99,297999.78,303677.03,310628.41,317867.38,329197.93,337124.47
2033-03-13,319404.98,331529.51,334776.86,2137433.56,264520.02,7,283409.62,287755.49,298236.60,303918.36,310862.01,318094.72,329463.59,337396.53
2033-03-14,319724.01,331808.80,335047.99,2143116.43,264684.71,7,283635.86,287985.20,298474.68,304160.97,311096.19,318318.05,329730.41,337669.78
2033-03-15,319920.17,332074.61,335312.77,2147994.54,264849.48,7,283856.29,288209.01,298706.64,304397.35,311325.97,318539.84,329990.98,337936.62
2033-03-16,320115.37,332345.02,335574.92,2153148.05,265014.34,7,284074.88,288430.95,298936.67,304631.76,311555.06,318763.42,330248.95,338200.80
2033-03-17,320345.04,332626.90,335838.02,2158990.68,265179.28,7,284295.27,288654.72,299168.58,304868.09,311788.04,318990.00,330507.87,338465.95
2033-03-18,320489.43,332905.39,336104.62,2164631.28,265344.31,7,284518.77,288881.65,299403.78,305107.77,312023.17,319216.50,330770.22,338734.62
2033-03-19,320645.08,333161.40,336366.76,2168919.79,265509.42,7,284737.54,289103.77,299633.99,305342.37,312254.05,319441.59,331028.19,338998.80
2033-03-20,320817.42,333417.95,336622.14,2173239.49,265674.61,7,284950.20,289319.69,299857.78,305570.42,312480.69,319666.42,331279.51,339256.17
2033-03-21,321052.75,333671.56,336878.21,2177378.84,265839.89,7,285163.97,289536.75,300082.74,305799.66,312709.02,319890.08,331531.50,339514.23
2033-03-22,321254.10,333922.56,337131.63,2181356.95,266005.26,7,285375.61,289751.62,300305.44,306026.61,312935.12,320112.32,331780.88,339769.62
2033-03-23,321400.06,334161.30,337383.31,2184592.27,266170.70,7,285585.87,289965.11,300526.70,306252.09,313160.29,320331.52,332028.56,340023.26
2033-03-24,321694.83,334400.04,337639.03,2187822.34,266336.23,7,285799.91,290182.43,300751.94,306481.62,313386.57,320549.51,332280.20,340280.96
2033-03-25,321930.91,334631.06,337894.31,2190580.49,266501.85,7,286013.75,290399.56,300976.97,306710.94,313612.72,320768.73,332531.42,340538.23
2033-03-26,322032.68,334862.46,338150.00,2193356.73,266667.55,7,286228.18,290617.27,301202.62,306940.88,313840.86,320989.94,332783.04,340795.91
2033-03-27,322201.91,335089.41,338408.57,2195858.24,266833.33,7,286445.00,290837.42,301430.78,307173.39,314071.21,321211.32,333037.50,341056.49
2033-03-28,322412.92,335329.05,338683.33,2199124.51,266999.20,7,286674.89,291070.84,301672.70,307419.92,314312.08,321436.46,333307.88,341333.38
2033-03-29,322585.63,335576.55,338955.39,2202863.95,267165.15,7,286902.42,291301.85,301912.13,307663.91,314552.22,321663.07,333575.61,341607.56
2033-03-30,322799.77,335827.60,339227.39,2206815.69,267331.19,7,287129.83,291532.75,302151.44,307907.78,314792.36,321889.78,333843.29,341881.68
2033-03-31,322944.27,336072.68,339500.46,2210400.99,267497.31,7,287358.50,291764.93,302392.07,308153.00,315033.36,322114.89,334112.01,342156.87
2033-04-01,323148.25,336356.50,339772.78,2216344.04,267663.51,7,287586.21,291996.12,302631.69,308397.18,315274.02,322338.55,334379.99,342431.31
2033-04-02,323340.37,336593.79,340038.03,2219448.46,267829.80,7,287807.48,292220.79,302864.55,308634.47,315510.09,322563.23,334641.02,342698.62
2033-04-03,323584.80,336838.01,340295.85,2222971.68,267996.18,7,288022.65,292439.26,303090.97,308865.21,315741.96,322785.25,334894.74,342958.45
2033-04-04,323785.16,337080.55,340555.38,2226388.13,268162.64,7,288239.93,292659.87,303319.62,309098.21,315976.86,323008.65,335150.13,343220.00
2033-04-05,323950.19,337312.56,340811.68,2229156.13,268329.18,7,288454.57,292877.80,303545.48,309328.38,316209.25,323231.68,335402.35,343478.29
2033-04-06,324130.49,337536.71,341067.49,2231438.69,268495.81,7,288669.18,293095.70,303771.32,309558.52,316441.71,323455.58,335654.09,343736.08
2033-04-07,324346.84,337769.23,341320.98,2234228.18,268662.52,7,288881.88,293311.67,303995.15,309786.62,316674.10,323680.06,335903.54,343991.55
2033-04-08,324533.21,338004.79,341573.86,2237198.32,268829.32,7,289093.93,293526.96,304218.29,310014.01,316928.01,323927.16,336152.40,344246.39
2033-04-09,324823.10,338240.64,341823.34,2240181.40,268996.20,7,289302.73,293738.97,304438.02,310237.92,317179.29,324173.82,336397.91,344497.81
2033-04-10,324937.96,338472.79,342080.24,2242932.97,269163.17,7,289517.76,293957.29,304664.30,310468.51,317435.27,324419.35,336650.72,344756.71
2033-04-11,325161.34,338699.65,342331.52,2245354.93,269330.22,7,289728.56,294171.33,304886.12,310694.56,317689.59,324665.16,336898.00,345009.95
2033-04-12,325337.84,338912.19,342564.64,2246892.72,269497.36,7,289925.05,294370.83,305092.89,310905.27,317933.86,324910.55,337127.41,345244.88
2033-04-13,325405.38,339122.71,342799.47,2248300.98,269664.58,7,290123.25,294572.07,305301.46,311117.81,318179.57,325156.01,337358.50,345481.53
2033-04-14,325658.31,339338.96,343036.38,2250054.97,269831.88,7,290323.16,294775.04,305511.83,311332.19,318426.39,325402.50,337591.64,345720.29
2033-04-15,325892.29,339552.26,343274.08,2251622.61,269999.27,7,290523.08,294978.03,305722.21,311546.58,318673.16,325646.93,337825.55,345959.83
2033-04-16,326094.39,339750.82,343511.45,2252278.80,270166.75,7,290722.91,295180.93,305932.50,311760.87,318918.17,325890.68,338059.14,346199.05
2033-04-17,326248.89,339955.17,343747.62,2253285.53,270334.31,7,290921.71,295382.77,306141.69,311974.05,319161.76,326132.18,338291.55,346437.06
2033-04-18,326409.05,340171.64,343988.61,2255028.92,270501.96,7,291124.88,295589.06,306355.50,312191.93,319408.55,326374.46,338528.71,346679.92
2033-04-19,326663.73,340382.54,344224.00,2256425.53,270669.69,7,291322.57,295789.78,306563.53,312403.92,319651.57,326618.56,338760.35,346917.14
2033-04-20,326852.62,340599.95,344466.01,2258215.83,270837.50,7,291525.37,295995.69,306776.93,312621.40,319898.33,326856.68,338998.50,347161.03
2033-04-21,327026.04,340819.55,344710.25,2260133.67,271005.41,7,291730.36,296203.83,306992.66,312841.23,320147.96,327094.65,339238.86,347407.17
2033-04-22,327211.67,341040.60,344959.73,2262135.35,271173.39,7,291939.70,296416.37,307212.94,313065.71,320400.63,327332.96,339484.37,347658.59
2033-04-23,327303.55,341262.37,345202.50,2264176.13,271341.46,7,292143.40,296623.20,307427.30,313284.15,320628.31,327548.51,339723.27,347903.25
2033-04-24,327433.97,341488.68,345442.37,2266489.00,271509.62,7,292344.24,296827.12,307638.65,313499.53,320855.20,327763.93,339959.33,348144.98
2033-04-25,327593.35,341706.28,345673.46,2268261.88,271677.86,7,292537.39,297023.23,307841.90,313706.65,321075.18,327976.95,340186.73,348377.86
2033-04-26,327764.94,341938.28,345911.61,2270913.31,271846.19,7,292736.33,297225.22,308051.25,313919.99,321298.04,328189.16,340421.09,348617.87
2033-04-27,327941.50,342171.18,346150.67,2273614.81,272014.60,7,292936.11,297428.07,308261.49,314134.23,321521.00,328398.34,340656.34,348858.79
2033-04-28,328094.80,342395.77,346385.10,2275800.17,272183.10,7,293131.61,297626.57,308467.21,314343.88,321742.20,328606.84,340887.04,349095.04
2033-04-29,328222.92,342619.14,346618.30,2277904.55,272351.69,7,293326.36,297824.30,308672.15,314552.72,321965.12,328816.17,341116.53,349330.05
2033-04-30,328367.10,342845.95,346847.77,2280215.56,272520.35,7,293518.12,298019.00,308873.94,314758.35,322184.95,329024.77,341342.34,349561.30
2033-05-01,328553.72,343034.44,347075.49,2280162.33,272689.11,7,293706.73,298210.50,309072.42,314960.61,322402.11,329231.72,341566.44,349790.79
2033-05-02,328708.93,343257.90,347301.58,2282254.44,272857.95,7,293894.27,298400.92,309269.78,315161.73,322619.15,329438.66,341788.93,350018.65
2033-05-03,328844.17,343473.24,347526.71,2283842.22,273026.87,7,294081.43,298590.95,309466.73,315362.43,322835.87,329646.24,342010.48,350245.53
2033-05-04,328991.30,343699.93,347756.09,2286121.86,273195.88,7,294272.64,298785.09,309667.93,315567.47,323054.30,329852.81,342236.20,350476.68
2033-05-05,329212.60,343918.45,347977.20,2287892.64,273364.98,7,294457.26,298972.54,309862.21,315765.45,323267.94,330063.27,342453.79,350699.51
2033-05-06,329345.97,344134.52,348195.83,2289507.25,273534.16,7,294639.61,299157.69,310054.10,315961.00,323478.70,330274.10,342668.94,350919.84
2033-05-07,329464.19,344334.80,348409.51,2290143.17,273703.43,7,294817.94,299338.75,310241.77,316152.24,323685.90,330485.08,342879.22,351135.18
2033-05-08,329626.36,344541.40,348625.83,2291163.40,273872.78,7,294998.18,299521.75,310431.43,316345.51,323893.93,330693.82,343092.09,351353.18
2033-05-09,329730.13,344751.50,348845.69,2292392.56,274042.22,7,295182.01,299708.40,310624.88,316542.65,324103.08,330901.96,343308.45,351574.75
2033-05-10,329909.59,344964.51,349064.72,2293794.27,274211.75,7,295365.47,299894.67,310817.94,316739.38,324312.11,331111.15,343523.99,351795.48
2033-05-11,330051.61,345177.25,349279.99,2295174.01,274381.36,7,295545.66,300077.63,311007.55,316932.61,324518.17,331318.78,343735.84,352012.43
2033-05-12,330225.49,345390.02,349495.31,2296549.56,274551.06,7,295725.56,300260.28,311196.86,317125.53,324724.25,331526.88,343947.72,352229.41
2033-05-13,330396.14,345602.83,349710.66,2297921.99,274720.84,7,295905.52,300443.00,311386.24,317318.51,324928.94,331735.50,344159.64,352446.44
2033-05-14,330584.43,345811.08,349921.40,2299008.10,274890.71,7,296081.29,300621.47,311571.21,317507.00,325128.99,331945.41,344367.03,352658.82
2033-05-15,330734.51,346019.77,350132.58,2300115.12,275060.66,7,296257.08,300799.96,311756.19,317695.51,325329.69,332158.33,344574.84,352871.64
2033-05-16,330884.21,346226.94,350342.22,2301122.69,275230.70,7,296433.15,300978.73,311941.48,317884.33,325531.42,332378.43,344781.15,353082.91
2033-05-17,331071.82,346437.41,350555.20,2302327.24,275400.83,7,296611.69,301160.01,312129.36,318075.79,325734.10,332598.69,344990.74,353297.55
2033-05-18,331278.30,346648.70,350769.01,2303576.38,275571.04,7,296790.32,301341.37,312317.33,318267.34,325935.98,332818.90,345201.15,353513.02
2033-05-19,331430.18,346858.97,350981.79,2304756.70,275741.34,7,296968.00,301521.78,312504.31,318457.88,326137.76,333038.19,345410.54,353727.45
2033-05-20,331584.46,347068.94,351194.27,2305913.27,275911.72,7,297145.33,301701.82,312690.91,318648.04,326339.45,333258.25,345619.63,353941.58
2033-05-21,331795.55,347277.72,351405.53,2306990.00,276082.19,7,297323.14,301882.37,312878.03,318838.73,326544.27,333481.04,345827.53,354154.49
2033-05-22,331966.74,347486.23,351616.53,2308044.44,276252.75,7,297499.66,302061.59,313063.78,319028.01,326748.69,333702.57,346035.17,354367.13
2033-05-23,332173.21,347689.14,351821.87,2308749.44,276423.39,7,297671.21,302235.77,313244.30,319211.98,326950.18,333924.74,346237.24,354574.06
2033-05-24,332379.59,347890.73,352025.86,2309366.84,276594.12,7,297841.73,302408.91,313423.75,319394.84,327151.49,334146.68,346437.98,354779.63
2033-05-25,332592.32,348092.57,352230.11,2309994.00,276764.94,7,298012.44,302582.24,313603.39,319577.91,327352.52,334368.27,346638.98,354985.47
2033-05-26,332798.38,348293.06,352433.00,2310533.21,276935.84,7,298182.11,302754.50,313781.93,319759.84,327553.41,334590.57,346838.63,355189.93
2033-05-27,332975.71,348493.82,352636.15,2311082.51,277106.83,7,298351.57,302926.57,313960.27,319941.58,327753.86,334811.56,347038.55,355394.66
2033-05-28,333153.99,348696.48,352841.24,2311743.89,277277.90,7,298522.80,303100.43,314140.45,320125.20,327955.20,335031.55,347240.37,355601.34
2033-05-29,333361.81,348899.50,353046.67,2312420.60,277449.06,7,298694.18,303274.43,314320.80,320308.98,328156.28,335249.10,347442.53,355808.37
2033-05-30,333516.98,349100.98,353250.56,2312997.33,277620.31,7,298864.66,303447.52,314500.19,320491.79,328356.29,335463.39,347643.17,356013.84
2033-05-31,333612.34,349303.30,353455.30,2313620.43,277791.64,7,299035.42,303620.90,314679.89,320674.91,328555.12,335670.00,347844.65,356220.17
2033-06-01,333775.31,349504.42,353658.81,2314163.74,277963.06,7,299204.64,303792.72,314857.96,320856.38,328752.86,335877.79,348044.92,356425.27
2033-06-02,333937.64,349704.11,353860.89,2314614.24,278134.57,7,299372.07,303962.71,315034.15,321035.92,328950.02,336083.61,348243.79,356628.92
2033-06-03,334110.76,349905.78,354064.97,2315180.34,278306.16,7,299542.49,304135.74,315213.48,321218.67,329151.57,336288.82,348444.61,356834.58
2033-06-04,334223.83,350106.12,354267.69,2315658.73,278477.84,7,299711.80,304307.65,315391.65,321400.23,329352.61,336493.81,348644.11,357038.88
2033-06-05,334398.35,350304.47,354468.41,2316010.12,278649.61,7,299878.06,304476.46,315566.61,321578.53,329549.34,336697.10,348841.63,357241.16
2033-06-06,334595.43,350495.69,354661.92,2315920.55,278821.46,7,300038.91,304639.78,315735.87,321751.01,329743.25,336900.72,349032.05,357436.17
2033-06-07,334753.51,350687.60,354856.13,2315867.91,278993.40,7,300200.23,304803.57,315905.64,321924.01,329937.42,337104.73,349223.17,357631.88
2033-06-08,334952.08,350879.48,355050.29,2315807.47,279165.43,7,300361.54,304967.35,316075.38,322096.99,330131.70,337309.09,349414.24,357827.55
2033-06-09,335122.27,351070.23,355243.32,2315674.08,279337.54,7,300521.87,305130.15,316244.10,322268.93,330326.06,337514.84,349604.19,358022.08
2033-06-10,335316.82,351265.42,355438.49,2315806.33,279509.74,7,300684.38,305295.15,316415.12,322443.20,330522.72,337721.81,349796.26,358218.78
2033-06-11,335510.47,351455.34,355630.67,2315611.15,279682.03,7,300844.55,305457.77,316583.66,322614.95,330717.57,337929.34,349985.38,358412.45
2033-06-12,335707.67,351643.59,355821.18,2315310.47,279854.40,7,301003.20,305618.85,316750.61,322785.08,330911.63,338137.10,350172.85,358604.43
2033-06-13,335896.00,351832.05,356011.89,2315017.32,280026.86,7,301161.98,305780.07,316917.70,322955.36,331106.12,338344.01,350360.52,358796.62
2033-06-14,336083.43,352019.13,356201.19,2314634.70,280199.41,7,301319.46,305939.97,317083.42,323124.23,331300.07,338551.43,350546.81,358987.40
2033-06-15,336287.24,352205.34,356389.62,2314194.74,280372.05,7,301476.20,306099.10,317248.36,323292.31,331493.89,338758.97,350732.24,359177.29
2033-06-16,336490.76,352391.51,356578.02,2313748.50,280544.77,7,301633.59,306258.91,317413.98,323461.09,331688.37,338964.85,350917.63,359367.15
2033-06-17,336713.43,352574.60,356763.29,2313109.91,280717.58,7,301795.97,306423.78,317584.86,323635.22,331898.37,339188.13,351099.95,359553.86
2033-06-18,336921.08,352754.83,356945.68,2312294.79,280890.47,7,301954.55,306584.79,317751.74,323805.28,332102.63,339411.16,351279.43,359737.66
2033-06-19,337125.19,352936.90,357129.92,2311585.82,281063.46,7,302114.71,306747.41,317920.27,323977.03,332307.18,339634.03,351460.74,359923.33
2033-06-20,337336.79,353124.79,357320.05,2311225.81,281236.53,7,302280.06,306915.30,318094.28,324154.35,332514.54,339856.69,351647.84,360114.94
2033-06-21,337562.95,353321.78,357519.39,2311412.25,281409.68,7,302453.47,307091.36,318276.76,324340.30,332725.96,340080.08,351844.01,360315.83
2033-06-22,337786.30,353522.40,357722.40,2311812.48,281582.93,7,302630.57,307271.18,318463.12,324530.22,332940.02,340303.83,352043.79,360520.42
2033-06-23,338005.43,353726.78,357929.22,2312434.63,281756.26,7,302810.20,307453.57,318652.15,324722.85,333155.53,340527.42,352247.31,360728.84
2033-06-24,338228.71,353934.64,358139.56,2313261.85,281929.68,7,302993.22,307639.40,318844.75,324919.12,333373.60,340751.70,352454.30,360940.82
2033-06-25,338446.10,354142.65,358350.05,2314091.93,282103.19,7,303175.74,307824.71,319036.82,325114.85,333589.85,340974.32,352661.44,361152.95
2033-06-26,338655.86,354352.32,358562.22,2315017.14,282276.78,7,303359.63,308011.42,319230.32,325312.03,333807.32,341197.43,352870.23,361366.77
2033-06-27,338918.69,354562.42,358774.82,2315962.31,282450.46,7,303543.94,308198.55,319424.27,325509.68,334025.15,341420.22,353079.45,361581.02
2033-06-28,339145.35,354774.59,358989.52,2317026.52,282624.23,7,303730.43,308387.91,319620.52,325709.67,334244.62,341643.29,353290.73,361797.39
2033-06-29,339410.13,354989.45,359206.95,2318247.63,282798.09,7,303919.62,308579.99,319819.61,325912.55,334465.73,341867.15,353504.70,362016.51
2033-06-30,339685.27,355204.65,359424.72,2319483.62,282972.03,7,304109.44,308772.72,320019.36,326116.10,334687.89,342092.79,353719.00,362235.97
2033-07-01,339943.19,355421.47,359644.11,2320811.05,283146.06,7,304300.68,308966.90,320220.60,326321.18,334911.13,342318.64,353934.90,362457.07
2033-07-02,340191.15,355640.91,359866.17,2322291.02,283320.18,7,304487.27,309156.35,320416.96,326521.28,335118.69,342529.27,354153.43,362680.85
2033-07-03,340449.43,355859.34,360087.20,2323704.61,283494.38,7,304672.93,309344.86,320612.33,326720.37,335326.08,342740.16,354370.94,362903.61
2033-07-04,340700.33,356078.24,360308.72,2325139.88,283668.68,7,304859.08,309533.87,320808.23,326920.00,335533.98,342951.80,354588.93,363126.84
2033-07-05,340925.32,356294.85,360527.92,2326431.70,283843.06,7,305043.23,309720.84,321002.00,327117.47,335741.01,343163.29,354804.64,363347.74
2033-07-06,341154.81,356513.87,360749.54,2327862.12,284017.53,7,305229.68,309910.14,321198.21,327317.41,335950.11,343375.06,355022.73,363571.09
2033-07-07,341403.22,356732.27,360970.55,2329249.81,284192.09,7,305415.26,310098.57,321393.50,327516.93,336159.05,343585.81,355240.22,363793.82
2033-07-08,341620.11,356950.95,361191.83,2330648.42,284366.73,7,305600.80,310286.96,321588.75,327715.90,336367.95,343796.88,355457.98,364016.82
2033-07-09,341838.28,357167.94,361411.41,2331939.34,284541.46,7,305784.49,310473.47,321782.05,327913.28,336574.93,344007.32,355674.07,364238.11
2033-07-10,342080.48,357382.17,361630.59,2333057.42,284716.28,7,305968.16,310659.95,321975.33,328110.53,336782.05,344219.22,355889.75,364458.99
2033-07-11,342295.28,357600.33,361851.35,2334406.63,284891.19,7,306152.68,310847.30,322169.49,328308.93,336989.90,344430.51,356107.00,364681.47
2033-07-12,342517.35,357821.37,362075.03,2335923.90,285066.19,7,306340.29,311037.78,322366.92,328511.92,337201.70,344643.94,356327.12,364906.89
2033-07-13,342675.61,358042.57,362298.86,2337444.90,285241.27,7,306528.03,311228.40,322564.48,328715.46,337413.81,344857.82,356547.39,365132.46
2033-07-14,342826.26,358270.30,362529.30,2339354.68,285416.44,7,306721.18,311424.52,322767.74,328926.21,337632.95,345068.15,356774.17,365364.70
2033-07-15,342996.60,358498.91,362760.65,2341312.01,285591.70,7,306914.87,311621.18,322971.56,329137.99,337852.17,345277.24,357001.83,365597.84
2033-07-16,343195.10,358724.95,362989.39,2343107.89,285767.05,7,307106.44,311815.69,323173.16,329348.45,338070.38,345487.10,357226.92,365828.36
2033-07-17,343364.33,358952.10,363219.24,2344964.41,285942.49,7,307298.69,312010.88,323375.46,329559.90,338289.50,345696.50,357453.12,366060.00
2033-07-18,343542.31,359178.55,363448.40,2346773.65,286118.01,7,307490.26,312205.40,323577.06,329772.47,338508.17,345904.84,357678.63,366290.94
2033-07-19,343721.64,359407.01,363679.58,2348697.98,286293.62,7,307683.36,312401.45,323780.25,329987.89,338729.46,346112.48,357906.13,366523.92
2033-07-20,343877.92,359636.83,363912.13,2350697.88,286469.33,7,307878.40,312599.48,323985.50,330206.08,338953.49,346321.71,358134.98,366758.28
2033-07-21,344051.07,359860.23,364138.20,2352305.23,286645.11,7,308068.01,312792.00,324185.04,330420.79,339174.49,346531.18,358357.45,366986.11
2033-07-22,344229.73,360083.32,364363.95,2353886.74,286820.99,7,308257.63,312984.53,324384.57,330635.98,339395.39,346742.14,358579.61,367213.61
2033-07-23,344450.13,360304.19,364587.46,2355328.12,286996.96,7,308446.30,313176.10,324583.12,330850.67,339615.95,346954.16,358799.56,367438.86
2033-07-24,344666.88,360523.02,364808.90,2356640.55,287173.01,7,308633.07,313365.72,324779.65,331064.07,339835.00,347165.70,359017.47,367662.02
2033-07-25,344886.40,360740.62,365029.09,2357872.57,287349.15,7,308819.64,313555.15,324975.98,331279.47,340056.11,347380.49,359234.16,367883.93
2033-07-26,345115.15,360957.15,365248.21,2359033.85,287525.38,7,309005.16,313743.52,325171.21,331494.11,340276.44,347596.67,359449.79,368104.75
2033-07-27,345316.20,361173.60,365467.24,2360184.17,287701.70,7,309189.20,313930.38,325364.88,331706.66,340494.61,347813.44,359665.34,368325.48
2033-07-28,345507.70,361391.01,365687.24,2361386.25,287878.11,7,309373.23,314117.24,325558.54,331919.81,340713.41,348032.46,359881.84,368547.20
2033-07-29,345723.33,361601.07,365899.81,2362138.84,288054.60,7,309550.86,314297.59,325745.46,332125.60,340924.65,348256.92,360091.02,368761.42
2033-07-30,345955.96,361812.36,366113.62,2362959.12,288231.19,7,309729.59,314479.06,325933.54,332332.07,341136.59,348486.29,360301.43,368976.89
2033-07-31,346176.57,362024.85,366328.64,2363846.36,288407.86,7,309907.96,314660.30,326121.24,332539.21,341349.22,348716.53,360513.02,369193.58
2033-08-01,346398.88,362237.60,366543.94,2364744.15,288584.62,7,310087.23,314842.32,326309.88,332746.77,341562.28,348947.58,360724.89,369410.55
2033-08-02,346577.87,362455.29,366764.22,2365933.45,288761.47,7,310271.30,315029.59,326503.59,332958.18,341779.29,349181.36,360941.67,369632.55
2033-08-03,346789.55,362672.07,366983.59,2367062.36,288938.41,7,310454.74,315216.87,326696.63,333168.39,341995.08,349417.08,361157.55,369853.62
2033-08-04,346994.62,362888.46,367202.56,2368161.29,289115.44,7,310636.50,315402.95,326887.90,333376.68,342208.88,349650.17,361373.03,370074.29
2033-08-05,347216.66,363109.39,367426.12,2369528.99,289292.55,7,310821.89,315592.58,327082.98,333586.38,342424.14,349883.81,361593.03,370299.60
2033-08-06,347414.54,363331.45,367650.83,2370958.22,289469.76,7,311008.28,315783.08,327279.12,333796.03,342639.34,350119.66,361814.17,370526.05
2033-08-07,347630.22,363553.55,367875.58,2372384.80,289647.05,7,311194.65,315972.97,327475.24,334005.04,342853.88,350357.55,362035.34,370752.55
2033-08-08,347857.90,363781.27,368106.02,2374144.44,289824.43,7,311387.87,316171.69,327678.57,334222.22,343076.82,350601.55,362262.11,370984.78
2033-08-09,348043.09,364008.10,368335.55,2375843.17,290001.91,7,311579.45,316370.56,327880.17,334437.46,343297.76,350843.97,362487.99,371216.10
2033-08-10,348270.19,364236.47,368566.64,2377629.87,290179.47,7,311772.87,316570.82,328083.71,334653.59,343519.62,351093.99,362715.40,371448.99
2033-08-11,348458.94,364462.70,368798.05,2379281.84,290357.12,7,311967.46,316771.99,328288.48,334869.92,343741.68,351345.34,362943.13,371682.20
2033-08-12,348619.59,364684.15,369030.85,2380638.85,290534.85,7,312166.16,316980.31,328497.58,335092.81,343970.48,351598.47,363172.23,371916.82
2033-08-13,348827.77,364901.44,369264.97,2381737.84,290712.68,7,312366.08,317189.81,328707.96,335316.06,344199.64,351849.88,363402.62,372152.75
2033-08-14,348973.20,365116.26,369496.61,2382681.83,290890.60,7,312563.73,317397.69,328915.95,335537.66,344427.11,352096.92,363630.57,372386.19
2033-08-15,349088.04,365332.55,369729.75,2383709.55,291068.60,7,312763.91,317607.58,329126.61,335759.55,344654.88,352342.40,363860.01,372621.15
2033-08-16,349228.99,365547.12,369961.18,2384626.87,291246.70,7,312962.34,317816.46,329335.41,335980.51,344881.69,352586.45,364087.75,372854.38
2033-08-17,349339.10,365760.26,370191.17,2385452.16,291424.88,7,313159.12,318023.51,329542.49,336199.38,345106.37,352828.71,364314.08,373086.16
2033-08-18,349420.13,365971.91,370419.67,2386181.57,291603.15,7,313354.93,318230.67,329748.55,336418.38,345331.17,353069.52,364538.94,373316.43
2033-08-19,349528.47,366178.63,370643.19,2386607.63,291781.51,7,313546.70,318435.78,329950.34,336635.22,345553.75,353308.84,364758.90,373541.69
2033-08-20,349599.95,366381.35,370862.68,2386786.53,291959.97,7,313735.18,318639.08,330148.69,336850.14,345774.36,353547.02,364974.90,373762.90
2033-08-21,349720.89,366589.03,371080.33,2387259.52,292138.51,7,313921.63,318841.07,330344.89,337063.68,345993.56,353786.90,365189.08,373982.23
2033-08-22,349841.44,366785.36,371293.38,2387043.28,292317.14,7,314104.48,319042.42,330537.31,337276.53,346212.05,354021.74,365398.75,374196.95
2033-08-23,349881.42,366978.68,371503.40,2386641.05,292495.85,7,314282.52,319238.37,330724.66,337483.68,346424.69,354250.27,365605.42,374408.60
2033-08-24,349950.76,367171.87,371713.31,2386225.96,292674.66,7,314460.11,319433.31,330911.54,337689.76,346636.23,354475.14,365811.99,374620.14
2033-08-25,350013.51,367357.95,371916.04,2385378.87,292853.56,7,314631.97,319626.09,331092.39,337893.56,346845.43,354688.61,366011.49,374824.44
2033-08-26,350091.09,367538.81,372113.50,2384214.73,293032.55,7,314799.33,319817.70,331268.51,338096.12,347053.36,354897.69,366205.81,375023.44
2033-08-27,350155.06,367717.25,372308.51,2382901.18,293211.63,7,314961.98,320013.38,331439.67,338302.98,347265.69,355080.36,366397.71,375219.97
2033-08-28,350223.46,367895.41,372503.26,2381568.84,293390.79,7,315130.20,320222.10,331618.32,338523.64,347492.19,355263.72,366589.37,375416.23
2033-08-29,350207.76,368074.22,372698.69,2380271.59,293570.05,7,315299.20,320431.17,331798.01,338744.65,347719.06,355447.19,366781.68,375613.17
2033-08-30,350263.69,368249.60,372890.65,2378766.72,293749.39,7,315465.53,320638.61,331975.58,338963.95,347944.17,355650.18,366970.59,375806.63
2033-08-31,350306.39,368426.41,373084.08,2377343.85,293928.83,7,315633.38,320847.49,332155.25,339184.76,348170.83,355854.14,367160.93,376001.56
2033-09-01,350393.93,368602.32,373276.61,2375865.19,294108.35,7,315800.48,321055.65,332334.37,339404.82,348396.73,356058.95,367350.40,376195.59
2033-09-02,350423.27,368778.96,373469.90,2374426.69,294287.97,7,315967.74,321262.68,332514.12,339623.68,348621.39,356266.26,367540.61,376390.38
2033-09-03,350504.17,368958.60,373666.23,2373163.88,294467.67,7,316137.54,321469.94,332696.79,339842.79,348846.30,356478.06,367733.81,376588.24
2033-09-04,350569.21,369140.89,373865.26,2372055.29,294647.47,7,316310.57,321680.68,332884.47,340065.57,349074.98,356691.39,367929.68,376788.82
2033-09-05,350641.24,369320.78,374061.89,2370801.39,294827.35,7,316481.97,321891.49,333072.88,340288.44,349303.75,356899.22,368123.17,376986.97
2033-09-06,350714.63,369503.37,374261.25,2369704.04,295007.32,7,316655.59,322102.26,333263.74,340511.24,349532.46,357112.06,368319.36,377187.89
2033-09-07,350765.56,369685.60,374460.27,2368581.56,295187.39,7,316829.45,322311.94,333454.85,340732.91,349760.00,357323.64,368515.22,377388.46
2033-09-08,350812.93,369869.07,374660.56,2367529.28,295367.54,7,317005.06,322522.14,333647.80,340955.12,349988.10,357536.39,368712.31,377590.30
2033-09-09,350842.84,370052.82,374861.15,2366490.37,295547.78,7,317183.78,322732.27,333844.03,341177.27,350216.13,357750.89,368909.71,377792.45
2033-09-10,350934.67,370241.93,375064.66,2365764.01,295728.12,7,317364.82,322941.67,334042.70,341398.64,350443.36,357966.73,369109.99,377997.55
2033-09-11,351046.36,370436.43,375267.31,2365352.40,295908.54,7,317545.73,323139.24,334241.24,341607.49,350657.75,358204.86,369309.41,378201.77
2033-09-12,351126.16,370633.38,375466.85,2365081.49,296089.05,7,317720.53,323323.41,334431.74,341802.19,350857.61,358442.96,369505.77,378402.86
2033-09-13,351219.26,370829.84,375665.87,2364775.33,296269.66,7,317895.44,323507.48,334622.13,341996.78,351057.35,358680.63,369701.63,378603.43
2033-09-14,351310.05,371029.31,375867.96,2364643.09,296450.35,7,318072.61,323693.19,334814.22,342193.10,351258.87,358899.10,369900.49,378807.09
2033-09-15,351383.88,371225.60,376066.81,2364317.92,296631.13,7,318248.50,323877.12,335004.47,342387.54,351458.47,359116.59,370096.18,379007.49
2033-09-16,351481.06,371419.40,376263.16,2363841.46,296812.01,7,318424.32,324060.75,335194.41,342581.67,351657.74,359330.38,370289.40,379205.36
2033-09-17,351615.59,371614.11,376460.41,2363413.89,296992.97,7,318601.27,324245.09,335385.09,342776.55,351857.78,359545.81,370483.52,379404.15
2033-09-18,351770.51,371805.84,376654.65,2362806.18,297174.03,7,318777.44,324428.41,335574.70,342970.35,352056.71,359758.06,370674.67,379599.90
2033-09-19,351940.55,371993.98,376845.26,2361983.98,297355.17,7,318951.53,324608.06,335760.52,343160.26,352251.66,359967.29,370862.24,379791.99
2033-09-20,352012.12,372177.11,377037.78,2360862.90,297536.41,7,319128.33,324788.08,335946.73,343350.57,352447.01,360179.02,371051.70,379986.01
2033-09-21,352033.94,372365.23,377228.37,2360031.71,297717.73,7,319304.67,324967.56,336132.37,343540.30,352641.77,360387.82,371239.25,380178.08
2033-09-22,352162.99,372542.84,377408.31,2358580.42,297899.15,7,319477.05,325143.00,336313.84,343725.77,352832.15,360594.43,371416.33,380359.42
2033-09-23,352222.27,372717.97,377585.74,2356980.70,298080.66,7,319648.78,325317.77,336494.61,343910.53,353021.80,360802.80,371590.93,380538.22
2033-09-24,352291.90,372888.08,377758.09,2355086.62,298262.25,7,319818.88,325490.88,336673.68,344093.54,353209.66,361007.60,371760.53,380711.91
2033-09-25,352344.82,373053.95,377926.13,2352942.37,298443.94,7,319988.01,325663.02,336851.72,344275.51,353396.46,361209.43,371925.90,380881.26
2033-09-26,352417.08,373216.19,378090.49,2350584.99,298625.72,7,320156.88,325834.88,337029.49,344457.20,353582.95,361408.99,372087.65,381046.90
2033-09-27,352493.07,373380.43,378256.90,2348344.53,298807.59,7,320328.60,326009.65,337210.26,344641.95,353772.60,361610.58,372251.40,381214.60
2033-09-28,352651.68,373544.84,378423.46,2346113.32,298989.54,7,320500.17,326184.26,337390.87,344826.54,353962.08,361815.72,372415.31,381382.45
2033-09-29,352727.49,373706.64,378587.38,2343729.03,299171.59,7,320669.58,326356.67,337569.21,345008.81,354149.18,362021.50,372576.62,381547.65
2033-09-30,352822.81,373867.89,378750.75,2341312.94,299353.73,7,320838.58,326528.67,337747.12,345190.64,354335.83,362226.56,372737.38,381712.28
2033-10-01,352909.60,374029.64,378914.62,2338925.05,299535.97,7,321007.05,326700.13,337924.47,345371.90,354520.92,362435.01,372898.65,381877.43
2033-10-02,353043.67,374188.60,379075.67,2336376.15,299718.29,7,321174.43,326870.47,338100.66,345551.98,354703.54,362637.09,373057.13,382039.72
2033-10-03,353138.16,374347.76,379236.91,2333839.06,299900.70,7,321342.12,327041.14,338277.19,345732.40,354884.84,362837.89,373215.81,382202.23
2033-10-04,353221.92,374509.37,379400.65,2331443.43,300083.20,7,321510.66,327212.67,338454.62,345913.73,355066.55,363039.86,373376.93,382367.23
2033-10-05,353323.88,374671.10,379564.50,2329054.07,300265.80,7,321679.03,327384.02,338631.86,346094.88,355247.21,363239.04,373538.18,382532.36
2033-10-06,353408.18,374833.07,379728.60,2326678.66,300448.48,7,321847.54,327555.52,338809.25,346276.18,355426.82,363437.07,373699.66,382697.73
2033-10-07,353507.03,375005.11,379902.89,2324879.74,300631.26,7,322019.54,327730.57,338990.31,346461.23,355609.94,363639.21,373871.18,382873.38
2033-10-08,353626.69,375179.60,380079.67,2323219.65,300814.13,7,322191.94,327906.03,339171.80,346646.72,355793.12,363840.59,374045.14,383051.53
2033-10-09,353779.06,375362.57,380265.04,2322043.41,300997.08,7,322366.43,328083.62,339355.49,346834.46,355977.91,364047.26,374227.56,383238.34
2033-10-10,353899.88,375547.80,380452.70,2320992.91,301180.13,7,322541.72,328262.01,339540.01,347023.04,356162.27,364256.90,374412.24,383427.47
2033-10-11,354050.17,375737.44,380644.82,2320190.32,301363.27,7,322717.26,328440.67,339724.81,347211.91,356347.56,364470.37,374601.30,383621.08
2033-10-12,354222.66,375927.55,380837.43,2319411.49,301546.50,7,322890.49,328616.97,339907.17,347398.29,356529.62,364678.74,374790.84,383815.18
2033-10-13,354397.51,376118.54,381030.93,2318678.10,301729.83,7,323064.32,328793.88,340090.16,347585.31,356712.43,364886.64,374981.26,384010.19
2033-10-14,354577.02,376310.35,381225.26,2317988.16,301913.24,7,323239.55,328972.22,340274.62,347773.84,356896.26,365094.53,375172.49,384206.02
2033-10-15,354761.31,376502.41,381419.83,2317308.20,302096.74,7,323415.25,329151.03,340459.58,347962.88,357078.30,365302.62,375363.97,384402.11
2033-10-16,354932.75,376693.58,381613.50,2316572.93,302280.34,7,323591.27,329330.18,340644.88,348152.26,357259.32,365505.73,375554.56,384597.29
2033-10-17,355118.06,376884.57,381807.00,2315823.87,302464.03,7,323767.30,329509.33,340830.18,348341.65,357440.27,365710.23,375744.98,384792.29
2033-10-18,355172.57,377078.88,382003.86,2315259.47,302647.81,7,323944.77,329689.95,341017.01,348532.59,357624.12,365917.91,375938.70,384990.69
2033-10-19,355241.39,377274.70,382202.24,2314776.05,302831.68,7,324122.71,329871.05,341204.33,348724.04,357809.20,366126.94,376133.92,385190.61
2033-10-20,355269.98,377471.39,382401.52,2314338.45,303015.64,7,324300.86,330052.35,341391.86,348915.71,357995.02,366338.39,376330.03,385391.43
2033-10-21,355277.49,377668.54,382601.25,2313922.35,303199.69,7,324479.48,330234.14,341579.89,349107.88,358181.33,366551.14,376526.58,385592.72
2033-10-22,355316.79,377865.03,382800.31,2313464.23,303383.83,7,324658.11,330415.94,341767.94,349300.08,358367.26,366767.36,376722.48,385793.33
2033-10-23,355353.78,378060.18,382998.02,2312925.42,303568.07,7,324836.39,330597.38,341955.62,349491.89,358552.21,366980.59,376917.04,385992.58
2033-10-24,355411.57,378255.00,383195.40,2312363.99,303752.40,7,325015.09,330779.25,342143.73,349684.15,358737.13,367193.06,377111.28,386191.49
2033-10-25,355422.31,378448.68,383391.61,2311733.42,303936.82,7,325193.16,330960.48,342331.19,349875.74,358920.94,367402.91,377304.37,386389.23
2033-10-26,355494.03,378639.03,383584.47,2310911.38,304121.33,7,325370.30,331140.76,342517.67,350066.32,359101.64,367611.06,377494.15,386583.59
2033-10-27,355491.03,378813.32,383761.04,2309178.98,304305.93,7,325541.64,331315.13,342698.03,350250.66,359268.26,367812.94,377667.91,386761.53
2033-10-28,355435.26,378970.25,383920.03,2306467.18,304490.62,7,325707.20,331483.63,342872.32,350428.79,359427.19,368004.19,377824.37,386921.76
2033-10-29,355407.38,379120.66,384072.41,2303388.90,304675.41,7,325870.03,331649.35,343043.73,350603.98,359582.37,368190.48,377974.33,387075.32
2033-10-30,355432.33,379266.69,384220.36,2300067.59,304860.28,7,326030.31,331812.48,343212.46,350776.43,359737.94,368375.42,378119.91,387224.42
2033-10-31,355395.23,379408.96,384364.49,2296538.05,305045.25,7,326191.44,331976.46,343382.08,350949.78,359894.33,368561.51,378261.75,387369.67
2033-11-01,355381.72,379545.79,384503.12,2292708.30,305230.31,7,326350.32,332138.16,343549.33,351120.72,360049.41,368741.14,378398.17,387509.37
2033-11-02,355287.03,379683.50,384642.64,2288931.91,305415.47,7,326508.60,332299.25,343715.96,351291.02,360204.93,368920.32,378535.47,387649.97
2033-11-03,355025.22,379818.08,384778.99,2284987.10,305600.71,7,326665.66,332459.09,343881.29,351460.00,360360.20,369095.90,378669.65,387787.38
2033-11-04,354919.35,379949.36,384912.00,2280863.80,305786.05,7,326821.50,332617.70,344045.34,351627.67,360514.51,369266.80,378800.53,387921.42
2033-11-05,354825.78,380079.91,385044.25,2276705.70,305971.48,7,326975.86,332774.79,344207.84,351793.74,360673.07,369435.16,378930.68,388054.71
2033-11-06,354750.05,380210.13,385176.18,2272536.33,306157.00,7,327129.83,332931.49,344369.92,351959.40,360833.66,369597.86,379060.51,388187.66
2033-11-07,354582.45,380338.92,385306.67,2268294.55,306342.61,7,327284.03,333088.43,344532.25,352125.30,360993.90,369759.35,379188.91,388319.16
2033-11-08,354398.85,380465.30,385434.71,2263927.10,306528.31,7,327437.80,333244.93,344694.12,352290.75,361156.35,369916.62,379314.92,388448.19
2033-11-09,354180.58,380591.20,385562.26,2259539.81,306714.11,7,327591.27,333401.12,344855.68,352455.86,361321.25,370071.90,379440.44,388576.73
2033-11-10,353984.57,380707.62,385680.21,2254640.60,306900.00,7,327741.92,333554.44,345014.27,352617.95,361482.63,370214.90,379556.50,388695.60
2033-11-11,353830.25,380838.18,385812.49,2250524.77,307085.98,7,327897.60,333712.89,345178.16,352785.45,361658.20,370363.17,379686.67,388828.90
2033-11-12,353737.97,380981.98,385958.18,2247138.00,307272.05,7,328057.62,333875.74,345346.61,352957.61,361840.96,370515.03,379830.04,388975.72
2033-11-13,353680.97,381127.56,386105.67,2243850.78,307458.22,7,328218.17,334039.14,345515.62,353130.35,362025.12,370666.02,379975.18,389124.36
2033-11-14,353631.68,381275.90,386255.95,2240717.41,307644.47,7,328379.90,334203.74,345685.88,353304.36,362209.45,370815.15,380123.07,389275.81
2033-11-15,353567.21,381428.75,386410.81,2237831.10,307830.82,7,328540.95,334367.64,345855.41,353477.63,362394.84,370964.13,380275.47,389431.87
2033-11-16,353400.39,381586.53,386570.65,2235212.86,308017.27,7,328703.66,334533.23,346026.69,353652.68,362582.72,371117.58,380432.77,389592.96
2033-11-17,353309.68,381741.01,386727.16,2232417.90,308203.80,7,328865.70,334698.15,346197.27,353827.02,362770.12,371267.82,380586.78,389750.68
2033-11-18,353225.60,381895.82,386884.00,2229641.34,308390.43,7,329028.31,334863.64,346368.45,354001.97,362957.08,371418.38,380741.12,389908.74
2033-11-19,353278.32,382051.53,387041.76,2226914.97,308577.15,7,329190.99,335029.21,346539.71,354177.00,363149.20,371569.83,380896.37,390067.72
2033-11-20,353323.40,382209.29,387201.58,2224300.10,308763.96,7,329355.13,335196.26,346712.49,354353.60,363339.50,371723.26,381053.65,390228.79
2033-11-21,353240.37,382366.86,387361.22,2221676.26,308950.86,7,329519.09,335363.13,346885.10,354530.01,363528.02,371876.51,381210.75,390389.67
2033-11-22,353238.18,382524.90,387521.34,2219078.01,309137.86,7,329682.35,335529.29,347056.96,354705.66,363719.08,372030.22,381368.31,390551.03
2033-11-23,353258.27,382684.93,387683.47,2216586.98,309324.95,7,329845.61,335695.44,347228.83,354881.31,363910.39,372185.85,381527.86,390714.42
2033-11-24,353365.06,382842.87,387843.48,2213985.16,309512.13,7,330008.40,335861.11,347400.19,355056.46,364100.75,372339.47,381685.33,390875.68
2033-11-25,353333.17,383010.29,388013.10,2211890.00,309699.41,7,330173.93,336029.59,347574.45,355234.56,364298.15,372502.30,381852.24,391046.61
2033-11-26,353489.52,383180.03,388185.06,2209918.18,309886.77,7,330339.43,336198.01,347748.67,355412.61,364497.96,372667.37,382021.46,391219.91
2033-11-27,353582.40,383352.46,388359.76,2208089.12,310074.23,7,330505.51,336367.04,347923.50,355591.30,364698.52,372835.08,382193.38,391395.97
2033-11-28,353780.95,383522.96,388532.49,2206155.06,310261.79,7,330670.73,336535.19,348097.43,355769.06,364896.66,373000.90,382363.37,391570.04
2033-11-29,353806.95,383695.65,388707.44,2204336.97,310449.43,7,330836.86,336704.27,348272.32,355947.80,365099.04,373168.86,382535.53,391746.36
2033-11-30,353888.05,383870.56,388884.65,2202635.23,310637.17,7,331003.40,336873.77,348447.64,356126.99,365304.28,373338.97,382709.92,391924.94
2033-12-01,353973.41,384047.92,389064.34,2201061.72,310825.00,7,331171.12,337044.46,348624.20,356307.43,365511.68,373511.47,382886.74,392106.02
2033-12-02,354113.35,384224.10,389242.82,2199422.88,311012.93,7,331339.68,337216.01,348801.64,356488.78,365717.61,373682.81,383062.39,392285.90
2033-12-03,354488.22,384402.59,389423.65,2197905.76,311200.94,7,331508.87,337388.20,348979.75,356670.82,365926.12,373856.41,383240.34,392468.14
2033-12-04,354752.05,384580.31,389603.70,2196344.90,311389.05,7,331678.86,337561.20,349158.69,356853.70,366129.01,374029.25,383417.52,392649.58
2033-12-05,354948.19,384755.51,389781.20,2194648.90,311577.26,7,331848.06,337733.41,349336.81,357035.75,366327.93,374199.64,383592.19,392828.46
2033-12-06,355200.75,384930.59,389958.58,2192946.00,311765.55,7,332017.43,337905.77,349515.10,357217.97,366527.72,374369.93,383766.75,393007.22
2033-12-07,355397.42,385108.44,390138.75,2191386.07,311953.94,7,332188.03,338079.40,349694.70,357401.53,366728.47,374542.89,383944.06,393188.80
2033-12-08,355684.92,385285.63,390318.27,2189789.51,312142.43,7,332358.31,338252.70,349873.94,357584.72,366927.14,374715.23,384120.72,393369.71
2033-12-09,356011.14,385465.64,390500.64,2188340.11,312331.00,7,332529.45,338426.88,350054.11,357768.86,367126.96,374890.30,384300.19,393553.50
2033-12-10,356318.68,385649.09,390686.49,2187068.10,312519.67,7,332701.82,338602.30,350235.56,357954.31,367329.28,375068.72,384483.08,393740.80
2033-12-11,356573.57,385832.97,390872.78,2185816.32,312708.43,7,332874.55,338778.09,350417.39,358140.15,367531.19,375247.55,384666.41,393928.54
2033-12-12,356769.10,386017.73,391059.96,2184607.60,312897.29,7,333047.87,338954.49,350599.85,358326.62,367732.62,375427.25,384850.61,394117.18
2033-12-13,357042.57,386209.51,391254.26,2183763.75,313086.24,7,333223.69,339133.43,350784.94,358515.79,367940.02,375613.77,385041.81,394312.98
2033-12-14,357186.20,386401.47,391448.74,2182925.97,313275.28,7,333399.56,339312.42,350970.08,358705.01,368144.48,375800.46,385233.20,394508.97
2033-12-15,357347.59,386593.45,391643.23,2182085.17,313464.42,7,333575.87,339491.85,351155.67,358894.70,368348.66,375987.18,385424.59,394704.98
2033-12-16,357575.02,386784.87,391837.16,2181212.75,313653.64,7,333751.85,339670.95,351340.92,359084.04,368565.41,376173.35,385615.44,394900.42
2033-12-17,357986.05,386978.88,392033.71,2180470.78,313842.97,7,333927.54,339849.76,351525.88,359273.06,368785.03,376362.04,385808.86,395098.50
2033-12-18,358376.37,387171.52,392228.88,2179654.86,314032.38,7,334102.76,340028.09,351710.33,359461.58,369003.77,376549.40,386000.93,395295.19
2033-12-19,358625.37,387368.47,392428.41,2179059.06,314221.89,7,334278.79,340207.24,351895.64,359650.98,369225.51,376740.94,386197.28,395496.27
2033-12-20,358897.10,387568.15,392630.70,2178601.13,314411.50,7,334455.88,340387.47,352082.06,359841.50,369450.94,376935.14,386396.35,395700.14
2033-12-21,359196.76,387768.77,392833.96,2178189.22,314601.19,7,334633.09,340567.82,352268.61,360032.16,369677.67,377130.27,386596.38,395904.98
2033-12-22,359396.82,387969.21,393037.02,2177762.73,314790.98,7,334810.27,340748.15,352455.13,360222.80,369906.23,377325.20,386796.21,396109.62
2033-12-23,359497.76,388169.89,393240.34,2177345.04,314980.87,7,334988.05,340929.08,352642.28,360414.07,370135.71,377520.39,386996.29,396314.52
2033-12-24,359580.22,388373.96,393447.08,2177099.02,315170.84,7,335167.48,341111.70,352831.17,360607.12,370368.01,377718.85,387199.74,396522.86
2033-12-25,359878.77,388575.95,393652.30,2176740.84,315360.91,7,335347.46,341294.87,353020.63,360800.76,370598.15,377916.20,387400.98,396730.04
2033-12-26,359876.80,388777.84,393858.49,2176373.32,315551.08,7,335527.72,341478.32,353210.39,360994.70,370827.64,378115.09,387601.89,396938.83
2033-12-27,360063.97,388977.23,394063.37,2175871.72,315741.34,7,335707.69,341661.48,353399.84,361188.33,371057.57,378313.44,387800.01,397147.05
2033-12-28,360077.38,389174.92,394267.21,2175279.00,315931.69,7,335887.52,341844.50,353589.15,361381.81,371286.81,378511.18,387996.29,397354.64
2033-12-29,360212.51,389371.77,394471.40,2174638.35,316122.14,7,336067.68,342027.86,353778.81,361575.65,371518.34,378709.93,388191.45,397563.29
2033-12-30,360341.38,389565.26,394673.80,2173820.59,316312.68,7,336247.12,342210.48,353967.70,361768.71,371750.40,378907.92,388382.89,397771.12
2033-12-31,360484.82,389756.17,394875.02,2172867.02,316503.31,7,336426.20,342392.73,354156.22,361961.37,371968.62,379105.57,388571.44,397978.62
2034-01-01,360682.61,389945.34,395075.80,2171819.76,316694.04,7,336605.46,342575.18,354344.93,362154.25,372186.92,379303.58,388757.95,398186.49
2034-01-02,360717.74,390127.54,395272.01,2170410.85,316884.86,7,336783.48,342756.35,354532.33,362345.78,372401.75,379498.64,388936.93,398391.25
2034-01-03,360763.39,390304.01,395465.22,2168704.45,317075.78,7,336961.42,342937.45,354719.65,362537.22,372617.82,379692.43,389109.55,398594.69
2034-01-04,360840.66,390478.41,395657.86,2166891.06,317266.79,7,337139.30,343118.48,354906.90,362728.60,372836.06,379886.56,389279.77,398798.49
2034-01-05,360888.04,390649.12,395848.48,2164886.24,317457.90,7,337317.03,343299.36,355094.00,362919.82,373054.45,380079.73,389445.90,399001.28
2034-01-06,361053.11,390814.95,396036.93,2162631.77,317649.09,7,337494.58,343480.06,355280.90,363110.84,373272.98,380272.42,389606.54,399203.56
2034-01-07,361166.34,390981.49,396227.22,2160412.62,317840.39,7,337672.36,343661.00,355468.06,363302.13,373492.90,380467.54,389767.63,399408.39
2034-01-08,361239.42,391145.07,396415.77,2158043.06,318031.77,7,337849.70,343841.49,355654.74,363492.93,373712.08,380662.10,389925.48,399612.20
2034-01-09,361347.66,391305.94,396600.93,2155534.62,318223.26,7,338025.91,344020.82,355840.24,363682.51,373930.38,380856.56,390080.77,399812.24
2034-01-10,361455.81,391456.14,396774.23,2152484.62,318414.83,7,338201.64,344199.67,356025.23,363871.58,374151.65,381048.92,390225.67,399999.67
2034-01-11,361610.15,391605.93,396945.60,2149416.39,318606.50,7,338377.99,344379.14,356210.87,364061.31,374375.00,381241.85,390370.51,400184.23
2034-01-12,361592.59,391754.34,397114.65,2146280.31,318798.27,7,338555.21,344559.50,356397.43,364251.98,374600.88,381435.21,390514.19,400365.91
2034-01-13,361706.64,391898.62,397278.26,2142938.47,318990.13,7,338732.46,344739.90,356584.03,364442.69,374826.88,381627.82,390654.03,400541.34
2034-01-14,361848.89,392043.94,397441.41,2139652.69,319182.08,7,338910.33,344920.93,356771.27,364634.06,375053.59,381821.95,390795.25,400715.41
2034-01-15,362004.36,392188.69,397602.65,2136341.51,319374.13,7,339088.41,345102.16,356958.73,364825.65,375280.50,382016.18,390936.22,400886.74
2034-01-16,361990.37,392332.06,397761.27,2132965.20,319566.27,7,339266.66,345283.57,357146.37,365017.43,375506.70,382209.45,391076.09,401054.69
2034-01-17,362085.25,392480.73,397922.72,2129857.97,319758.51,7,339446.75,345466.86,357335.96,365211.19,375735.37,382404.03,391221.82,401223.95
2034-01-18,362227.19,392631.73,398083.92,2126871.11,319950.84,7,339627.05,345650.36,357525.76,365405.18,375963.11,382596.55,391370.49,401391.37
2034-01-19,362394.94,392782.00,398242.88,2123849.76,320143.27,7,339807.62,345834.12,357715.84,365599.45,376189.32,382786.09,391518.77,401555.65
2034-01-20,362486.44,392930.30,398398.09,2120732.94,320335.79,7,339988.48,346018.19,357906.23,365794.04,376414.25,382971.12,391665.49,401715.06
2034-01-21,362711.66,393078.22,398550.09,2117600.18,320528.40,7,340169.51,346202.44,358096.81,365988.81,376638.28,383151.53,391812.47,401869.53
2034-01-22,363018.05,393224.59,398699.44,2114392.87,320721.11,7,340350.48,346386.61,358287.31,366183.51,376861.28,383328.79,391958.15,402020.69
2034-01-23,363281.00,393376.08,398852.13,2111443.21,320913.92,7,340531.92,346571.27,358478.32,366378.73,377083.65,383508.99,392109.37,402174.09
2034-01-24,363421.85,393530.29,399007.28,2108630.70,321106.82,7,340714.69,346757.29,358670.72,366575.37,377307.02,383688.51,392263.36,402329.79
2034-01-25,363685.53,393692.99,399171.00,2106240.75,321299.81,7,340897.63,346943.47,358863.30,366772.20,377527.27,383866.27,392425.82,402494.11
2034-01-26,363833.12,393859.07,399338.45,2104018.40,321492.90,7,341080.71,347129.80,359056.03,366969.18,377746.62,384044.52,392591.59,402662.38
2034-01-27,364062.33,394012.29,399492.81,2101160.71,321686.09,7,341261.54,347313.83,359246.39,367163.73,377959.57,384207.54,392744.55,402817.40
2034-01-28,364268.72,394168.65,399650.56,2098460.00,321879.37,7,341442.28,347497.78,359436.66,367358.19,378173.24,384368.44,392900.58,402975.99
2034-01-29,364524.13,394316.85,399799.95,2095360.23,322072.74,7,341622.49,347681.18,359626.36,367551.80,378406.62,384518.40,393048.51,403126.08
2034-01-30,364736.22,394463.92,399948.10,2092207.73,322266.21,7,341803.04,347864.94,359816.43,367746.95,378646.03,384664.45,393195.34,403274.87
2034-01-31,364855.21,394613.21,400098.40,2089166.58,322459.78,7,341983.55,348048.64,360006.45,367942.42,378885.04,384810.27,393344.39,403425.76
2034-02-01,365036.79,394762.97,400249.19,2086151.58,322653.44,7,342163.44,348231.73,360195.82,368136.70,379122.74,384956.55,393493.92,403577.15
2034-02-02,365195.19,394912.40,400399.33,2083123.59,322847.19,7,342342.70,348414.16,360384.53,368329.56,379358.08,385102.58,393643.18,403727.71
2034-02-03,365409.26,395062.11,400549.57,2080111.65,323041.04,7,342522.06,348596.71,360573.34,368522.55,379592.52,385248.92,393792.77,403878.24
2034-02-04,365519.14,395213.94,400702.00,2077205.31,323234.99,7,342701.49,348779.32,360762.23,368716.20,379826.92,385397.33,393944.47,404031.02
2034-02-05,365730.59,395369.77,400858.52,2074495.43,323429.03,7,342881.45,348962.47,360951.67,368910.82,380059.96,385549.61,394100.13,404187.93
2034-02-06,365861.30,395524.25,401013.29,2071722.11,323623.17,7,343062.93,349147.17,361142.72,369108.50,380295.72,385700.68,394254.55,404342.85
2034-02-07,366059.77,395673.94,401163.82,2068718.95,323817.40,7,343243.98,349331.43,361333.31,369306.90,380531.92,385846.93,394404.04,404493.88
2034-02-08,366187.96,395819.85,401310.89,2065536.20,324011.72,7,343424.39,349515.04,361523.22,369506.43,380768.88,385989.41,394549.68,404641.64
2034-02-09,366312.10,395966.02,401458.20,2062368.69,324206.15,7,343604.92,349698.77,361713.27,369706.60,381005.59,386132.16,394695.59,404789.61
2034-02-10,366436.21,396107.96,401601.03,2059001.96,324400.66,7,343785.05,349882.09,361902.89,369907.09,381241.42,386270.82,394837.33,404932.97
2034-02-11,366635.87,396263.33,401757.83,2056283.39,324595.28,7,343966.75,350067.02,362094.17,370110.82,381479.64,386422.49,394992.37,405090.62
2034-02-12,366823.75,396421.46,401917.15,2053698.98,324789.99,7,344149.20,350252.70,362286.23,370315.77,381714.72,386576.92,395150.22,405250.64
2034-02-13,366991.70,396588.70,402085.56,2051552.66,324984.79,7,344332.27,350439.02,362478.95,370521.73,381926.03,386740.27,395317.19,405419.75
2034-02-14,367187.06,396758.39,402256.44,2049522.82,325179.69,7,344515.42,350625.42,362671.75,370728.41,382128.65,386906.01,395486.61,405591.32
2034-02-15,367380.25,396926.94,402426.21,2047438.91,325374.68,7,344698.69,350811.94,362864.68,370935.77,382328.51,387070.63,395654.88,405761.82
2034-02-16,367464.77,397096.89,402597.36,2045420.59,325569.78,7,344882.69,350999.20,363058.38,371145.49,382528.57,387236.63,395824.56,405933.67
2034-02-17,367563.69,397268.48,402770.20,2043480.83,325764.96,7,345066.84,351186.62,363252.23,371356.34,382728.46,387404.21,395995.86,406107.25
2034-02-18,367641.51,397440.25,402943.36,2041548.39,325960.24,7,345250.87,351373.91,363445.96,371568.08,382925.93,387571.93,396167.30,406281.25
2034-02-19,367847.94,397613.23,403117.75,2039672.92,326155.62,7,345435.09,351561.40,363639.89,371780.18,383120.45,387740.84,396339.96,406456.47
2034-02-20,367983.16,397784.82,403290.57,2037730.46,326351.10,7,345618.95,351748.52,363833.44,371991.61,383311.44,387908.43,396511.26,406630.02
2034-02-21,368056.43,397958.10,403465.39,2035867.94,326546.67,7,345801.42,351934.22,364025.52,372200.35,383496.87,388077.61,396684.19,406805.75
2034-02-22,368155.58,398132.22,403640.95,2034044.91,326742.33,7,345983.69,352119.73,364217.40,372408.26,383679.89,388247.63,396857.99,406982.16
2034-02-23,368241.67,398309.43,403819.58,2032366.15,326938.09,7,346165.90,352305.17,364409.21,372614.04,383858.90,388420.67,397034.86,407161.64
2034-02-24,368371.01,398483.86,403995.33,2030555.06,327133.95,7,346347.82,352490.32,364600.72,372818.75,384033.20,388591.02,397208.99,407338.18
2034-02-25,368521.89,398657.09,404170.03,2028686.46,327329.91,7,346529.51,352675.23,364791.99,373022.91,384201.69,388760.16,397381.88,407513.74
2034-02-26,368636.69,398830.46,404344.81,2026823.84,327525.96,7,346711.45,352860.40,364983.52,373226.73,384368.99,388929.45,397554.92,407689.37
2034-02-27,368767.30,399002.22,404518.03,2024885.53,327722.10,7,346893.25,353045.42,365174.90,373430.54,384534.74,389097.16,397726.35,407863.45
2034-02-28,368818.74,399173.06,404690.35,2022902.77,327918.34,7,347075.06,353230.45,365366.28,373634.70,384699.57,389263.95,397896.85,408036.66
2034-03-01,368873.69,399343.00,404861.83,2020877.66,328114.68,7,347256.81,353415.42,365557.61,373837.75,384863.54,389429.86,398066.43,408209.06
2034-03-02,368972.89,399509.50,405029.46,2018691.61,328311.11,7,347438.30,353600.14,365748.67,374039.14,385024.26,389592.49,398232.67,408377.35
2034-03-03,369080.95,399672.81,405192.71,2016357.01,328507.64,7,347621.24,353786.32,365941.25,374239.66,385182.17,389752.28,398396.00,408540.53
2034-03-04,369178.05,399833.72,405353.57,2013910.64,328704.27,7,347804.02,353972.34,366133.66,374439.99,385337.71,389909.66,398556.92,408701.34
2034-03-05,369264.97,399996.55,405515.62,2011555.08,328900.99,7,347986.75,354158.32,366326.03,374639.68,385493.89,390067.69,398719.93,408862.88
2034-03-06,369420.40,400160.56,405677.33,2009254.89,329097.81,7,348169.33,354344.13,366518.23,374838.37,385648.78,390224.42,398884.46,409023.15
2034-03-07,369487.73,400322.59,405835.91,2006862.99,329294.73,7,348350.63,354528.64,366709.08,375034.11,385796.91,390374.31,399047.28,409179.61
2034-03-08,369594.46,400484.55,405994.47,2004469.26,329491.74,7,348531.23,354712.45,366899.20,375229.61,385939.67,390518.77,399210.01,409336.06
2034-03-09,369684.05,400645.87,406152.38,2002046.76,329688.85,7,348711.37,354895.78,367088.83,375424.96,386078.16,390658.89,399372.11,409491.85
2034-03-10,369799.72,400807.58,406310.58,1999643.81,329886.05,7,348891.49,355079.09,367278.44,375620.65,386213.04,390795.38,399534.63,409647.87
2034-03-11,369934.41,400973.81,406473.72,1997449.69,330083.35,7,349072.51,355263.33,367469.00,375817.06,386352.84,390936.84,399701.57,409809.08
2034-03-12,370050.55,401145.52,406642.43,1995507.81,330280.75,7,349254.49,355448.54,367660.58,376013.71,386496.76,391082.46,399873.96,409975.93
2034-03-13,370167.00,401319.35,406813.40,1993663.21,330478.25,7,349436.44,355633.71,367852.11,376209.21,386641.86,391229.28,400048.46,410145.12
2034-03-14,370281.44,401495.27,406986.65,1991913.83,330675.84,7,349618.31,355818.81,368043.57,376404.47,386786.55,391375.69,400224.98,410316.72
2034-03-15,370392.41,401672.98,407161.71,1990245.39,330873.53,7,349799.87,356003.59,368234.70,376599.88,386929.49,391520.32,400403.30,410490.12
2034-03-16,370491.24,401853.42,407339.53,1988701.29,331071.31,7,349981.50,356188.44,368425.90,376797.45,387069.64,391662.14,400584.34,410666.31
2034-03-17,370556.07,402039.76,407523.54,1987425.70,331269.19,7,350163.42,356373.58,368617.41,376996.16,387213.63,391807.83,400771.21,410848.87
2034-03-18,370616.96,402200.02,407712.92,1984955.91,331467.17,7,350344.02,356557.39,368807.53,377196.12,387357.06,391952.97,400961.87,411037.58
2034-03-19,370729.50,402334.36,407908.16,1981306.88,331665.24,7,350525.12,356741.70,368998.17,377398.17,387501.23,392098.85,401156.43,411233.13
2034-03-20,370845.75,402486.25,408105.57,1978461.20,331863.41,7,350708.46,356928.29,369191.17,377602.36,387648.53,392247.90,401353.51,411430.67
2034-03-21,370927.09,402624.66,408306.14,1975005.85,332061.68,7,350892.55,357115.65,369384.96,377808.13,387796.59,392397.72,401551.90,411632.31
2034-03-22,371042.07,402737.27,408512.51,1970387.07,332260.05,7,351077.97,357304.36,369580.16,378017.81,387949.92,392552.87,401754.45,411840.55
2034-03-23,371133.82,402850.69,408717.65,1965815.76,332458.51,7,351263.21,357492.88,369775.16,378224.75,388105.83,392710.63,401955.87,412047.51
2034-03-24,371225.90,402962.62,408921.41,1961187.36,332657.07,7,351448.02,357680.97,369969.71,378430.75,388256.26,392862.84,402155.86,412253.12
2034-03-25,371376.29,403067.94,409118.35,1956273.19,332855.72,7,351629.81,357865.98,370161.08,378632.75,388391.60,392999.79,402349.37,412451.75
2034-03-26,371469.73,403174.10,409313.52,1951407.54,333054.48,7,351811.81,358051.21,370352.67,378834.49,388522.54,393132.28,402541.78,412648.26
2034-03-27,371573.19,403275.46,409506.08,1946340.20,333253.33,7,351993.35,358235.97,370543.77,379034.97,388646.13,393257.33,402731.50,412842.21
2034-03-28,371676.80,403377.10,409694.28,1941298.11,333452.28,7,352174.10,358419.93,370734.05,379232.81,388762.40,393374.98,402917.49,413031.48
2034-03-29,371825.95,403473.97,409881.34,1936057.42,333651.32,7,352354.37,358603.40,370923.83,379430.55,388876.43,393490.36,403102.88,413219.35
2034-03-30,371970.01,403581.37,410065.78,1931297.39,333850.46,7,352534.00,358786.21,371112.92,379625.89,388986.05,393601.29,403285.78,413404.52
2034-03-31,372145.00,403700.91,410247.02,1927084.51,334049.70,7,352712.53,358967.90,371300.85,379816.13,389093.72,393710.23,403465.72,413586.39
2034-04-01,372332.42,403817.20,410425.25,1922737.14,334249.04,7,352890.50,359149.04,371488.21,380004.21,389195.34,393813.06,403642.43,413765.35
2034-04-02,372516.82,403942.63,410597.30,1918800.69,334448.47,7,353065.96,359327.60,371672.92,380185.90,389291.46,393912.28,403813.16,413938.03
2034-04-03,372671.29,404050.76,410749.14,1914113.55,334648.00,7,353235.66,359498.72,371851.55,380349.49,389375.06,393997.71,403966.67,414089.02
2034-04-04,372788.91,404139.10,410897.34,1908572.29,334847.63,7,353402.40,359665.27,372027.09,380509.40,389450.46,394078.82,404115.45,414236.90
2034-04-05,372916.65,404209.88,411044.08,1902282.87,335047.35,6,353568.60,359830.09,372202.04,380666.95,389526.19,394161.80,404262.97,414383.24
2034-04-06,373029.50,404292.33,411188.08,1896520.40,335247.18,6,353734.66,359992.12,372376.85,380818.69,389600.42,394246.14,404407.94,414526.73
2034-04-07,373176.07,404392.59,411335.01,1891546.75,335447.10,6,353901.83,360154.14,372552.84,380971.36,389677.41,394334.86,404555.79,414673.18
2034-04-08,373337.24,404496.37,411484.65,1886738.00,335647.12,6,354072.49,360316.22,372732.49,381123.66,389762.38,394435.37,404707.55,414821.74
2034-04-09,373503.18,404608.03,411643.09,1882280.94,335847.23,6,354246.25,360481.59,372915.40,381278.74,389867.29,394557.14,404867.32,414979.49
2034-04-10,373629.50,404688.25,411802.22,1876483.90,336047.45,6,354419.13,360645.52,373097.39,381432.91,389974.41,394681.85,405027.57,415138.04
2034-04-11,373785.11,404817.60,411962.99,1872807.76,336247.76,6,354591.67,360808.56,373279.03,381586.28,390087.68,394814.30,405189.65,415298.13
2034-04-12,373893.80,404950.71,412128.15,1869298.27,336448.17,6,354765.02,360972.22,373461.51,381741.27,390207.54,394954.97,405355.48,415462.93
2034-04-13,374010.61,405067.37,412293.29,1865093.98,336648.67,6,354938.42,361135.14,373644.05,381893.83,390329.72,395099.11,405520.79,415627.96
2034-04-14,374133.76,405187.01,412461.46,1861024.98,336849.28,6,355112.90,361298.27,373827.73,382047.81,390460.01,395251.67,405689.00,415796.09
2034-04-15,374345.37,405326.25,412633.38,1857795.47,337049.98,6,355288.58,361462.41,374012.67,382204.55,390598.30,395412.30,405860.72,415968.07
2034-04-16,374561.43,405484.61,412808.26,1855380.28,337250.78,6,355465.28,361626.87,374198.68,382362.05,390742.99,395580.54,406035.41,416143.04
2034-04-17,374746.74,405677.91,412985.91,1854444.01,337451.67,6,355643.43,361790.36,374386.22,382518.00,390889.69,395753.52,406212.95,416320.71
2034-04-18,374893.62,405938.93,413182.45,1856368.56,337652.67,6,355827.30,361960.81,374579.78,382690.17,391054.77,395945.71,406410.23,416516.85
2034-04-19,375041.58,406177.65,413383.44,1857345.67,337853.76,6,356011.95,362132.87,374774.16,382863.03,391233.49,396147.33,406617.17,416714.85
2034-04-20,375229.32,406435.05,413583.17,1859108.41,338054.95,6,356195.91,362302.17,374967.82,383033.62,391416.76,396351.72,406826.72,416909.66
2034-04-21,375366.70,406742.28,413784.76,1862978.27,338256.24,6,356380.12,362473.14,375161.74,383208.34,391604.91,396558.05,407037.96,417106.40
2034-04-22,375552.32,407048.87,413987.87,1866819.83,338457.63,6,356564.71,362645.49,375356.05,383385.24,391795.47,396765.80,407250.62,417304.73
2034-04-23,375736.20,407354.81,414191.54,1870632.60,338659.12,6,356746.97,362818.89,375547.92,383563.14,391988.88,396972.68,407462.52,417504.27
2034-04-24,375881.34,407611.92,414394.17,1872368.00,338860.70,6,356929.58,362991.28,375740.15,383740.92,392182.54,397179.32,407673.66,417702.63
2034-04-25,376069.74,407868.25,414598.33,1874066.21,339062.38,6,357112.83,363165.05,375933.05,383921.08,392378.73,397387.40,407886.17,417902.60
2034-04-26,376261.66,408125.24,414802.99,1875787.98,339264.16,7,357296.51,363339.30,376126.42,384102.95,392576.89,397596.05,408099.11,418103.11
2034-04-27,376448.10,408392.51,415008.34,1877943.07,339466.04,7,357480.46,363514.10,376320.06,384286.38,392777.01,397805.19,408312.83,418304.26
2034-04-28,376603.32,408635.98,415216.06,1879080.59,339668.02,7,357664.97,363691.11,376514.30,384472.01,392980.10,398015.41,408528.60,418507.94
2034-04-29,376803.77,408866.90,415424.12,1879680.35,339870.09,7,357850.44,363868.38,376709.54,384658.56,393184.21,398226.02,408744.77,418711.93
2034-04-30,376999.07,409098.20,415632.51,1880291.26,340072.27,7,358036.07,364045.90,376904.96,384844.43,393388.29,398437.02,408961.35,418916.21
2034-05-01,377184.77,409328.85,415839.96,1880870.53,340274.54,7,358221.17,364222.47,377099.81,385028.65,393590.93,398647.50,409177.32,419119.39
2034-05-02,377419.98,409547.91,416050.99,1880953.06,340476.91,7,358407.28,364402.27,377295.73,385218.72,393800.69,398861.15,409396.58,419326.30
2034-05-03,377609.44,409779.54,416261.72,1881565.04,340679.38,7,358593.58,364582.69,377491.84,385409.29,394007.86,399072.52,409613.52,419533.90
2034-05-04,377831.23,410016.85,416468.63,1882414.96,340881.94,7,358779.65,364762.12,377687.72,385595.73,394202.13,399274.88,409821.23,419740.39
2034-05-05,378010.34,410265.74,416676.25,1883751.21,341084.61,7,358967.87,364943.97,377885.86,385782.85,394391.49,399474.79,410025.54,419949.64
2034-05-06,378213.98,410498.57,416882.60,1884401.39,341287.37,7,359156.46,365124.69,378084.39,385965.41,394576.20,399673.67,410228.58,420157.60
2034-05-07,378400.25,410716.39,417088.73,1884409.61,341490.23,7,359345.45,365305.23,378283.34,386147.11,394760.41,399872.25,410431.42,420365.35
2034-05-08,378559.74,410918.08,417293.57,1883729.46,341693.20,7,359534.74,365484.63,378482.60,386325.47,394941.17,400069.75,410632.98,420571.79
2034-05-09,378695.93,411120.29,417498.92,1883068.51,341896.26,7,359724.34,365664.48,378682.20,386502.40,395120.15,400267.77,410835.05,420778.75
2034-05-10,378896.16,411350.53,417702.55,1883592.36,342099.41,7,359913.59,365842.82,378881.43,386677.03,395296.78,400463.89,411035.42,420983.97
2034-05-11,379052.62,411536.64,417906.64,1882242.77,342302.67,7,360103.24,366021.57,379081.07,386851.37,395473.01,400660.52,411236.25,421189.66
2034-05-12,379265.12,411707.03,418109.89,1880226.95,342506.03,7,360292.98,366199.58,379280.81,387024.48,395648.07,400856.56,411436.25,421394.50
2034-05-13,379472.29,411891.87,418312.33,1878821.78,342709.48,7,360482.58,366376.70,379480.39,387196.08,395820.94,401051.66,411635.86,421598.32
2034-05-14,379678.15,412075.93,418514.15,1877381.69,342913.04,7,360671.29,366553.37,379679.05,387366.11,395992.82,401246.63,411834.70,421801.61
2034-05-15,379759.23,412288.95,418715.20,1877160.35,343116.69,7,360860.18,366729.37,379877.90,387535.02,396163.12,401441.06,412032.71,422004.14
2034-05-16,379894.31,412470.02,418914.24,1875590.68,343320.44,7,361048.29,366903.69,380075.52,387703.73,396333.28,401633.53,412228.57,422204.74
2034-05-17,380126.05,412680.31,419112.67,1875248.19,343524.29,7,361235.65,367077.49,380272.53,387872.13,396502.92,401825.64,412423.83,422404.73
2034-05-18,380417.13,412875.39,419310.71,1874263.30,343728.24,7,361422.64,367250.89,380469.46,388039.93,396671.74,402017.82,412618.80,422604.27
2034-05-19,380715.20,413086.54,419510.00,1873950.32,343932.29,7,361609.25,367425.43,380666.34,388211.42,396844.67,402211.48,412814.90,422805.11
2034-05-20,381027.40,413299.25,419710.86,1873699.37,344136.44,7,361794.20,367601.34,380861.60,388385.29,397019.86,402405.66,413012.55,423007.55
2034-05-21,381339.92,413498.14,419912.84,1872865.57,344340.69,7,361977.43,367778.25,381056.16,388563.80,397199.70,402601.61,413211.30,423211.11
2034-05-22,381649.57,413696.49,420114.27,1872006.67,344545.03,7,362159.48,367954.67,381249.99,388743.07,397380.35,402797.63,413409.52,423414.12
2034-05-23,381991.47,413895.28,420316.15,1871163.25,344749.48,7,362340.43,368131.48,381443.12,388925.04,397563.66,402994.52,413608.17,423617.58
2034-05-24,382344.51,414139.72,420518.80,1872226.22,344954.02,7,362521.00,368308.96,381636.48,389111.84,397752.15,403192.30,413807.58,423821.81
2034-05-25,382736.69,414386.13,420723.40,1873367.05,345158.67,7,362702.38,368488.16,381831.37,389304.24,397947.87,403392.81,414008.91,424028.02
2034-05-26,383082.59,414634.43,420929.87,1874582.43,345363.41,7,362884.89,368668.98,382027.96,389502.92,398152.02,403595.43,414212.08,424236.10
2034-05-27,383413.62,414868.06,421136.62,1875180.07,345568.25,7,363066.98,368850.06,382224.55,389703.38,398358.47,403798.84,414415.52,424444.47
2034-05-28,383754.65,415133.37,421345.03,1877098.19,345773.19,7,363250.65,369032.60,382422.96,389908.63,398570.83,404005.53,414620.61,424654.52
2034-05-29,384177.29,415404.48,421559.28,1879254.96,345978.24,7,363438.22,369220.24,382625.97,390124.84,398796.93,404217.71,414831.43,424870.44
2034-05-30,384568.00,415663.06,421775.97,1880883.00,346183.38,7,363627.01,369410.02,382833.03,390348.07,399035.49,404436.24,415044.65,425088.83
2034-05-31,384965.75,415926.77,421997.81,1882721.45,346388.62,7,363818.26,369604.31,383042.89,390579.02,399283.87,404660.44,415262.95,425312.41
2034-06-01,385376.83,416192.93,422222.09,1884658.63,346593.96,7,364011.61,369800.74,383255.21,390815.99,399540.18,404887.17,415483.64,425538.44
2034-06-02,385828.49,416445.52,422447.82,1886023.09,346799.40,7,364206.22,369998.44,383468.88,391057.23,399802.26,405115.16,415705.77,425765.94
2034-06-03,386295.66,416698.98,422674.39,1887419.25,347004.94,7,364401.55,370196.88,383683.56,391300.86,400067.51,405344.01,415928.72,425994.29
2034-06-04,386786.97,416953.15,422901.64,1888841.01,347210.57,7,364597.47,370395.91,383899.17,391547.26,400336.49,405573.80,416152.34,426223.32
2034-06-05,387267.87,417211.86,423133.47,1890448.53,347416.31,7,364797.33,370598.95,384116.99,391801.19,400615.22,405807.07,416380.46,426456.97
2034-06-06,387747.50,417472.74,423367.46,1892142.32,347622.15,7,364999.05,370803.88,384336.10,392058.45,400898.16,406042.05,416610.71,426692.78
2034-06-07,388243.40,417750.75,423603.48,1894551.14,347828.09,7,365202.54,371010.60,384556.54,392319.17,401185.29,406280.71,416842.97,426930.66
2034-06-08,388690.56,418030.77,423841.48,1897039.92,348034.13,7,365407.71,371219.04,384777.57,392582.80,401476.50,406525.01,417077.16,427170.52
2034-06-09,389132.81,418310.76,424079.39,1899524.86,348240.26,7,365612.83,371427.42,384997.92,392844.18,401764.97,406771.16,417311.27,427410.30
2034-06-10,389620.40,418590.72,424317.22,1902004.21,348446.50,7,365817.86,371635.72,385217.49,393103.16,402050.06,407019.36,417545.30,427649.99
2034-06-11,390085.38,418886.34,424555.52,1905138.58,348652.84,7,366023.30,371844.42,385438.34,393363.07,402340.60,407274.01,417779.79,427890.15
2034-06-12,390564.79,419180.02,424791.78,1908189.17,348859.28,7,366226.99,372051.35,385658.19,393618.78,402630.53,407530.35,418012.27,428128.27
2034-06-13,391006.39,419470.43,425024.64,1911099.10,349065.81,7,366427.74,372255.29,385874.38,393865.65,402909.89,407783.98,418241.42,428362.95
2034-06-14,391436.31,419714.94,425257.03,1912070.05,349272.45,7,366628.09,372458.83,386087.33,394107.50,403182.31,408035.33,418470.09,428597.17
2034-06-15,391858.01,419973.63,425488.39,1913634.09,349479.19,7,366827.55,372661.46,386299.83,394345.22,403449.80,408285.68,418697.76,428830.34
2034-06-16,392329.49,420201.53,425719.29,1913895.56,349686.03,7,367026.61,372863.68,386511.40,394578.70,403714.33,408537.58,418924.96,429063.04
2034-06-17,392777.66,420431.05,425951.83,1914221.18,349892.97,7,367227.08,373067.35,386723.29,394809.88,403980.73,408795.26,419153.79,429297.40
2034-06-18,393119.08,420661.65,426185.47,1914588.74,350100.00,7,367428.51,373271.97,386935.40,395040.41,404247.96,409055.07,419383.69,429532.87
2034-06-19,393498.42,420893.34,426420.21,1914997.42,350307.14,7,367630.88,373477.56,387148.15,395269.17,404516.69,409318.77,419614.68,429769.45
2034-06-20,393867.02,421122.99,426652.87,1915315.60,350514.38,7,367831.46,373681.34,387359.91,395492.10,404778.61,409581.22,419843.63,430003.94
2034-06-21,394195.17,421351.43,426884.31,1915578.86,350721.72,7,368030.99,373884.04,387571.48,395712.28,405038.91,409844.61,420071.37,430237.20
2034-06-22,394483.03,421579.05,427114.93,1915803.68,350929.16,7,368229.81,374086.02,387782.94,395929.53,405297.44,410106.21,420298.30,430469.62
2034-06-23,394754.10,421806.93,427345.81,1916035.12,351136.70,7,368428.85,374288.23,387994.56,396143.00,405556.06,410367.90,420525.49,430702.30
2034-06-24,395062.62,422034.69,427576.56,1916257.46,351344.34,7,368627.79,374490.33,388206.21,396355.39,405813.13,410628.02,420752.56,430934.87
2034-06-25,395400.80,422259.68,427804.52,1916359.45,351552.08,7,368824.31,374689.98,388416.94,396564.64,406066.19,410884.08,420976.87,431164.61
2034-06-26,395777.32,422486.51,428034.33,1916534.74,351759.92,7,369022.44,374891.26,388628.33,396773.65,406320.26,411141.17,421203.02,431396.22
2034-06-27,396143.61,422715.97,428266.80,1916815.88,351967.86,7,369222.86,375094.87,388842.14,396986.24,406577.40,411401.36,421431.77,431630.52
2034-06-28,396401.71,422943.79,428497.63,1917024.63,352175.90,7,369421.86,375297.03,389056.25,397198.98,406833.45,411660.45,421658.91,431863.15
2034-06-29,396698.41,423171.02,428727.85,1917204.34,352384.04,7,369620.33,375498.66,389270.37,397412.07,407087.51,411917.52,421885.45,432095.17
2034-06-30,396986.99,423398.70,428958.52,1917398.05,352592.29,7,369819.20,375700.69,389485.24,397625.71,407342.71,412175.75,422112.43,432327.65
2034-07-01,397213.41,423627.62,429190.46,1917640.60,352800.63,7,370019.16,375903.82,389700.59,397841.74,407601.30,412437.40,422340.66,432561.40
2034-07-02,397529.93,423854.50,429420.32,1917793.27,353009.07,7,370217.32,376105.14,389915.07,398056.88,407855.21,412694.32,422566.85,432793.07
2034-07-03,397742.74,424082.32,429651.13,1917980.91,353217.62,7,370416.31,376307.30,390131.14,398271.46,408113.55,412955.74,422793.98,433025.69
2034-07-04,397952.39,424308.96,429880.76,1918115.10,353426.27,7,370614.27,376508.41,390347.55,398486.52,408371.27,413216.51,423019.93,433257.11
2034-07-05,398232.74,424535.06,430109.83,1918223.17,353635.01,7,370811.76,376709.04,390564.38,398701.53,408629.95,413478.26,423245.35,433487.98
2034-07-06,398521.10,424760.60,430338.34,1918303.58,353843.86,7,371008.77,376909.17,390781.85,398918.48,408891.42,413742.83,423470.21,433718.28
2034-07-07,398733.20,424987.05,430567.76,1918417.53,354052.81,7,371206.55,377110.11,390999.95,399137.16,409155.59,414010.14,423695.96,433949.50
2034-07-08,399066.38,425210.86,430794.52,1918417.68,354261.86,7,371402.04,377308.71,391217.29,399355.44,409415.74,414273.37,423919.10,434178.04
2034-07-09,399400.48,425432.52,431019.10,1918324.17,354471.01,7,371595.66,377505.40,391434.96,399573.52,409676.68,414536.49,424140.08,434404.37
2034-07-10,399585.01,425655.45,431244.96,1918279.79,354680.26,7,371790.37,377703.21,391653.80,399791.99,409941.20,414801.74,424362.34,434632.00
2034-07-11,399801.91,425874.92,431467.32,1918087.66,354889.61,7,371982.08,377897.96,391871.00,400009.32,410199.33,415058.62,424581.15,434856.11
2034-07-12,399993.72,426092.08,431687.33,1917794.94,355099.07,7,372171.75,378090.66,392086.05,400224.92,410453.51,415310.18,424797.65,435077.85
2034-07-13,400227.25,426310.44,431908.57,1917549.37,355308.62,7,372362.49,378284.42,392301.27,400444.56,410714.23,415563.23,425015.35,435300.82
2034-07-14,400441.63,426524.82,432125.77,1917133.91,355518.28,7,372549.74,378474.65,392515.37,400660.17,410974.05,415814.53,425229.07,435519.71
2034-07-15,400659.55,426736.87,432340.60,1916618.63,355728.03,7,372734.95,378662.81,392728.70,400872.92,411235.97,416067.17,425440.48,435736.23
2034-07-16,400729.00,426946.06,432552.55,1915981.56,355937.89,7,372917.67,378848.44,392941.13,401082.08,411492.54,416313.66,425649.04,435949.84
2034-07-17,400872.09,427153.12,432762.33,1915252.37,356147.85,7,373098.52,379032.17,393152.02,401289.65,411744.97,416554.91,425855.46,436161.26
2034-07-18,401100.29,427358.25,432970.17,1914440.98,356357.91,7,373277.70,379214.19,393360.63,401497.28,411991.53,416789.16,426059.98,436370.73
2034-07-19,401243.99,427558.40,433172.95,1913420.01,356568.08,7,373452.53,379391.80,393563.16,401698.80,412235.56,417016.91,426259.52,436575.10
2034-07-20,401546.44,427757.60,433374.77,1912357.95,356778.34,7,373626.52,379568.56,393763.87,401898.81,412477.87,417241.86,426458.12,436778.50
2034-07-21,401903.01,427945.42,433565.06,1910822.70,356988.71,7,373790.57,379735.22,393952.16,402083.58,412712.30,417456.92,426645.36,436970.28
2034-07-22,402248.44,428129.62,433751.69,1909137.79,357199.17,7,373951.46,379898.67,394136.80,402265.01,412940.51,417663.76,426829.01,437158.37
2034-07-23,402659.29,428310.54,433934.98,1907316.22,357409.74,7,374109.48,380059.20,394317.42,402443.57,413160.12,417860.53,427009.38,437343.10
2034-07-24,403031.26,428498.65,434117.27,1905790.60,357620.41,7,374266.64,380218.85,394494.63,402619.72,413372.91,418050.25,427188.75,437526.81
2034-07-25,403460.40,428672.37,434293.27,1903672.24,357831.18,7,374418.37,380373.00,394664.70,402789.56,413576.28,418231.87,427361.94,437704.19
2034-07-26,403879.71,428844.47,434467.63,1901487.71,358042.05,7,374568.68,380525.71,394831.47,402955.57,413778.02,418413.69,427533.51,437879.92
2034-07-27,404287.60,429022.21,434647.71,1899534.83,358253.03,7,374723.93,380683.42,395002.50,403123.20,413992.68,418609.83,427710.71,438061.40
2034-07-28,404756.38,429202.30,434830.41,1897677.89,358464.11,7,374881.18,380843.17,395174.87,403286.33,414210.47,418814.22,427890.18,438245.68
2034-07-29,405155.80,429388.07,435021.52,1896053.55,358675.28,7,375042.85,381007.41,395348.84,403452.89,414433.94,419025.16,428074.72,438440.05
2034-07-30,405599.57,429573.09,435212.67,1894397.26,358886.56,7,375200.65,381167.72,395516.71,403614.56,414652.00,419231.39,428258.32,438634.93
2034-07-31,406029.52,429785.15,435431.25,1893842.59,359097.94,7,375366.57,381336.28,395692.20,403780.23,414894.56,419463.08,428468.87,438857.49
2034-08-01,406382.15,430001.53,435654.21,1893460.13,359309.43,7,375534.44,381506.82,395869.17,403946.98,415141.85,419700.64,428683.72,439084.45
2034-08-02,406878.02,430225.41,435884.78,1893380.56,359521.01,7,375704.53,381679.61,396048.46,404114.66,415395.53,419945.72,428906.05,439319.11
2034-08-03,407282.44,430463.80,436130.06,1893887.26,359732.70,7,375881.93,381859.84,396235.47,404289.03,415657.24,420202.87,429142.84,439568.58
2034-08-04,407701.81,430713.38,436386.69,1894845.65,359944.49,7,376063.37,382044.16,396426.73,404466.10,415928.16,420470.40,429390.80,439829.50
2034-08-05,408123.05,430979.84,436660.40,1896486.60,360156.38,7,376256.50,382240.37,396630.33,404656.69,416206.55,420747.42,429655.57,440107.64
2034-08-06,408614.72,431262.97,436951.02,1898802.65,360368.37,7,376455.55,382442.58,396840.16,404850.31,416493.78,421042.45,429936.97,440402.81
2034-08-07,409132.43,431552.93,437248.54,1901392.62,360580.47,7,376658.61,382648.87,397054.21,405046.38,416788.15,421348.35,430225.16,440704.94
2034-08-08,409608.09,431846.36,437549.58,1904121.43,360792.67,7,376863.55,382857.07,397270.25,405243.26,417086.44,421660.54,430516.84,441010.61
2034-08-09,410234.31,432149.61,437860.55,1907247.59,361004.97,7,377074.59,383071.46,397492.71,405445.94,417391.20,421982.13,430818.29,441326.28
2034-08-10,410843.98,432465.89,438184.71,1910904.05,361217.37,7,377289.95,383290.26,397719.74,405651.63,417698.43,422313.95,431132.74,441655.24
2034-08-11,411479.29,432780.95,438507.64,1914509.47,361429.87,7,377501.95,383505.63,397943.22,405855.63,417992.25,422634.64,431445.98,441982.96
2034-08-12,412113.70,433100.82,438835.18,1918309.95,361642.48,7,377713.63,383720.67,398166.36,406059.95,418278.11,422952.31,431764.07,442315.18
2034-08-13,412707.64,433407.23,439146.45,1921557.20,361855.19,7,377874.12,383883.71,398335.53,406195.14,418498.00,423228.33,432069.36,442629.39
2034-08-14,413297.48,433724.84,439468.27,1925261.99,362068.00,7,378042.54,384054.81,398513.08,406339.04,418720.00,423508.62,432385.99,442953.76
2034-08-15,413998.65,434017.90,439765.21,1927955.81,362280.91,7,378202.93,384217.75,398682.16,406479.08,418915.48,423763.14,432678.14,443253.05
2034-08-16,414603.40,434309.34,440060.52,1930579.65,362493.93,7,378362.90,384380.27,398850.79,406619.13,419108.38,424015.36,432968.68,443550.70
2034-08-17,415186.47,434604.04,440350.61,1933334.26,362707.05,7,378521.49,384541.38,399017.96,406758.96,419294.59,424261.43,433254.09,443843.08
2034-08-18,415760.14,434896.11,440638.03,1935977.34,362920.27,7,378678.48,384700.87,399183.45,406898.71,419471.47,424500.01,433536.87,444132.78
2034-08-19,416090.09,435187.78,440925.02,1938600.56,363133.59,7,378834.58,384859.45,399348.00,407039.16,419638.65,424731.44,433819.24,444422.04
2034-08-20,416439.92,435478.12,441210.66,1941164.99,363347.02,7,378988.06,385015.37,399509.80,407177.72,419797.71,424956.66,434100.27,444709.94
2034-08-21,416812.41,435756.09,441483.75,1943216.03,363560.54,7,379136.88,385166.55,399666.67,407314.05,419948.06,425167.23,434368.96,444985.20
2034-08-22,417123.93,436033.79,441756.56,1945250.68,363774.18,7,379285.07,385317.10,399822.88,407450.29,420098.70,425375.00,434637.36,445260.16
2034-08-23,417364.06,436303.04,442029.34,1946933.09,363987.91,7,379433.55,385467.94,399979.41,407587.18,420249.42,425581.84,434905.74,445535.10
2034-08-24,417502.66,436575.13,442305.01,1948728.16,364201.75,7,379580.91,385617.65,400134.75,407723.57,420396.46,425784.76,435176.97,445812.95
2034-08-25,417677.62,436864.37,442589.48,1951227.30,364415.69,7,379731.22,385770.35,400293.20,407865.41,420541.73,425983.27,435456.85,446099.68
2034-08-26,417815.46,437149.26,442878.11,1953543.36,364629.73,7,379879.63,385921.11,400449.64,408005.92,420681.53,426177.09,435740.83,446390.60
2034-08-27,417813.72,437440.86,443173.54,1956133.08,364843.87,7,380028.41,386072.26,400606.48,408148.28,420818.74,426366.24,436031.49,446688.36
2034-08-28,417850.56,437753.03,443489.80,1959570.55,365058.12,7,380228.54,386275.58,400817.45,408362.11,421015.31,426591.40,436342.65,447007.12
2034-08-29,417960.67,438060.56,443801.34,1962813.98,365272.47,7,380424.85,386475.00,401024.38,408572.94,421208.62,426812.09,436649.20,447321.12
2034-08-30,418040.96,438372.86,444114.15,1966252.42,365486.93,7,380622.16,386675.46,401232.38,408784.85,421402.60,427033.74,436961.37,447634.21
2034-08-31,418099.02,438686.63,444426.66,1969749.92,365701.48,7,380819.02,386875.45,401439.90,408996.28,421595.55,427254.86,437275.43,447945.91
2034-09-01,418261.94,439002.33,444740.79,1973325.60,365916.14,7,381017.91,387077.50,401649.56,409209.88,421789.06,427478.45,437591.51,448259.03
2034-09-02,418556.17,439311.05,445047.86,1976608.59,366130.91,7,381215.84,387278.58,401858.21,409422.46,421982.81,427700.13,437900.63,448565.05
2034-09-03,418758.94,439609.69,445344.73,1979469.35,366345.77,7,381410.90,387476.74,402063.83,409631.95,422175.31,427918.62,438199.70,448860.78
2034-09-04,418980.64,439905.14,445638.37,1982193.48,366560.74,7,381607.61,387676.58,402271.19,409843.22,422370.73,428138.91,438495.58,449153.27
2034-09-05,419231.37,440199.88,445931.29,1984884.44,366775.81,7,381805.92,387878.05,402480.24,410056.20,422567.52,428360.99,438790.76,449445.04
2034-09-06,419397.23,440489.88,446219.42,1987373.82,366990.99,7,382002.31,388077.55,402687.26,410267.12,422760.66,428580.95,439081.21,449731.99
2034-09-07,419482.37,440777.87,446506.36,1989775.52,367206.27,7,382197.56,388275.91,402893.09,410476.82,422952.39,428799.64,439369.45,450018.23
2034-09-08,419679.31,441058.88,446787.93,1991881.97,367421.65,7,382392.12,388473.56,403098.18,410685.77,423144.63,429017.71,439650.32,450300.12
2034-09-09,419890.75,441323.12,447053.07,1993282.41,367637.14,7,382583.16,388667.64,403299.56,410890.95,423336.38,429231.76,439914.33,450565.80
2034-09-10,420032.23,441579.21,447311.60,1994338.42,367852.72,7,382774.26,388861.79,403501.02,411096.19,423530.15,429445.99,440169.82,450825.81
2034-09-11,420224.50,441823.28,447558.28,1994887.03,368068.42,7,382964.38,389054.93,403701.43,411300.38,423724.68,429659.31,440413.26,451074.07
2034-09-12,420448.46,442059.14,447797.31,1995088.79,368284.21,7,383154.90,389248.48,403902.27,411505.00,423921.13,429873.22,440648.34,451315.05
2034-09-13,420686.21,442308.31,448033.17,1995841.59,368500.11,7,383346.39,389443.01,404104.12,411710.65,424119.23,430088.53,440879.40,451553.27
2034-09-14,420821.48,442533.37,448266.04,1995583.75,368716.11,7,383536.49,389636.13,404304.52,411914.82,424316.88,430302.40,441102.52,451790.96
2034-09-15,420914.97,442757.67,448500.12,1995290.39,368932.22,7,383728.31,389831.00,404506.72,412120.83,424514.51,430518.23,441324.40,452031.09
2034-09-16,421018.49,442975.65,448737.03,1994730.02,369148.43,7,383922.54,390028.33,404711.47,412329.43,424713.79,430736.66,441548.31,452274.45
2034-09-17,421077.73,443192.22,448974.52,1994107.73,369364.74,7,384114.48,390223.32,404913.81,412535.58,424910.52,430953.28,441770.37,452519.60
2034-09-18,421137.85,443410.89,449214.62,1993569.51,369581.16,7,384308.12,390420.03,405117.93,412743.54,425108.59,431171.88,441994.45,452767.64
2034-09-19,421129.57,443629.87,449455.53,1993040.71,369797.68,7,384501.85,390616.84,405322.14,412951.60,425307.32,431390.70,442218.76,453016.79
2034-09-20,421215.62,443860.58,449710.27,1992995.74,370014.31,7,384703.42,390821.62,405534.63,413168.09,425510.47,431618.72,442452.51,453281.97
2034-09-21,421321.46,444093.19,449968.80,1993026.30,370231.04,7,384906.51,391027.94,405748.72,413386.21,425715.15,431848.83,442688.40,453551.74
2034-09-22,421421.19,444325.65,450227.67,1993046.44,370447.87,7,385110.01,391234.68,405963.25,413604.77,425920.61,432079.42,442924.77,453821.79
2034-09-23,421577.38,444567.45,450485.57,1993449.87,370664.81,7,385313.95,391441.87,406178.23,413823.80,426127.42,432310.24,443161.39,454090.27
2034-09-24,421663.05,444796.59,450741.32,1993323.82,370881.85,7,385515.85,391646.98,406391.06,414040.64,426333.22,432538.77,443395.66,454356.69
2034-09-25,421801.25,445033.57,450995.50,1993519.42,371098.99,7,385715.64,391849.94,406601.67,414255.21,426537.53,432764.96,443627.53,454621.95
2034-09-26,422033.64,445268.51,451247.89,1993625.95,371316.24,7,385913.56,392051.01,406810.30,414467.77,426740.51,432989.01,443857.19,454885.64
2034-09-27,422379.30,445506.03,451494.35,1993835.11,371533.59,7,386116.05,392256.72,407023.76,414685.24,426954.95,433217.39,444091.31,455138.22
2034-09-28,422591.59,445744.93,451742.33,1994097.24,371751.05,7,386319.81,392463.72,407238.55,414904.08,427169.77,433446.97,444326.65,455392.48
2034-09-29,422900.83,445986.64,451993.56,1994471.53,371968.61,7,386525.85,392673.04,407455.75,415125.37,427385.37,433679.05,444564.56,455650.31
2034-09-30,423254.35,446228.78,452246.19,1994859.52,372186.27,7,386731.84,392882.30,407672.89,415346.59,427602.28,433911.16,444802.49,455910.24
2034-10-01,423395.78,446464.77,452493.79,1994988.38,372404.04,7,386932.06,393085.71,407883.96,415561.63,427815.34,434136.81,445033.80,456165.93
2034-10-02,423527.61,446706.28,452745.70,1995341.02,372621.92,7,387136.88,393293.79,408099.87,415781.61,428032.36,434367.89,445270.68,456425.30
2034-10-03,423649.93,446948.45,452999.47,1995717.52,372839.89,7,387341.70,393501.86,408315.77,416001.58,428248.89,434599.07,445507.67,456687.41
