ts,price,q3,q10,q25,q40,q60,q75,q90,q97,zone
2010-11-01,0.20,0.05,0.06,0.08,0.10,0.13,0.15,0.19,0.25,7
2010-11-02,0.19,0.05,0.06,0.08,0.10,0.13,0.15,0.19,0.25,6
2010-11-03,0.19,0.05,0.07,0.09,0.11,0.13,0.16,0.20,0.25,6
2010-11-04,0.23,0.06,0.07,0.09,0.11,0.13,0.16,0.20,0.26,7
2010-11-05,0.26,0.06,0.07,0.09,0.11,0.14,0.16,0.21,0.27,7
2010-11-06,0.39,0.06,0.07,0.09,0.12,0.14,0.17,0.22,0.27,8
2010-11-07,0.34,0.06,0.07,0.10,0.12,0.15,0.17,0.22,0.28,8
2010-11-08,0.24,0.06,0.07,0.10,0.12,0.15,0.18,0.23,0.29,7
2010-11-09,0.21,0.06,0.08,0.10,0.13,0.15,0.18,0.23,0.29,6
2010-11-10,0.24,0.07,0.08,0.10,0.13,0.15,0.18,0.23,0.30,7
2010-11-11,0.22,0.07,0.08,0.10,0.13,0.16,0.19,0.24,0.30,6
2010-11-12,0.27,0.07,0.08,0.11,0.13,0.16,0.19,0.24,0.30,7
2010-11-13,0.28,0.07,0.08,0.11,0.13,0.16,0.19,0.24,0.31,7
2010-11-14,0.28,0.07,0.08,0.11,0.13,0.16,0.19,0.24,0.31,7
2010-11-15,0.27,0.07,0.08,0.11,0.13,0.16,0.19,0.24,0.31,7
2010-11-16,0.22,0.07,0.08,0.11,0.13,0.16,0.19,0.25,0.32,6
2010-11-17,0.23,0.07,0.08,0.11,0.14,0.17,0.20,0.25,0.32,6
2010-11-18,0.27,0.07,0.08,0.11,0.14,0.17,0.20,0.25,0.32,7
2010-11-19,0.28,0.07,0.08,0.11,0.14,0.17,0.20,0.25,0.32,7
2010-11-20,0.28,0.07,0.08,0.11,0.14,0.17,0.20,0.26,0.33,7
2010-11-21,0.28,0.07,0.08,0.11,0.14,0.17,0.20,0.26,0.33,7
2010-11-22,0.29,0.07,0.09,0.11,0.14,0.17,0.20,0.26,0.33,7
2010-11-23,0.28,0.07,0.09,0.11,0.14,0.17,0.20,0.26,0.33,7
2010-11-24,0.28,0.07,0.09,0.12,0.14,0.17,0.20,0.26,0.33,7
2010-11-25,0.28,0.07,0.09,0.12,0.14,0.17,0.20,0.26,0.34,7
2010-11-26,0.28,0.07,0.09,0.12,0.14,0.17,0.20,0.27,0.34,7
2010-11-27,0.28,0.07,0.09,0.12,0.14,0.17,0.20,0.27,0.34,7
2010-11-28,0.27,0.07,0.09,0.12,0.14,0.17,0.20,0.27,0.34,7
2010-11-29,0.23,0.07,0.09,0.12,0.15,0.18,0.20,0.27,0.34,6
2010-11-30,0.21,0.07,0.09,0.12,0.15,0.18,0.20,0.27,0.35,6
2010-12-01,0.23,0.07,0.09,0.12,0.15,0.18,0.20,0.27,0.35,6
2010-12-02,0.26,0.07,0.09,0.12,0.15,0.18,0.20,0.27,0.35,6
2010-12-03,0.25,0.07,0.09,0.12,0.15,0.18,0.20,0.27,0.35,6
2010-12-04,0.20,0.08,0.09,0.12,0.15,0.18,0.20,0.28,0.35,6
2010-12-05,0.19,0.08,0.09,0.12,0.15,0.18,0.21,0.28,0.35,5
2010-12-06,0.20,0.08,0.09,0.12,0.15,0.18,0.21,0.28,0.35,5
2010-12-07,0.23,0.08,0.09,0.12,0.15,0.18,0.21,0.28,0.36,6
2010-12-08,0.24,0.08,0.09,0.12,0.15,0.18,0.21,0.28,0.36,6
2010-12-09,0.20,0.08,0.09,0.12,0.15,0.18,0.21,0.28,0.36,5
2010-12-10,0.20,0.08,0.09,0.12,0.15,0.18,0.21,0.28,0.36,5
2010-12-11,0.23,0.08,0.09,0.13,0.15,0.18,0.21,0.28,0.36,6
2010-12-12,0.22,0.08,0.09,0.13,0.16,0.18,0.21,0.28,0.36,6
2010-12-13,0.23,0.08,0.09,0.13,0.16,0.18,0.21,0.29,0.36,6
2010-12-14,0.25,0.08,0.10,0.13,0.16,0.18,0.21,0.29,0.37,6
2010-12-15,0.24,0.08,0.10,0.13,0.16,0.18,0.21,0.29,0.37,6
2010-12-16,0.25,0.08,0.10,0.13,0.16,0.19,0.21,0.29,0.37,6
2010-12-17,0.24,0.08,0.10,0.13,0.16,0.19,0.21,0.29,0.37,6
2010-12-18,0.24,0.08,0.10,0.13,0.16,0.19,0.21,0.29,0.37,6
2010-12-19,0.24,0.08,0.10,0.13,0.16,0.19,0.21,0.29,0.37,6
2010-12-20,0.27,0.08,0.10,0.13,0.16,0.19,0.22,0.29,0.38,6
2010-12-21,0.24,0.08,0.10,0.13,0.16,0.19,0.22,0.30,0.38,6
2010-12-22,0.25,0.08,0.10,0.13,0.16,0.19,0.22,0.30,0.38,6
2010-12-23,0.25,0.08,0.10,0.14,0.16,0.19,0.22,0.30,0.38,6
2010-12-24,0.25,0.08,0.10,0.14,0.16,0.19,0.22,0.30,0.38,6
2010-12-25,0.25,0.08,0.10,0.14,0.16,0.19,0.22,0.30,0.38,6
2010-12-26,0.27,0.08,0.10,0.14,0.17,0.19,0.22,0.30,0.39,6
2010-12-27,0.27,0.08,0.10,0.14,0.17,0.20,0.22,0.30,0.39,6
2010-12-28,0.28,0.08,0.10,0.14,0.17,0.20,0.22,0.31,0.39,6
2010-12-29,0.30,0.08,0.10,0.14,0.17,0.20,0.22,0.31,0.39,6
2010-12-30,0.30,0.08,0.10,0.14,0.17,0.20,0.22,0.31,0.39,6
2010-12-31,0.30,0.08,0.10,0.14,0.17,0.20,0.23,0.31,0.40,6
2011-01-01,0.30,0.08,0.10,0.14,0.17,0.20,0.23,0.31,0.40,6
2011-01-02,0.30,0.08,0.10,0.14,0.17,0.20,0.23,0.31,0.40,6
2011-01-03,0.29,0.08,0.10,0.14,0.17,0.21,0.23,0.32,0.40,6
2011-01-04,0.30,0.08,0.10,0.14,0.17,0.21,0.23,0.32,0.40,6
2011-01-05,0.30,0.09,0.10,0.15,0.17,0.21,0.23,0.32,0.41,6
2011-01-06,0.30,0.09,0.10,0.15,0.17,0.21,0.23,0.32,0.41,6
2011-01-07,0.32,0.09,0.11,0.15,0.18,0.21,0.23,0.32,0.41,6
2011-01-08,0.32,0.09,0.11,0.15,0.18,0.21,0.23,0.32,0.41,6
2011-01-09,0.32,0.09,0.11,0.15,0.18,0.22,0.24,0.33,0.41,6
2011-01-10,0.33,0.09,0.11,0.15,0.18,0.22,0.24,0.33,0.42,6
2011-01-11,0.33,0.09,0.11,0.15,0.18,0.22,0.24,0.33,0.42,6
2011-01-12,0.32,0.09,0.11,0.15,0.18,0.22,0.24,0.33,0.43,6
2011-01-13,0.32,0.09,0.11,0.15,0.18,0.22,0.25,0.34,0.43,6
2011-01-14,0.40,0.09,0.11,0.16,0.19,0.23,0.25,0.34,0.44,7
2011-01-15,0.39,0.09,0.11,0.16,0.19,0.23,0.25,0.34,0.44,7
2011-01-16,0.39,0.09,0.11,0.16,0.19,0.23,0.26,0.35,0.44,7
2011-01-17,0.35,0.09,0.11,0.16,0.19,0.23,0.26,0.35,0.45,7
2011-01-18,0.31,0.09,0.12,0.16,0.19,0.23,0.26,0.35,0.45,6
2011-01-19,0.31,0.09,0.12,0.16,0.19,0.24,0.26,0.35,0.45,6
2011-01-20,0.39,0.10,0.12,0.16,0.20,0.24,0.27,0.36,0.46,7
2011-01-21,0.42,0.10,0.12,0.17,0.20,0.24,0.27,0.36,0.46,7
2011-01-22,0.44,0.10,0.12,0.17,0.20,0.24,0.27,0.36,0.46,7
2011-01-23,0.44,0.10,0.12,0.17,0.20,0.25,0.28,0.37,0.47,7
2011-01-24,0.42,0.10,0.12,0.17,0.21,0.25,0.29,0.38,0.48,7
2011-01-25,0.41,0.11,0.13,0.18,0.21,0.26,0.29,0.39,0.49,7
2011-01-26,0.42,0.11,0.13,0.18,0.22,0.26,0.30,0.40,0.51,7
2011-01-27,0.42,0.11,0.13,0.18,0.22,0.27,0.31,0.41,0.52,7
2011-01-28,0.45,0.12,0.14,0.19,0.23,0.28,0.32,0.42,0.53,7
2011-01-29,0.44,0.12,0.14,0.19,0.23,0.29,0.33,0.43,0.55,7
2011-01-30,0.48,0.13,0.15,0.20,0.24,0.30,0.34,0.44,0.56,7
2011-01-31,0.52,0.13,0.15,0.20,0.25,0.30,0.35,0.45,0.57,7
2011-02-01,0.70,0.13,0.15,0.21,0.25,0.31,0.36,0.46,0.59,8
2011-02-02,0.72,0.13,0.15,0.21,0.26,0.32,0.37,0.47,0.60,8
2011-02-03,0.69,0.14,0.16,0.22,0.26,0.33,0.38,0.48,0.61,8
2011-02-04,0.81,0.14,0.16,0.23,0.27,0.34,0.39,0.49,0.63,8
2011-02-05,0.92,0.14,0.17,0.23,0.28,0.34,0.40,0.51,0.65,8
2011-02-06,0.90,0.15,0.17,0.24,0.28,0.35,0.41,0.52,0.66,8
2011-02-07,0.89,0.15,0.18,0.24,0.29,0.36,0.42,0.53,0.68,8
2011-02-08,0.92,0.16,0.18,0.25,0.30,0.37,0.43,0.55,0.70,8
2011-02-09,1.09,0.16,0.18,0.26,0.31,0.38,0.45,0.56,0.72,8
2011-02-10,0.98,0.16,0.19,0.26,0.31,0.39,0.46,0.58,0.73,8
2011-02-11,1.07,0.17,0.19,0.27,0.32,0.39,0.47,0.59,0.75,8
2011-02-12,1.08,0.17,0.20,0.28,0.33,0.40,0.48,0.60,0.77,8
2011-02-13,1.05,0.17,0.20,0.28,0.33,0.41,0.49,0.61,0.78,8
2011-02-14,1.07,0.18,0.20,0.29,0.34,0.42,0.50,0.62,0.79,8
2011-02-15,1.05,0.18,0.21,0.29,0.34,0.42,0.50,0.63,0.80,8
2011-02-16,1.04,0.18,0.21,0.29,0.35,0.43,0.51,0.64,0.81,8
2011-02-17,1.04,0.18,0.21,0.30,0.35,0.44,0.51,0.65,0.82,8
2011-02-18,0.90,0.19,0.21,0.30,0.36,0.44,0.52,0.65,0.83,8
2011-02-19,0.95,0.19,0.22,0.30,0.36,0.45,0.52,0.66,0.84,8
2011-02-20,0.85,0.19,0.22,0.30,0.36,0.45,0.52,0.66,0.84,8
2011-02-21,0.83,0.19,0.22,0.31,0.36,0.46,0.53,0.67,0.85,7
2011-02-22,0.87,0.19,0.22,0.31,0.37,0.46,0.53,0.67,0.86,8
2011-02-23,0.90,0.19,0.22,0.31,0.37,0.46,0.53,0.68,0.86,8
2011-02-24,1.00,0.20,0.23,0.31,0.37,0.47,0.54,0.68,0.87,8
2011-02-25,0.91,0.20,0.23,0.32,0.38,0.47,0.54,0.69,0.88,8
2011-02-26,0.96,0.20,0.23,0.33,0.39,0.48,0.56,0.71,0.91,8
2011-02-27,0.89,0.21,0.24,0.33,0.40,0.50,0.58,0.73,0.93,7
2011-02-28,0.86,0.21,0.25,0.34,0.41,0.51,0.59,0.74,0.96,7
2011-03-01,0.92,0.22,0.25,0.35,0.42,0.52,0.61,0.76,0.98,7
2011-03-02,0.94,0.22,0.26,0.36,0.43,0.53,0.62,0.78,1.01,7
2011-03-03,0.94,0.23,0.26,0.37,0.44,0.54,0.64,0.79,1.03,7
2011-03-04,0.90,0.23,0.27,0.38,0.45,0.55,0.66,0.81,1.05,7
2011-03-05,0.91,0.24,0.27,0.38,0.45,0.55,0.66,0.81,1.05,7
2011-03-06,0.90,0.24,0.27,0.38,0.45,0.55,0.67,0.82,1.06,7
2011-03-07,0.89,0.24,0.27,0.38,0.46,0.56,0.67,0.82,1.06,7
2011-03-08,0.87,0.24,0.28,0.38,0.46,0.56,0.67,0.82,1.07,7
2011-03-09,0.86,0.24,0.28,0.39,0.46,0.56,0.68,0.83,1.07,7
2011-03-10,0.93,0.24,0.28,0.39,0.46,0.56,0.68,0.83,1.08,7
2011-03-11,0.88,0.24,0.28,0.39,0.46,0.57,0.68,0.84,1.08,7
2011-03-12,0.92,0.24,0.28,0.39,0.47,0.57,0.68,0.85,1.09,7
2011-03-13,0.89,0.25,0.28,0.39,0.47,0.58,0.69,0.85,1.10,7
2011-03-14,0.89,0.25,0.28,0.40,0.47,0.58,0.69,0.86,1.10,7
2011-03-15,0.87,0.25,0.29,0.40,0.48,0.59,0.69,0.86,1.11,7
2011-03-16,0.86,0.25,0.29,0.40,0.48,0.59,0.70,0.87,1.12,6
2011-03-17,0.83,0.25,0.29,0.40,0.48,0.60,0.70,0.87,1.12,6
2011-03-18,0.82,0.25,0.29,0.40,0.48,0.60,0.70,0.88,1.13,6
2011-03-19,0.77,0.25,0.29,0.41,0.48,0.60,0.70,0.88,1.13,6
2011-03-20,0.74,0.25,0.29,0.41,0.49,0.61,0.70,0.88,1.13,6
2011-03-21,0.76,0.25,0.29,0.41,0.49,0.61,0.70,0.89,1.14,6
2011-03-22,0.81,0.25,0.29,0.41,0.49,0.61,0.70,0.89,1.14,6
2011-03-23,0.85,0.26,0.30,0.41,0.49,0.61,0.71,0.89,1.15,6
2011-03-24,0.87,0.26,0.30,0.41,0.49,0.62,0.71,0.90,1.15,6
2011-03-25,0.88,0.26,0.30,0.41,0.50,0.62,0.71,0.90,1.16,6
2011-03-26,0.86,0.26,0.30,0.42,0.50,0.62,0.72,0.91,1.16,6
2011-03-27,0.82,0.26,0.30,0.42,0.50,0.62,0.72,0.91,1.17,6
2011-03-28,0.80,0.26,0.30,0.42,0.50,0.62,0.72,0.92,1.17,6
2011-03-29,0.79,0.26,0.30,0.42,0.50,0.62,0.72,0.92,1.18,6
2011-03-30,0.79,0.26,0.30,0.42,0.50,0.62,0.73,0.92,1.18,6
2011-03-31,0.78,0.26,0.30,0.42,0.51,0.62,0.73,0.92,1.19,6
2011-04-01,0.77,0.26,0.30,0.42,0.51,0.62,0.73,0.93,1.19,6
2011-04-02,0.78,0.26,0.31,0.42,0.51,0.62,0.73,0.93,1.19,6
2011-04-03,0.78,0.26,0.31,0.42,0.51,0.62,0.73,0.93,1.19,6
2011-04-04,0.68,0.26,0.31,0.42,0.51,0.63,0.73,0.93,1.19,5
2011-04-05,0.71,0.26,0.31,0.42,0.51,0.63,0.74,0.93,1.20,5
2011-04-06,0.74,0.26,0.31,0.42,0.51,0.63,0.74,0.94,1.20,6
2011-04-07,0.75,0.27,0.31,0.42,0.51,0.63,0.74,0.94,1.20,6
2011-04-08,0.75,0.27,0.31,0.42,0.51,0.63,0.74,0.94,1.20,6
2011-04-09,0.73,0.27,0.31,0.42,0.52,0.63,0.74,0.94,1.21,5
2011-04-10,0.74,0.27,0.31,0.42,0.52,0.63,0.74,0.94,1.21,5
2011-04-11,0.77,0.27,0.31,0.42,0.52,0.63,0.75,0.95,1.22,6
2011-04-12,0.86,0.27,0.31,0.42,0.52,0.64,0.75,0.95,1.23,6
2011-04-13,0.92,0.27,0.32,0.43,0.52,0.64,0.76,0.96,1.24,6
2011-04-14,1.00,0.27,0.32,0.43,0.53,0.64,0.76,0.97,1.25,7
2011-04-15,0.99,0.27,0.32,0.43,0.53,0.65,0.77,0.98,1.26,7
2011-04-16,1.05,0.28,0.32,0.44,0.54,0.66,0.78,0.99,1.28,7
2011-04-17,1.11,0.28,0.33,0.44,0.55,0.66,0.78,1.00,1.29,7
2011-04-18,1.16,0.28,0.33,0.45,0.55,0.67,0.79,1.01,1.30,7
2011-04-19,1.20,0.29,0.34,0.46,0.56,0.68,0.80,1.02,1.32,7
2011-04-20,1.14,0.29,0.34,0.46,0.57,0.69,0.82,1.04,1.34,7
2011-04-21,1.21,0.30,0.35,0.47,0.58,0.71,0.83,1.06,1.36,7
2011-04-22,1.41,0.30,0.35,0.48,0.59,0.72,0.84,1.07,1.39,8
2011-04-23,1.70,0.31,0.36,0.49,0.60,0.73,0.86,1.09,1.41,8
2011-04-24,1.63,0.32,0.36,0.50,0.61,0.75,0.87,1.11,1.44,8
2011-04-25,1.56,0.32,0.37,0.51,0.62,0.77,0.89,1.13,1.47,8
2011-04-26,1.79,0.34,0.40,0.55,0.66,0.81,0.95,1.21,1.56,8
2011-04-27,1.90,0.37,0.43,0.59,0.71,0.87,1.02,1.31,1.69,8
2011-04-28,2.21,0.40,0.46,0.64,0.76,0.94,1.10,1.41,1.82,8
2011-04-29,2.88,0.43,0.49,0.68,0.82,1.00,1.17,1.52,1.95,8
2011-04-30,3.50,0.46,0.53,0.73,0.87,1.07,1.26,1.63,2.09,8
2011-05-01,3.03,0.49,0.57,0.79,0.94,1.15,1.35,1.75,2.26,8
2011-05-02,3.20,0.52,0.61,0.84,1.01,1.23,1.45,1.88,2.43,8
2011-05-03,3.41,0.55,0.63,0.88,1.05,1.28,1.51,1.95,2.55,8
2011-05-04,3.41,0.56,0.65,0.91,1.08,1.32,1.56,2.00,2.64,8
2011-05-05,3.33,0.58,0.67,0.94,1.12,1.36,1.61,2.06,2.73,8
2011-05-06,3.45,0.60,0.69,0.97,1.15,1.41,1.66,2.12,2.82,8
2011-05-07,3.64,0.63,0.73,1.01,1.21,1.47,1.74,2.21,2.96,8
2011-05-08,3.87,0.66,0.76,1.06,1.26,1.54,1.82,2.31,3.09,8
2011-05-09,3.80,0.69,0.80,1.12,1.33,1.62,1.91,2.43,3.25,8
2011-05-10,5.81,0.74,0.86,1.20,1.43,1.74,2.05,2.61,3.46,8
2011-05-11,5.50,0.80,0.92,1.28,1.53,1.86,2.20,2.80,3.68,8
2011-05-12,6.30,0.86,0.99,1.38,1.64,2.00,2.36,3.01,3.92,8
2011-05-13,8.20,0.93,1.07,1.49,1.78,2.16,2.55,3.25,4.21,8
2011-05-14,7.20,0.99,1.14,1.59,1.89,2.31,2.72,3.47,4.47,8
2011-05-15,6.99,1.05,1.21,1.69,2.01,2.45,2.89,3.68,4.71,8
2011-05-16,8.03,1.10,1.27,1.77,2.11,2.57,3.04,3.87,4.93,8
2011-05-17,7.19,1.14,1.31,1.83,2.18,2.66,3.14,4.00,5.10,8
2011-05-18,6.88,1.17,1.35,1.88,2.24,2.73,3.23,4.11,5.24,8
2011-05-19,6.80,1.20,1.38,1.93,2.30,2.80,3.31,4.21,5.37,8
2011-05-20,5.59,1.22,1.40,1.96,2.33,2.84,3.36,4.27,5.45,8
2011-05-21,6.12,1.24,1.43,1.99,2.37,2.89,3.41,4.34,5.53,8
2011-05-22,6.69,1.26,1.45,2.02,2.41,2.94,3.47,4.41,5.63,8
2011-05-23,7.15,1.28,1.48,2.06,2.45,2.99,3.53,4.49,5.73,8
2011-05-24,7.42,1.31,1.51,2.11,2.51,3.06,3.61,4.60,5.87,8
2011-05-25,8.40,1.35,1.55,2.17,2.58,3.14,3.71,4.72,6.02,8
2011-05-26,8.80,1.38,1.59,2.22,2.64,3.22,3.80,4.84,6.17,8
2011-05-27,8.50,1.41,1.63,2.27,2.70,3.29,3.89,4.95,6.31,8
2011-05-28,8.30,1.44,1.66,2.32,2.76,3.37,3.98,5.06,6.47,8
2011-05-29,8.43,1.47,1.70,2.37,2.83,3.44,4.07,5.18,6.62,8
2011-05-30,8.80,1.51,1.74,2.43,2.89,3.53,4.16,5.30,6.79,8
2011-05-31,8.74,1.56,1.80,2.51,2.98,3.64,4.30,5.46,7.00,8
2011-06-01,9.57,1.62,1.87,2.61,3.11,3.79,4.47,5.68,7.29,8
2011-06-02,10.60,1.70,1.96,2.73,3.26,3.97,4.69,5.94,7.64,8
2011-06-03,14.29,1.84,2.12,2.95,3.52,4.29,5.07,6.40,8.24,8
2011-06-04,18.89,1.99,2.29,3.20,3.81,4.65,5.49,6.91,8.89,8
2011-06-05,16.70,2.22,2.56,3.57,4.25,5.18,6.12,7.67,9.91,8
2011-06-06,18.55,2.49,2.87,4.00,4.77,5.81,6.86,8.55,11.10,8
2011-06-07,23.92,2.77,3.20,4.46,5.31,6.47,7.64,9.47,12.37,8
2011-06-08,29.60,3.03,3.50,4.88,5.81,7.08,8.36,10.30,13.53,8
2011-06-09,28.92,3.33,3.85,5.37,6.39,7.79,9.20,11.28,14.89,8
2011-06-10,23.95,3.60,4.15,5.79,6.90,8.41,9.93,12.09,16.10,8
2011-06-11,14.65,3.89,4.49,6.26,7.46,9.09,10.73,13.08,17.43,7
2011-06-12,18.55,4.14,4.78,6.67,7.95,9.68,11.37,13.98,18.56,7
2011-06-13,19.84,4.36,5.03,7.01,8.35,10.18,11.88,14.79,19.49,8
2011-06-14,19.28,4.54,5.24,7.31,8.71,10.62,12.31,15.52,20.30,7
2011-06-15,19.49,4.74,5.47,7.63,9.09,11.08,12.78,16.31,21.16,7
2011-06-16,17.00,4.89,5.64,7.87,9.37,11.42,13.10,16.93,21.77,7
2011-06-17,15.68,5.02,5.79,8.08,9.62,11.72,13.38,17.52,22.31,6
2011-06-18,16.89,5.11,5.90,8.23,9.80,11.94,13.57,17.91,22.69,6
2011-06-19,17.51,5.16,5.96,8.31,9.90,12.07,13.71,18.14,22.90,6
2011-06-20,17.51,5.21,6.02,8.39,9.99,12.18,13.85,18.31,23.11,6
2011-06-21,17.51,5.26,6.07,8.46,10.08,12.29,13.98,18.47,23.30,6
2011-06-22,17.51,5.30,6.12,8.53,10.16,12.39,14.10,18.61,23.48,6
2011-06-23,17.51,5.33,6.16,8.59,10.23,12.47,14.19,18.73,23.64,6
2011-06-24,17.51,5.38,6.20,8.65,10.31,12.56,14.29,18.88,23.82,6
2011-06-25,17.51,5.42,6.25,8.72,10.38,12.66,14.36,19.02,23.99,6
2011-06-26,16.45,5.46,6.30,8.79,10.47,12.76,14.44,19.17,24.17,6
2011-06-27,16.75,5.51,6.35,8.86,10.56,12.87,14.53,19.33,24.36,6
2011-06-28,16.95,5.55,6.40,8.92,10.63,12.96,14.60,19.46,24.52,6
2011-06-29,16.84,5.58,6.44,8.98,10.70,13.04,14.66,19.59,24.66,6
2011-06-30,16.10,5.61,6.48,9.04,10.76,13.12,14.72,19.71,24.80,6
2011-07-01,15.40,5.63,6.50,9.07,10.80,13.16,14.75,19.77,24.88,6
2011-07-02,15.40,5.64,6.51,9.08,10.82,13.19,14.77,19.80,24.92,6
2011-07-03,15.44,5.65,6.52,9.09,10.83,13.20,14.79,19.83,24.95,6
2011-07-04,13.86,5.65,6.52,9.10,10.84,13.21,14.79,19.83,24.96,5
2011-07-05,12.91,5.66,6.53,9.11,10.85,13.22,14.80,19.85,24.98,4
2011-07-06,14.78,5.66,6.54,9.12,10.86,13.23,14.81,19.87,25.00,5
2011-07-07,14.78,5.67,6.55,9.13,10.87,13.25,14.82,19.89,25.03,5
2011-07-08,14.31,5.68,6.56,9.15,10.90,13.28,14.85,19.94,25.09,5
2011-07-09,14.38,5.70,6.57,9.17,10.92,13.31,14.87,19.98,25.14,5
2011-07-10,14.90,5.71,6.58,9.19,10.94,13.34,14.89,20.02,25.19,6
2011-07-11,14.21,5.72,6.60,9.20,10.96,13.36,14.91,20.06,25.24,5
2011-07-12,14.01,5.73,6.61,9.22,10.98,13.39,14.93,20.10,25.29,5
2011-07-13,13.95,5.74,6.62,9.24,11.00,13.41,14.95,20.14,25.34,5
2011-07-14,13.99,5.75,6.63,9.25,11.02,13.43,14.97,20.17,25.38,5
2011-07-15,13.81,5.73,6.61,9.21,10.98,13.38,14.92,20.07,25.26,5
2011-07-16,13.72,5.71,6.58,9.18,10.94,13.33,14.87,19.98,25.15,5
2011-07-17,13.16,5.68,6.55,9.14,10.88,13.27,14.80,19.85,24.98,4
2011-07-18,13.48,5.65,6.52,9.09,10.83,13.20,14.73,19.71,24.81,5
2011-07-19,13.85,5.62,6.48,9.04,10.77,13.13,14.66,19.57,24.63,5
2011-07-20,13.69,5.59,6.45,9.00,10.72,13.06,14.58,19.44,24.46,5
2011-07-21,13.61,5.56,6.42,8.95,10.66,13.00,14.51,19.31,24.30,5
2011-07-22,13.70,5.56,6.42,8.95,10.66,13.00,14.51,19.31,24.32,5
2011-07-23,13.68,5.56,6.42,8.95,10.66,12.99,14.51,19.30,24.36,5
2011-07-24,13.98,5.57,6.42,8.96,10.67,13.01,14.54,19.33,24.49,5
2011-07-25,14.05,5.57,6.43,8.97,10.69,13.02,14.55,19.36,24.61,5
2011-07-26,13.88,5.58,6.44,8.98,10.70,13.04,14.57,19.40,24.73,5
2011-07-27,13.94,5.59,6.45,9.00,10.72,13.06,14.60,19.43,24.86,5
2011-07-28,13.49,5.60,6.46,9.01,10.73,13.07,14.61,19.46,24.97,5
2011-07-29,13.50,5.60,6.46,9.01,10.74,13.09,14.63,19.48,25.05,5
2011-07-30,13.53,5.60,6.46,9.02,10.74,13.09,14.65,19.49,25.09,5
2011-07-31,13.35,5.60,6.46,9.01,10.73,13.08,14.74,19.46,25.06,5
2011-08-01,13.09,5.59,6.45,9.00,10.72,13.06,14.85,19.44,25.03,5
2011-08-02,12.05,5.58,6.44,8.98,10.70,13.04,14.93,19.39,24.99,4
2011-08-03,9.26,5.56,6.41,8.95,10.66,12.99,14.99,19.30,24.89,3
2011-08-04,10.75,5.53,6.38,8.91,10.61,12.93,15.04,19.19,24.78,4
2011-08-05,9.80,5.50,6.34,8.85,10.54,12.84,15.05,19.03,24.61,3
2011-08-06,6.55,5.46,6.30,8.79,10.47,12.76,15.06,18.89,24.46,2
2011-08-07,7.90,5.44,6.27,8.75,10.42,12.70,15.00,18.78,24.34,2
2011-08-08,7.80,5.41,6.24,8.70,10.37,12.64,14.92,18.66,24.22,2
2011-08-09,9.99,5.38,6.21,8.67,10.32,12.58,14.86,18.56,24.11,3
2011-08-10,9.98,5.37,6.20,8.64,10.30,12.55,14.82,18.51,24.05,3
2011-08-11,9.46,5.36,6.19,8.63,10.28,12.53,14.79,18.47,24.01,3
2011-08-12,9.46,5.37,6.19,8.64,10.29,12.54,14.81,18.50,24.03,3
2011-08-13,10.13,5.37,6.20,8.64,10.29,12.55,14.82,18.51,24.04,3
2011-08-14,10.80,5.37,6.20,8.65,10.30,12.56,14.83,18.54,24.07,4
2011-08-15,11.15,5.38,6.21,8.66,10.32,12.57,14.85,18.57,24.10,4
2011-08-16,10.96,5.39,6.22,8.67,10.33,12.59,14.87,18.61,24.13,4
2011-08-17,10.95,5.40,6.23,8.69,10.35,12.61,14.89,18.65,24.17,4
2011-08-18,10.83,5.41,6.24,8.70,10.36,12.63,14.91,18.68,24.21,4
2011-08-19,11.65,5.41,6.24,8.71,10.38,12.65,14.93,18.72,24.23,4
2011-08-20,11.45,5.42,6.25,8.72,10.39,12.66,14.95,18.76,24.26,4
2011-08-21,11.31,5.42,6.26,8.73,10.39,12.67,14.96,18.82,24.28,4
2011-08-22,10.89,5.43,6.27,8.74,10.41,12.69,14.98,18.88,24.32,4
2011-08-23,10.94,5.44,6.28,8.75,10.43,12.71,15.01,18.95,24.36,4
2011-08-24,10.85,5.40,6.24,8.70,10.36,12.63,14.91,18.87,24.20,4
2011-08-25,9.66,5.37,6.20,8.64,10.29,12.55,14.82,18.78,24.05,3
2011-08-26,8.18,5.34,6.16,8.59,10.23,12.47,14.72,18.70,23.89,2
2011-08-27,8.59,5.30,6.12,8.53,10.16,12.39,14.63,18.59,23.74,3
2011-08-28,9.07,5.27,6.08,8.47,10.09,12.30,14.53,18.47,23.58,3
2011-08-29,8.97,5.22,6.03,8.41,10.01,12.20,14.41,18.34,23.39,3
2011-08-30,8.79,5.18,5.98,8.34,9.93,12.10,14.29,18.19,23.20,3
2011-08-31,8.20,5.18,5.98,8.34,9.93,12.11,14.29,18.19,23.20,2
2011-09-01,8.21,5.18,5.98,8.34,9.93,12.10,14.29,18.19,23.19,2
2011-09-02,8.64,5.18,5.97,8.33,9.92,12.10,14.28,18.18,23.18,3
2011-09-03,8.48,5.17,5.97,8.32,9.92,12.09,14.27,18.16,23.16,3
2011-09-04,8.18,5.17,5.96,8.32,9.91,12.07,14.26,18.14,23.14,2
2011-09-05,7.61,5.16,5.95,8.30,9.89,12.06,14.24,18.12,23.11,2
2011-09-06,6.86,5.15,5.94,8.29,9.87,12.03,14.21,18.08,23.06,2
2011-09-07,7.19,5.14,5.93,8.27,9.85,12.01,14.18,18.04,23.01,2
2011-09-08,6.53,5.10,5.88,8.21,9.77,11.91,14.07,17.90,22.80,2
2011-09-09,5.03,5.06,5.84,8.14,9.70,11.82,13.96,17.76,22.59,0
2011-09-10,4.77,5.02,5.79,8.08,9.62,11.73,13.85,17.63,22.38,0
2011-09-11,5.86,4.98,5.75,8.01,9.55,11.64,13.74,17.49,22.16,2
2011-09-12,6.08,4.94,5.70,7.95,9.47,11.55,13.63,17.35,21.94,2
2011-09-13,5.80,4.90,5.66,7.89,9.40,11.46,13.53,17.22,21.73,2
2011-09-14,5.62,4.87,5.62,7.83,9.33,11.37,13.43,17.09,21.51,2
2011-09-15,4.84,4.86,5.61,7.82,9.32,11.35,13.41,17.06,21.45,0
2011-09-16,4.82,4.85,5.60,7.81,9.30,11.34,13.38,17.04,21.39,0
2011-09-17,4.77,4.84,5.59,7.80,9.29,11.32,13.37,17.01,21.35,0
2011-09-18,5.20,4.84,5.58,7.79,9.28,11.31,13.35,16.99,21.30,1
2011-09-19,5.46,4.83,5.58,7.78,9.27,11.29,13.34,16.97,21.25,1
2011-09-20,6.11,4.83,5.57,7.77,9.26,11.28,13.32,16.95,21.22,2
2011-09-21,5.61,4.82,5.57,7.77,9.25,11.27,13.31,16.93,21.18,2
2011-09-22,5.43,4.82,5.56,7.75,9.23,11.26,13.29,16.89,21.12,1
2011-09-23,5.54,4.81,5.55,7.74,9.22,11.24,13.27,16.85,21.06,1
2011-09-24,5.47,4.80,5.54,7.72,9.20,11.22,13.24,16.80,21.00,1
2011-09-25,5.33,4.79,5.53,7.71,9.18,11.20,13.22,16.75,20.94,1
2011-09-26,4.87,4.78,5.52,7.70,9.17,11.18,13.20,16.70,20.88,1
2011-09-27,4.92,4.78,5.51,7.69,9.16,11.16,13.18,16.66,20.83,1
2011-09-28,4.77,4.77,5.50,7.67,9.14,11.14,13.15,16.62,20.77,1
2011-09-29,4.78,4.76,5.50,7.67,9.13,11.13,13.14,16.59,20.73,1
2011-09-30,5.14,4.76,5.49,7.66,9.12,11.12,13.13,16.56,20.69,1
2011-10-01,5.03,4.75,5.48,7.65,9.11,11.11,13.12,16.53,20.66,1
2011-10-02,5.03,4.75,5.48,7.64,9.10,11.10,13.10,16.50,20.62,1
2011-10-03,5.02,4.74,5.47,7.64,9.10,11.09,13.09,16.47,20.58,1
2011-10-04,4.96,4.74,5.47,7.62,9.08,11.07,13.07,16.43,20.53,1
2011-10-05,4.87,4.73,5.46,7.61,9.07,11.05,13.05,16.39,20.49,1
2011-10-06,4.73,4.72,5.45,7.60,9.06,11.04,13.03,16.35,20.44,1
2011-10-07,4.27,4.72,5.44,7.59,9.04,11.02,13.02,16.32,20.39,0
2011-10-08,4.01,4.71,5.43,7.58,9.03,11.00,13.00,16.27,20.34,0
2011-10-09,4.10,4.70,5.42,7.57,9.01,10.98,12.98,16.23,20.28,0
2011-10-10,4.10,4.69,5.41,7.55,9.00,10.96,12.97,16.18,20.22,0
2011-10-11,3.93,4.68,5.40,7.54,8.98,10.94,12.97,16.14,20.17,0
2011-10-12,4.15,4.68,5.40,7.53,8.96,10.93,12.97,16.10,20.12,0
2011-10-13,4.05,4.67,5.39,7.51,8.95,10.91,12.97,16.06,20.07,0
2011-10-14,3.99,4.66,5.37,7.49,8.93,10.88,12.97,16.00,19.99,0
2011-10-15,3.84,4.64,5.36,7.48,8.90,10.85,12.96,15.94,19.92,0
2011-10-16,3.56,4.63,5.34,7.45,8.88,10.82,12.93,15.86,19.83,0
2011-10-17,2.56,4.61,5.32,7.43,8.85,10.78,12.91,15.79,19.74,0
2011-10-18,2.42,4.60,5.31,7.40,8.82,10.75,12.87,15.72,19.65,0
2011-10-19,2.27,4.58,5.29,7.38,8.79,10.71,12.84,15.65,19.56,0
2011-10-20,2.35,4.57,5.27,7.35,8.76,10.68,12.80,15.58,19.48,0
2011-10-21,2.57,4.56,5.26,7.34,8.74,10.65,12.76,15.53,19.41,0
2011-10-22,3.16,4.55,5.25,7.32,8.72,10.63,12.73,15.49,19.36,0
2011-10-23,3.17,4.54,5.24,7.31,8.71,10.61,12.71,15.45,19.31,0
2011-10-24,2.54,4.53,5.23,7.30,8.69,10.60,12.68,15.42,19.27,0
2011-10-25,2.77,4.53,5.22,7.29,8.68,10.58,12.66,15.39,19.23,0
2011-10-26,2.77,4.52,5.22,7.28,8.67,10.57,12.64,15.36,19.20,0
2011-10-27,3.04,4.52,5.21,7.27,8.66,10.56,12.62,15.34,19.17,0
2011-10-28,3.19,4.51,5.21,7.26,8.65,10.55,12.60,15.31,19.14,0
2011-10-29,3.58,4.51,5.20,7.26,8.64,10.54,12.58,15.29,19.19,0
2011-10-30,3.27,4.51,5.20,7.25,8.64,10.53,12.57,15.28,19.33,0
2011-10-31,3.25,4.50,5.20,7.25,8.63,10.52,12.55,15.26,19.47,0
2011-11-01,3.15,4.50,5.19,7.24,8.62,10.51,12.53,15.24,19.60,0
2011-11-02,3.25,4.49,5.18,7.23,8.61,10.50,12.49,15.21,19.73,0
2011-11-03,3.15,4.49,5.18,7.22,8.60,10.49,12.46,15.27,19.86,0
2011-11-04,3.11,4.48,5.17,7.21,8.59,10.47,12.42,15.33,19.99,0
2011-11-05,2.97,4.48,5.16,7.20,8.58,10.46,12.39,15.39,20.05,0
2011-11-06,2.96,4.45,5.14,7.16,8.53,10.44,12.31,15.38,19.93,0
2011-11-07,3.01,4.43,5.11,7.13,8.49,10.39,12.23,15.38,19.83,0
2011-11-08,3.04,4.40,5.08,7.09,8.44,10.34,12.15,15.38,19.72,0
2011-11-09,2.95,4.38,5.06,7.05,8.40,10.29,12.09,15.39,19.62,0
2011-11-10,2.84,4.36,5.03,7.01,8.36,10.23,12.03,15.31,19.52,0
2011-11-11,3.08,4.33,5.00,6.98,8.31,10.17,11.96,15.22,19.41,0
2011-11-12,3.03,4.31,4.97,6.94,8.26,10.12,11.89,15.13,19.30,0
2011-11-13,3.00,4.26,4.92,6.85,8.17,9.98,11.77,14.99,19.11,0
2011-11-14,2.22,4.21,4.87,6.76,8.08,9.87,11.65,14.83,18.91,0
2011-11-15,2.33,4.15,4.81,6.65,7.98,9.75,11.51,14.65,18.68,0
2011-11-16,2.56,4.09,4.75,6.55,7.88,9.63,11.37,14.47,18.45,0
2011-11-17,2.25,4.04,4.70,6.44,7.78,9.51,11.23,14.29,18.23,0
2011-11-18,2.05,3.98,4.64,6.33,7.69,9.40,11.10,14.12,18.01,0
2011-11-19,2.20,3.92,4.58,6.22,7.60,9.28,10.96,13.95,17.79,0
2011-11-20,2.20,3.91,4.57,6.19,7.58,9.26,10.93,13.91,17.74,0
2011-11-21,2.29,3.90,4.56,6.17,7.57,9.24,10.91,13.88,17.71,0
2011-11-22,2.33,3.90,4.56,6.17,7.57,9.24,10.91,13.88,17.70,0
2011-11-23,2.33,3.89,4.56,6.17,7.57,9.22,10.89,13.86,17.68,0
2011-11-24,2.43,3.89,4.55,6.17,7.56,9.22,10.88,13.85,17.66,0
2011-11-25,2.51,3.88,4.54,6.16,7.54,9.19,10.85,13.81,17.62,0
2011-11-26,2.47,3.87,4.53,6.15,7.53,9.17,10.83,13.79,17.58,0
2011-11-27,2.48,3.86,4.52,6.15,7.52,9.16,10.82,13.77,17.56,0
2011-11-28,2.55,3.85,4.51,6.15,7.51,9.15,10.80,13.75,17.54,0
2011-11-29,2.75,3.84,4.50,6.15,7.50,9.14,10.79,13.73,17.51,0
2011-11-30,2.97,3.83,4.49,6.14,7.49,9.13,10.78,13.71,17.49,0
2011-12-01,3.06,3.82,4.48,6.13,7.48,9.11,10.76,13.70,17.47,0
2011-12-02,3.12,3.82,4.48,6.13,7.48,9.12,10.76,13.70,17.47,0
2011-12-03,2.79,3.82,4.48,6.13,7.48,9.11,10.76,13.70,17.47,0
2011-12-04,2.83,3.82,4.48,6.13,7.47,9.10,10.75,13.68,17.44,0
2011-12-05,2.88,3.82,4.48,6.11,7.46,9.09,10.73,13.66,17.42,0
2011-12-06,3.03,3.81,4.48,6.10,7.44,9.07,10.71,13.63,17.39,0
2011-12-07,2.99,3.81,4.48,6.10,7.44,9.06,10.70,13.62,17.37,0
2011-12-08,2.98,3.81,4.48,6.09,7.43,9.06,10.70,13.61,17.36,0
2011-12-09,2.97,3.81,4.48,6.09,7.43,9.05,10.69,13.61,17.35,0
2011-12-10,3.05,3.81,4.47,6.09,7.42,9.05,10.68,13.60,17.34,0
2011-12-11,3.25,3.81,4.47,6.09,7.42,9.05,10.68,13.59,17.33,0
2011-12-12,3.13,3.81,4.47,6.09,7.42,9.04,10.68,13.59,17.33,0
2011-12-13,3.25,3.82,4.47,6.09,7.42,9.04,10.68,13.59,17.33,0
2011-12-14,3.15,3.82,4.47,6.09,7.42,9.04,10.68,13.59,17.33,0
2011-12-15,3.20,3.82,4.47,6.09,7.42,9.04,10.67,13.58,17.32,0
2011-12-16,3.20,3.82,4.47,6.09,7.41,9.04,10.67,13.58,17.32,0
2011-12-17,3.20,3.82,4.47,6.10,7.42,9.04,10.67,13.59,17.32,0
2011-12-18,3.19,3.82,4.48,6.10,7.42,9.05,10.68,13.60,17.34,0
2011-12-19,3.52,3.83,4.48,6.11,7.43,9.05,10.69,13.61,17.35,0
2011-12-20,3.95,3.83,4.48,6.12,7.44,9.06,10.70,13.62,17.37,1
2011-12-21,3.89,3.84,4.48,6.13,7.44,9.07,10.71,13.63,17.39,1
2011-12-22,3.89,3.85,4.49,6.14,7.45,9.08,10.72,13.65,17.40,1
2011-12-23,3.95,3.85,4.49,6.15,7.46,9.09,10.73,13.66,17.42,1
2011-12-24,3.94,3.85,4.49,6.15,7.46,9.09,10.74,13.67,17.43,1
2011-12-25,4.22,3.86,4.49,6.16,7.46,9.10,10.74,13.67,17.43,1
2011-12-26,4.02,3.86,4.49,6.16,7.47,9.10,10.75,13.68,17.44,1
2011-12-27,4.07,3.86,4.49,6.17,7.47,9.10,10.75,13.68,17.44,1
2011-12-28,4.19,3.87,4.50,6.18,7.47,9.11,10.75,13.69,17.45,1
2011-12-29,4.17,3.87,4.50,6.19,7.48,9.12,10.77,13.70,17.47,1
2011-12-30,4.25,3.88,4.51,6.19,7.49,9.12,10.77,13.71,17.49,1
2011-12-31,4.72,3.88,4.51,6.20,7.49,9.13,10.78,13.72,17.50,2
2012-01-01,5.27,3.89,4.52,6.21,7.50,9.14,10.80,13.74,17.52,2
2012-01-02,5.22,3.90,4.53,6.23,7.53,9.17,10.83,13.79,17.58,2
2012-01-03,4.88,3.91,4.55,6.24,7.56,9.21,10.87,13.84,17.65,2
2012-01-04,5.57,3.92,4.57,6.25,7.59,9.25,10.92,13.89,17.72,2
2012-01-05,6.95,3.93,4.58,6.26,7.62,9.28,10.96,13.95,17.79,3
2012-01-06,6.70,3.95,4.61,6.28,7.65,9.33,11.02,14.02,17.88,3
2012-01-07,6.81,3.96,4.63,6.30,7.69,9.37,11.07,14.08,17.96,3
2012-01-08,7.11,3.98,4.65,6.31,7.72,9.42,11.12,14.15,18.04,3
2012-01-09,6.33,4.00,4.66,6.33,7.75,9.45,11.15,14.20,18.10,2
2012-01-10,6.36,4.01,4.68,6.35,7.77,9.48,11.19,14.24,18.15,3
2012-01-11,6.90,4.02,4.69,6.37,7.79,9.51,11.22,14.27,18.20,3
2012-01-12,6.80,4.03,4.70,6.39,7.81,9.53,11.24,14.31,18.25,3
2012-01-13,6.41,4.04,4.71,6.40,7.83,9.55,11.26,14.34,18.28,3
2012-01-14,6.75,4.05,4.72,6.42,7.84,9.57,11.29,14.36,18.32,3
2012-01-15,7.00,4.05,4.73,6.42,7.85,9.58,11.30,14.38,18.34,3
2012-01-16,6.68,4.06,4.73,6.43,7.86,9.59,11.31,14.40,18.36,3
2012-01-17,5.60,4.06,4.73,6.43,7.87,9.60,11.32,14.41,18.38,2
2012-01-18,5.92,4.06,4.74,6.43,7.87,9.60,11.33,14.42,18.39,2
2012-01-19,6.36,4.06,4.74,6.43,7.88,9.60,11.34,14.43,18.40,2
2012-01-20,6.49,4.06,4.74,6.43,7.88,9.61,11.34,14.44,18.41,3
2012-01-21,6.18,4.06,4.75,6.44,7.89,9.61,11.35,14.45,18.42,2
2012-01-22,6.31,4.06,4.75,6.44,7.89,9.62,11.36,14.46,18.44,2
2012-01-23,6.36,4.06,4.75,6.43,7.89,9.62,11.36,14.46,18.43,2
2012-01-24,6.29,4.05,4.75,6.42,7.89,9.61,11.35,14.45,18.42,2
2012-01-25,5.75,4.05,4.74,6.41,7.88,9.61,11.35,14.44,18.41,2
2012-01-26,5.34,4.04,4.74,6.40,7.88,9.60,11.34,14.43,18.40,2
2012-01-27,5.29,4.03,4.74,6.39,7.87,9.59,11.33,14.41,18.38,2
2012-01-28,5.63,4.02,4.73,6.38,7.86,9.58,11.31,14.40,18.36,2
2012-01-29,5.38,4.02,4.73,6.36,7.85,9.57,11.30,14.39,18.34,2
2012-01-30,5.49,4.01,4.73,6.36,7.85,9.57,11.30,14.38,18.34,2
2012-01-31,5.48,4.01,4.73,6.36,7.85,9.57,11.30,14.38,18.34,2
2012-02-01,6.08,4.01,4.73,6.35,7.85,9.57,11.30,14.39,18.34,2
2012-02-02,6.10,4.01,4.73,6.35,7.86,9.57,11.31,14.39,18.35,2
2012-02-03,5.96,4.01,4.73,6.35,7.86,9.57,11.31,14.39,18.35,2
2012-02-04,5.87,4.01,4.74,6.35,7.86,9.58,11.31,14.39,18.35,2
2012-02-05,5.69,4.00,4.74,6.34,7.86,9.57,11.31,14.39,18.35,2
2012-02-06,5.45,4.00,4.74,6.33,7.85,9.57,11.30,14.39,18.34,2
2012-02-07,5.69,3.99,4.75,6.33,7.85,9.57,11.30,14.38,18.34,2
2012-02-08,5.60,3.99,4.75,6.32,7.85,9.57,11.30,14.38,18.34,2
2012-02-09,5.83,3.99,4.75,6.32,7.85,9.57,11.30,14.38,18.34,2
2012-02-10,5.91,3.98,4.75,6.31,7.84,9.56,11.29,14.36,18.32,2
2012-02-11,5.60,3.97,4.74,6.30,7.82,9.54,11.26,14.33,18.28,2
2012-02-12,5.51,3.95,4.73,6.29,7.80,9.51,11.23,14.29,18.22,2
2012-02-13,5.26,3.94,4.71,6.28,7.78,9.48,11.19,14.24,18.16,2
2012-02-14,4.46,3.92,4.70,6.27,7.75,9.45,11.15,14.20,18.10,1
2012-02-15,4.33,3.91,4.68,6.26,7.72,9.41,11.11,14.14,18.03,1
2012-02-16,4.27,3.89,4.66,6.24,7.68,9.37,11.06,14.07,17.95,1
2012-02-17,4.41,3.88,4.65,6.24,7.66,9.34,11.02,14.03,17.89,1
2012-02-18,4.22,3.88,4.65,6.24,7.64,9.32,11.00,14.00,17.85,1
2012-02-19,4.39,3.88,4.64,6.23,7.63,9.30,10.98,13.98,17.82,1
2012-02-20,4.36,3.87,4.63,6.22,7.62,9.29,10.97,13.96,17.80,1
2012-02-21,4.27,3.87,4.63,6.22,7.62,9.28,10.96,13.95,17.79,1
2012-02-22,4.42,3.86,4.62,6.21,7.61,9.28,10.96,13.95,17.79,1
2012-02-23,5.01,3.86,4.62,6.21,7.61,9.28,10.96,13.95,17.78,2
2012-02-24,5.03,3.85,4.62,6.21,7.61,9.28,10.96,13.95,17.79,2
2012-02-25,4.77,3.85,4.62,6.21,7.62,9.28,10.96,13.95,17.79,2
2012-02-26,4.92,3.85,4.61,6.21,7.61,9.28,10.96,13.94,17.78,2
2012-02-27,4.96,3.84,4.60,6.22,7.61,9.27,10.95,13.94,17.77,2
2012-02-28,4.87,3.84,4.60,6.22,7.60,9.26,10.94,13.92,17.75,2
2012-02-29,4.99,3.84,4.59,6.23,7.59,9.25,10.93,13.91,17.73,2
2012-03-01,5.00,3.84,4.58,6.23,7.58,9.24,10.91,13.89,17.71,2
2012-03-02,4.79,3.84,4.57,6.23,7.58,9.23,10.90,13.88,17.70,2
2012-03-03,4.65,3.83,4.57,6.24,7.57,9.22,10.89,13.86,17.68,2
2012-03-04,4.81,3.83,4.56,6.24,7.57,9.22,10.89,13.86,17.67,2
2012-03-05,5.06,3.83,4.56,6.25,7.57,9.22,10.89,13.86,17.67,2
2012-03-06,4.98,3.82,4.56,6.25,7.57,9.22,10.89,13.86,17.67,2
2012-03-07,4.93,3.82,4.56,6.26,7.57,9.22,10.89,13.86,17.67,2
2012-03-08,5.01,3.82,4.56,6.26,7.57,9.22,10.89,13.86,17.67,2
2012-03-09,4.93,3.81,4.55,6.27,7.57,9.22,10.89,13.86,17.67,2
2012-03-10,4.94,3.81,4.55,6.27,7.57,9.22,10.89,13.86,17.67,2
2012-03-11,5.00,3.81,4.55,6.27,7.57,9.22,10.89,13.86,17.67,2
2012-03-12,4.99,3.80,4.56,6.28,7.57,9.23,10.89,13.86,17.68,2
2012-03-13,5.30,3.80,4.56,6.28,7.57,9.23,10.90,13.87,17.69,2
2012-03-14,5.27,3.80,4.56,6.29,7.58,9.23,10.90,13.88,17.70,2
2012-03-15,5.39,3.80,4.56,6.29,7.58,9.24,10.91,13.88,17.70,2
2012-03-16,5.26,3.79,4.56,6.30,7.58,9.24,10.91,13.89,17.71,2
2012-03-17,5.42,3.79,4.56,6.30,7.58,9.24,10.91,13.89,17.71,2
2012-03-18,5.25,3.79,4.56,6.31,7.58,9.24,10.91,13.88,17.70,2
2012-03-19,4.83,3.79,4.56,6.31,7.57,9.23,10.90,13.87,17.69,2
2012-03-20,4.79,3.79,4.55,6.32,7.57,9.22,10.89,13.86,17.68,2
2012-03-21,4.96,3.78,4.55,6.32,7.56,9.21,10.88,13.85,17.66,2
2012-03-22,4.91,3.78,4.55,6.32,7.55,9.20,10.87,13.83,17.64,2
2012-03-23,4.78,3.78,4.54,6.31,7.54,9.20,10.86,13.82,17.62,2
2012-03-24,4.83,3.77,4.54,6.31,7.54,9.19,10.85,13.81,17.61,2
2012-03-25,4.54,3.77,4.53,6.31,7.53,9.18,10.84,13.80,17.60,2
2012-03-26,4.73,3.77,4.53,6.31,7.53,9.18,10.84,13.79,17.59,2
2012-03-27,4.84,3.77,4.52,6.29,7.51,9.15,10.81,13.76,17.54,2
2012-03-28,4.93,3.77,4.51,6.27,7.49,9.13,10.78,13.72,17.50,2
2012-03-29,4.84,3.77,4.50,6.25,7.48,9.11,10.76,13.69,17.46,2
2012-03-30,4.88,3.77,4.49,6.23,7.46,9.09,10.74,13.66,17.42,2
2012-03-31,4.90,3.77,4.48,6.21,7.44,9.07,10.71,13.63,17.38,2
2012-04-01,4.89,3.77,4.47,6.19,7.42,9.05,10.68,13.59,17.33,2
2012-04-02,5.04,3.77,4.46,6.17,7.40,9.02,10.65,13.56,17.29,2
2012-04-03,4.99,3.77,4.45,6.17,7.40,9.02,10.65,13.56,17.29,2
2012-04-04,5.01,3.76,4.45,6.17,7.40,9.02,10.65,13.55,17.28,2
2012-04-05,5.00,3.76,4.45,6.16,7.40,9.01,10.64,13.55,17.28,2
2012-04-06,4.99,3.76,4.45,6.16,7.39,9.01,10.64,13.54,17.27,2
2012-04-07,4.70,3.76,4.45,6.16,7.39,9.01,10.64,13.54,17.27,2
2012-04-08,4.76,3.76,4.45,6.16,7.39,9.01,10.64,13.54,17.27,2
2012-04-09,4.75,3.76,4.45,6.17,7.39,9.01,10.64,13.54,17.27,2
2012-04-10,4.80,3.76,4.45,6.17,7.40,9.01,10.64,13.55,17.27,2
2012-04-11,4.92,3.76,4.45,6.17,7.40,9.02,10.65,13.55,17.28,2
2012-04-12,4.93,3.75,4.45,6.17,7.40,9.02,10.65,13.55,17.28,2
2012-04-13,4.93,3.75,4.46,6.18,7.40,9.02,10.65,13.56,17.29,2
2012-04-14,4.96,3.75,4.46,6.18,7.41,9.03,10.66,13.57,17.30,2
2012-04-15,4.99,3.75,4.46,6.18,7.41,9.03,10.66,13.57,17.31,2
2012-04-16,4.98,3.75,4.46,6.19,7.41,9.04,10.67,13.58,17.32,2
2012-04-17,4.98,3.75,4.47,6.20,7.42,9.04,10.68,13.59,17.33,2
2012-04-18,5.16,3.75,4.47,6.20,7.43,9.05,10.69,13.60,17.34,2
2012-04-19,5.13,3.74,4.47,6.21,7.43,9.06,10.69,13.61,17.36,2
2012-04-20,5.38,3.74,4.47,6.22,7.43,9.06,10.70,13.62,17.36,2
2012-04-21,5.24,3.74,4.48,6.22,7.44,9.06,10.70,13.62,17.37,2
2012-04-22,5.17,3.74,4.48,6.23,7.44,9.07,10.71,13.64,17.39,2
2012-04-23,5.00,3.74,4.48,6.23,7.45,9.08,10.72,13.64,17.40,2
2012-04-24,5.08,3.75,4.49,6.23,7.45,9.08,10.72,13.65,17.41,2
2012-04-25,5.14,3.75,4.49,6.23,7.45,9.09,10.73,13.65,17.41,2
2012-04-26,4.98,3.75,4.49,6.23,7.45,9.09,10.73,13.65,17.41,2
2012-04-27,5.04,3.75,4.49,6.23,7.45,9.09,10.73,13.65,17.41,2
2012-04-28,4.91,3.75,4.49,6.23,7.45,9.09,10.73,13.65,17.41,2
2012-04-29,4.91,3.75,4.48,6.23,7.45,9.08,10.72,13.65,17.40,2
2012-04-30,5.00,3.75,4.48,6.23,7.45,9.08,10.72,13.64,17.39,2
2012-05-01,4.97,3.74,4.48,6.23,7.44,9.07,10.71,13.63,17.39,2
2012-05-02,5.06,3.74,4.48,6.22,7.44,9.07,10.71,13.63,17.38,2
2012-05-03,5.10,3.74,4.48,6.22,7.44,9.06,10.70,13.62,17.37,2
2012-05-04,5.07,3.74,4.47,6.22,7.43,9.06,10.70,13.62,17.37,2
2012-05-05,5.04,3.74,4.47,6.22,7.43,9.06,10.70,13.61,17.36,2
2012-05-06,5.08,3.74,4.47,6.22,7.43,9.06,10.69,13.61,17.36,2
2012-05-07,5.05,3.74,4.47,6.21,7.43,9.05,10.69,13.60,17.35,2
2012-05-08,5.02,3.74,4.47,6.21,7.42,9.05,10.68,13.60,17.34,2
2012-05-09,5.02,3.74,4.47,6.21,7.42,9.05,10.68,13.60,17.34,2
2012-05-10,4.87,3.74,4.47,6.21,7.42,9.05,10.68,13.60,17.34,2
2012-05-11,4.95,3.74,4.47,6.21,7.42,9.05,10.68,13.60,17.34,2
2012-05-12,4.91,3.74,4.47,6.21,7.42,9.05,10.68,13.60,17.34,2
2012-05-13,4.94,3.74,4.47,6.21,7.42,9.05,10.68,13.59,17.34,2
2012-05-14,4.93,3.74,4.47,6.20,7.42,9.04,10.68,13.59,17.33,2
2012-05-15,4.95,3.74,4.46,6.20,7.42,9.04,10.67,13.58,17.32,2
2012-05-16,5.04,3.74,4.46,6.19,7.41,9.03,10.66,13.57,17.31,2
2012-05-17,5.02,3.74,4.45,6.18,7.40,9.02,10.65,13.56,17.29,2
2012-05-18,5.07,3.74,4.44,6.17,7.39,9.01,10.63,13.53,17.26,2
2012-05-19,5.07,3.74,4.43,6.15,7.38,8.99,10.62,13.51,17.23,2
2012-05-20,5.03,3.74,4.42,6.14,7.37,8.98,10.60,13.49,17.21,2
2012-05-21,5.08,3.74,4.41,6.13,7.35,8.96,10.58,13.47,17.18,2
2012-05-22,5.03,3.74,4.41,6.12,7.34,8.95,10.57,13.45,17.16,2
2012-05-23,5.10,3.74,4.39,6.11,7.33,8.94,10.55,13.43,17.12,2
2012-05-24,5.12,3.74,4.39,6.10,7.32,8.93,10.54,13.41,17.10,2
2012-05-25,5.08,3.74,4.38,6.09,7.32,8.92,10.53,13.40,17.09,2
2012-05-26,5.07,3.74,4.38,6.09,7.31,8.91,10.52,13.39,17.08,2
2012-05-27,5.07,3.73,4.38,6.08,7.31,8.91,10.51,13.38,17.07,2
2012-05-28,5.07,3.74,4.37,6.07,7.30,8.90,10.50,13.37,17.05,2
2012-05-29,5.11,3.74,4.36,6.07,7.29,8.89,10.49,13.36,17.03,2
2012-05-30,5.14,3.74,4.36,6.06,7.29,8.88,10.49,13.35,17.02,2
2012-05-31,5.17,3.74,4.36,6.06,7.28,8.88,10.48,13.34,17.01,2
2012-06-01,5.22,3.74,4.36,6.05,7.28,8.87,10.48,13.34,17.01,2
2012-06-02,5.19,3.74,4.35,6.05,7.28,8.87,10.48,13.33,17.00,2
2012-06-03,5.19,3.74,4.35,6.05,7.28,8.87,10.47,13.33,17.00,2
2012-06-04,5.22,3.74,4.36,6.06,7.28,8.88,10.48,13.34,17.01,2
2012-06-05,5.37,3.73,4.36,6.06,7.29,8.88,10.49,13.35,17.02,2
2012-06-06,5.41,3.73,4.37,6.07,7.29,8.89,10.50,13.36,17.04,2
2012-06-07,5.53,3.73,4.37,6.08,7.30,8.90,10.50,13.37,17.05,2
2012-06-08,5.61,3.73,4.38,6.08,7.31,8.90,10.51,13.38,17.06,2
2012-06-09,5.48,3.72,4.38,6.09,7.31,8.91,10.52,13.39,17.08,2
2012-06-10,5.42,3.72,4.39,6.10,7.32,8.92,10.54,13.41,17.10,2
2012-06-11,5.52,3.72,4.40,6.11,7.33,8.93,10.55,13.42,17.12,2
2012-06-12,5.71,3.72,4.41,6.13,7.34,8.95,10.56,13.44,17.14,2
2012-06-13,5.86,3.71,4.42,6.14,7.35,8.96,10.58,13.47,17.18,2
2012-06-14,5.90,3.71,4.43,6.16,7.37,8.98,10.60,13.50,17.21,2
2012-06-15,6.42,3.71,4.43,6.17,7.38,9.00,10.62,13.52,17.24,3
2012-06-16,6.41,3.71,4.44,6.19,7.40,9.01,10.64,13.55,17.27,3
2012-06-17,6.19,3.71,4.44,6.20,7.41,9.03,10.66,13.57,17.30,2
2012-06-18,6.06,3.71,4.45,6.22,7.42,9.05,10.68,13.59,17.33,2
2012-06-19,6.46,3.71,4.45,6.23,7.43,9.06,10.70,13.61,17.36,3
2012-06-20,6.64,3.71,4.45,6.24,7.44,9.07,10.71,13.63,17.38,3
2012-06-21,6.64,3.71,4.45,6.25,7.45,9.08,10.72,13.64,17.40,3
2012-06-22,6.59,3.71,4.45,6.26,7.46,9.09,10.73,13.66,17.42,3
2012-06-23,6.45,3.71,4.45,6.26,7.46,9.10,10.74,13.67,17.44,3
2012-06-24,6.40,3.71,4.45,6.27,7.47,9.11,10.76,13.69,17.46,3
2012-06-25,6.26,3.71,4.45,6.28,7.48,9.12,10.77,13.70,17.47,2
2012-06-26,6.41,3.72,4.45,6.28,7.49,9.12,10.77,13.71,17.49,3
2012-06-27,6.49,3.72,4.45,6.29,7.49,9.13,10.78,13.72,17.50,3
2012-06-28,6.50,3.73,4.45,6.29,7.50,9.14,10.79,13.73,17.51,3
2012-06-29,6.52,3.73,4.44,6.30,7.51,9.15,10.80,13.75,17.53,3
2012-06-30,6.61,3.74,4.44,6.31,7.51,9.16,10.81,13.76,17.55,3
2012-07-01,6.52,3.75,4.44,6.31,7.52,9.16,10.82,13.77,17.56,3
2012-07-02,6.61,3.75,4.44,6.32,7.52,9.17,10.83,13.78,17.57,3
2012-07-03,6.44,3.76,4.44,6.32,7.53,9.18,10.84,13.79,17.59,3
2012-07-04,6.44,3.77,4.45,6.32,7.53,9.18,10.84,13.80,17.60,3
2012-07-05,6.60,3.78,4.45,6.33,7.54,9.19,10.85,13.81,17.61,3
2012-07-06,6.59,3.79,4.46,6.33,7.55,9.20,10.86,13.82,17.63,3
2012-07-07,6.79,3.80,4.48,6.33,7.54,9.19,10.85,13.82,17.62,3
2012-07-08,6.73,3.82,4.49,6.33,7.54,9.19,10.85,13.81,17.61,3
2012-07-09,6.94,3.84,4.50,6.33,7.54,9.19,10.85,13.81,17.61,3
2012-07-10,7.08,3.86,4.52,6.33,7.54,9.20,10.86,13.82,17.62,3
2012-07-11,7.14,3.88,4.52,6.33,7.54,9.19,10.85,13.81,17.62,3
2012-07-12,7.59,3.89,4.53,6.32,7.54,9.19,10.85,13.81,17.61,4
2012-07-13,7.59,3.90,4.53,6.30,7.54,9.18,10.83,13.75,17.51,4
2012-07-14,7.55,3.90,4.55,6.30,7.57,9.19,10.84,13.73,17.47,3
2012-07-15,7.57,3.91,4.56,6.29,7.59,9.22,10.87,13.72,17.44,3
2012-07-16,8.30,3.91,4.57,6.28,7.62,9.24,10.89,13.71,17.41,4
2012-07-17,8.55,3.91,4.58,6.27,7.64,9.26,10.91,13.69,17.38,4
2012-07-18,9.00,3.90,4.59,6.27,7.67,9.30,10.95,13.70,17.38,4
2012-07-19,8.76,3.90,4.61,6.26,7.70,9.34,10.99,13.71,17.37,4
2012-07-20,8.44,3.91,4.62,6.27,7.73,9.38,11.04,13.78,17.45,4
2012-07-21,8.74,3.92,4.63,6.27,7.74,9.41,11.08,13.82,17.51,4
2012-07-22,8.42,3.92,4.64,6.27,7.75,9.44,11.11,13.86,17.56,4
2012-07-23,8.59,3.93,4.64,6.27,7.76,9.46,11.14,13.90,17.61,4
2012-07-24,8.61,3.93,4.65,6.27,7.77,9.49,11.17,13.94,17.66,4
2012-07-25,8.64,3.93,4.65,6.27,7.78,9.52,11.20,13.98,17.70,4
2012-07-26,8.75,3.94,4.66,6.27,7.79,9.55,11.23,14.02,17.76,4
2012-07-27,8.83,3.94,4.67,6.27,7.80,9.57,11.26,14.06,17.81,4
2012-07-28,8.88,3.94,4.68,6.27,7.82,9.61,11.30,14.11,17.87,4
2012-07-29,8.71,3.95,4.69,6.28,7.83,9.64,11.35,14.16,17.94,4
2012-07-30,9.00,3.96,4.71,6.30,7.85,9.69,11.40,14.23,18.03,4
2012-07-31,9.28,3.97,4.74,6.32,7.87,9.75,11.47,14.31,18.13,4
2012-08-01,9.45,3.98,4.77,6.35,7.90,9.80,11.53,14.40,18.24,4
2012-08-02,10.44,4.00,4.80,6.39,7.92,9.87,11.61,14.49,18.35,5
2012-08-03,10.79,4.01,4.83,6.43,7.95,9.93,11.68,14.58,18.47,5
2012-08-04,10.51,4.03,4.87,6.46,7.98,9.99,11.75,14.67,18.58,5
2012-08-05,10.71,4.05,4.90,6.50,8.01,10.05,11.83,14.76,18.70,5
2012-08-06,10.84,4.07,4.93,6.53,8.04,10.11,11.89,14.84,18.80,5
2012-08-07,10.75,4.09,4.95,6.56,8.06,10.15,11.95,14.91,18.89,5
2012-08-08,10.99,4.10,4.97,6.60,8.09,10.20,12.00,14.98,18.98,5
2012-08-09,11.00,4.12,4.99,6.63,8.12,10.25,12.05,15.04,19.06,5
2012-08-10,11.32,4.13,5.02,6.66,8.16,10.29,12.11,15.11,19.14,5
2012-08-11,11.38,4.15,5.04,6.71,8.20,10.33,12.17,15.19,19.24,5
2012-08-12,11.49,4.17,5.07,6.76,8.24,10.37,12.24,15.27,19.35,5
2012-08-13,11.89,4.19,5.10,6.82,8.30,10.42,12.32,15.37,19.47,5
2012-08-14,12.25,4.21,5.14,6.88,8.35,10.47,12.40,15.48,19.60,5
2012-08-15,13.01,4.24,5.18,6.94,8.40,10.52,12.48,15.58,19.73,6
2012-08-16,13.42,4.25,5.20,6.98,8.43,10.57,12.53,15.64,19.81,6
2012-08-17,12.50,4.27,5.23,7.03,8.47,10.62,12.59,15.72,19.91,5
2012-08-18,11.54,4.29,5.26,7.07,8.50,10.67,12.65,15.79,20.00,5
2012-08-19,8.06,4.30,5.28,7.10,8.52,10.71,12.69,15.84,20.07,3
2012-08-20,10.05,4.31,5.29,7.12,8.52,10.75,12.72,15.87,20.11,4
2012-08-21,10.18,4.32,5.30,7.13,8.53,10.77,12.74,15.89,20.13,4
2012-08-22,9.96,4.33,5.31,7.14,8.53,10.79,12.76,15.92,20.17,4
2012-08-23,10.02,4.34,5.33,7.17,8.55,10.82,12.81,15.98,20.24,4
2012-08-24,10.37,4.35,5.35,7.20,8.56,10.85,12.85,16.03,20.31,4
2012-08-25,10.57,4.37,5.37,7.22,8.58,10.88,12.90,16.09,20.39,4
2012-08-26,10.31,4.38,5.39,7.25,8.60,10.91,12.94,16.15,20.46,4
2012-08-27,10.78,4.40,5.41,7.28,8.61,10.93,12.99,16.21,20.53,4
2012-08-28,11.00,4.41,5.43,7.31,8.64,10.97,13.04,16.28,20.62,5
2012-08-29,10.78,4.43,5.45,7.34,8.66,11.01,13.09,16.33,20.69,4
2012-08-30,10.65,4.44,5.47,7.36,8.68,11.05,13.13,16.39,20.76,4
2012-08-31,10.16,4.45,5.49,7.38,8.70,11.07,13.17,16.43,20.81,4
2012-09-01,9.91,4.46,5.50,7.40,8.72,11.09,13.19,16.46,20.85,4
2012-09-02,10.18,4.47,5.51,7.41,8.74,11.11,13.22,16.51,20.91,4
2012-09-03,10.55,4.48,5.53,7.43,8.77,11.13,13.26,16.55,20.97,4
2012-09-04,10.36,4.49,5.54,7.45,8.79,11.14,13.28,16.58,21.01,4
2012-09-05,10.99,4.50,5.55,7.46,8.82,11.15,13.31,16.63,21.06,4
2012-09-06,11.02,4.51,5.56,7.48,8.85,11.17,13.34,16.67,21.12,4
2012-09-07,11.03,4.53,5.59,7.51,8.90,11.20,13.38,16.74,21.21,4
2012-09-08,10.97,4.54,5.61,7.54,8.95,11.24,13.43,16.82,21.30,4
2012-09-09,10.98,4.56,5.64,7.56,9.00,11.27,13.47,16.88,21.39,4
2012-09-10,10.95,4.57,5.66,7.59,9.05,11.30,13.51,16.95,21.47,4
2012-09-11,11.04,4.59,5.69,7.61,9.10,11.33,13.55,17.02,21.56,4
2012-09-12,11.14,4.61,5.71,7.64,9.15,11.37,13.59,17.10,21.66,4
2012-09-13,11.30,4.62,5.74,7.67,9.21,11.40,13.63,17.17,21.75,4
2012-09-14,11.50,4.64,5.76,7.69,9.24,11.42,13.65,17.22,21.81,5
2012-09-15,11.63,4.65,5.77,7.71,9.28,11.45,13.68,17.27,21.88,5
2012-09-16,11.75,4.66,5.79,7.74,9.32,11.48,13.72,17.33,21.96,5
2012-09-17,11.85,4.68,5.82,7.76,9.37,11.53,13.76,17.41,22.05,5
2012-09-18,11.91,4.70,5.85,7.79,9.43,11.58,13.81,17.48,22.14,5
2012-09-19,12.32,4.71,5.87,7.82,9.47,11.63,13.85,17.55,22.23,5
2012-09-20,12.28,4.73,5.89,7.85,9.52,11.67,13.89,17.61,22.31,5
2012-09-21,12.19,4.74,5.91,7.87,9.56,11.71,13.94,17.67,22.38,5
2012-09-22,11.97,4.76,5.93,7.89,9.60,11.75,13.97,17.73,22.46,5
2012-09-23,11.99,4.77,5.95,7.91,9.63,11.78,14.00,17.78,22.52,5
2012-09-24,11.90,4.78,5.96,7.93,9.66,11.81,14.03,17.82,22.57,5
2012-09-25,11.75,4.79,5.98,7.95,9.69,11.84,14.06,17.87,22.63,4
2012-09-26,12.20,4.81,5.99,7.97,9.72,11.87,14.10,17.91,22.69,5
2012-09-27,12.22,4.82,6.01,7.99,9.75,11.91,14.13,17.96,22.76,5
2012-09-28,12.28,4.83,6.03,8.01,9.78,11.94,14.16,18.01,22.82,5
2012-09-29,12.28,4.84,6.05,8.04,9.82,11.98,14.19,18.07,22.89,5
2012-09-30,12.22,4.86,6.07,8.06,9.86,12.02,14.23,18.14,22.97,5
2012-10-01,12.14,4.87,6.09,8.09,9.89,12.06,14.26,18.19,23.05,5
2012-10-02,12.64,4.89,6.10,8.11,9.92,12.09,14.29,18.24,23.11,5
2012-10-03,12.90,4.90,6.12,8.13,9.94,12.11,14.31,18.29,23.16,5
2012-10-04,12.57,4.91,6.13,8.14,9.96,12.13,14.33,18.32,23.21,5
2012-10-05,12.50,4.92,6.14,8.16,9.98,12.15,14.36,18.36,23.26,5
2012-10-06,12.39,4.93,6.15,8.17,9.99,12.16,14.38,18.39,23.29,5
2012-10-07,11.71,4.93,6.15,8.18,10.00,12.17,14.40,18.41,23.32,4
2012-10-08,11.62,4.94,6.15,8.19,10.01,12.17,14.41,18.42,23.34,4
2012-10-09,11.99,4.94,6.16,8.20,10.01,12.17,14.43,18.44,23.36,4
2012-10-10,12.24,4.95,6.16,8.21,10.02,12.17,14.44,18.45,23.38,5
2012-10-11,12.09,4.96,6.17,8.22,10.02,12.17,14.46,18.47,23.40,4
2012-10-12,11.90,4.96,6.17,8.23,10.03,12.18,14.47,18.49,23.42,4
2012-10-13,11.85,4.97,6.17,8.24,10.03,12.18,14.49,18.51,23.45,4
2012-10-14,11.79,4.98,6.18,8.26,10.04,12.18,14.51,18.53,23.47,4
2012-10-15,11.66,4.98,6.18,8.27,10.05,12.19,14.53,18.55,23.49,4
2012-10-16,11.92,4.99,6.19,8.28,10.06,12.20,14.55,18.57,23.52,4
2012-10-17,11.88,5.00,6.19,8.29,10.07,12.20,14.57,18.59,23.55,4
2012-10-18,11.80,5.00,6.20,8.30,10.08,12.21,14.59,18.61,23.58,4
2012-10-19,11.67,5.01,6.21,8.31,10.09,12.22,14.61,18.63,23.61,4
2012-10-20,11.60,5.02,6.21,8.32,10.10,12.22,14.63,18.66,23.63,4
2012-10-21,11.32,5.02,6.22,8.33,10.11,12.23,14.64,18.67,23.65,4
2012-10-22,11.49,5.03,6.22,8.34,10.11,12.22,14.65,18.68,23.66,4
2012-10-23,11.58,5.03,6.21,8.34,10.10,12.22,14.66,18.68,23.66,4
2012-10-24,11.40,5.03,6.21,8.34,10.10,12.22,14.66,18.68,23.66,4
2012-10-25,10.55,5.03,6.21,8.34,10.09,12.21,14.67,18.67,23.65,4
2012-10-26,10.00,5.03,6.20,8.34,10.08,12.21,14.67,18.66,23.64,3
2012-10-27,10.43,5.03,6.20,8.34,10.07,12.20,14.68,18.66,23.63,4
2012-10-28,10.54,5.04,6.19,8.33,10.07,12.20,14.68,18.65,23.63,4
2012-10-29,10.80,5.04,6.19,8.33,10.06,12.20,14.69,18.65,23.63,4
2012-10-30,10.80,5.04,6.19,8.33,10.07,12.20,14.69,18.66,23.64,4
2012-10-31,11.00,5.04,6.19,8.33,10.07,12.20,14.69,18.67,23.65,4
2012-11-01,10.85,5.05,6.19,8.34,10.07,12.20,14.70,18.68,23.67,4
2012-11-02,10.67,5.05,6.19,8.34,10.07,12.21,14.71,18.69,23.68,4
2012-11-03,10.66,5.06,6.20,8.34,10.07,12.21,14.71,18.70,23.69,4
2012-11-04,10.64,5.06,6.20,8.34,10.07,12.21,14.72,18.71,23.70,4
2012-11-05,10.78,5.06,6.20,8.34,10.07,12.21,14.72,18.72,23.71,4
2012-11-06,10.74,5.07,6.20,8.34,10.08,12.21,14.73,18.73,23.73,4
2012-11-07,10.80,5.07,6.20,8.35,10.08,12.22,14.74,18.75,23.75,4
2012-11-08,10.81,5.08,6.20,8.35,10.09,12.22,14.74,18.76,23.77,4
2012-11-09,10.80,5.08,6.21,8.35,10.09,12.22,14.75,18.78,23.79,4
2012-11-10,10.81,5.09,6.21,8.36,10.10,12.22,14.76,18.79,23.81,4
2012-11-11,10.82,5.09,6.22,8.37,10.10,12.23,14.77,18.81,23.83,4
2012-11-12,10.87,5.10,6.22,8.37,10.11,12.23,14.78,18.83,23.85,4
2012-11-13,10.87,5.11,6.23,8.38,10.13,12.24,14.80,18.86,23.89,4
2012-11-14,10.97,5.11,6.24,8.40,10.14,12.25,14.81,18.89,23.93,4
2012-11-15,11.05,5.12,6.25,8.41,10.16,12.25,14.83,18.92,23.97,4
2012-11-16,11.46,5.13,6.26,8.42,10.17,12.26,14.85,18.96,24.01,4
2012-11-17,11.57,5.14,6.27,8.44,10.19,12.27,14.87,18.99,24.06,4
2012-11-18,11.51,5.15,6.28,8.45,10.21,12.28,14.89,19.03,24.10,4
2012-11-19,11.65,5.16,6.29,8.47,10.23,12.29,14.91,19.07,24.15,4
2012-11-20,11.65,5.17,6.30,8.48,10.25,12.30,14.92,19.10,24.20,4
2012-11-21,11.67,5.18,6.31,8.50,10.26,12.31,14.94,19.14,24.24,4
2012-11-22,11.88,5.19,6.33,8.51,10.28,12.32,14.96,19.18,24.30,4
2012-11-23,12.16,5.20,6.34,8.53,10.31,12.34,14.97,19.22,24.35,4
2012-11-24,12.25,5.21,6.35,8.55,10.33,12.36,14.99,19.26,24.40,4
2012-11-25,12.31,5.22,6.37,8.57,10.35,12.37,15.02,19.31,24.46,4
2012-11-26,12.20,5.23,6.38,8.59,10.37,12.39,15.04,19.35,24.51,4
2012-11-27,12.07,5.24,6.39,8.60,10.39,12.40,15.06,19.39,24.56,4
2012-11-28,12.22,5.25,6.40,8.62,10.41,12.41,15.08,19.43,24.61,4
2012-11-29,12.37,5.26,6.41,8.63,10.42,12.42,15.10,19.46,24.65,4
2012-11-30,12.43,5.27,6.42,8.64,10.44,12.44,15.11,19.49,24.69,4
2012-12-01,12.34,5.28,6.43,8.66,10.46,12.45,15.15,19.53,24.74,4
2012-12-02,12.42,5.29,6.45,8.68,10.49,12.48,15.19,19.58,24.80,4
2012-12-03,12.60,5.31,6.47,8.71,10.52,12.51,15.23,19.64,24.87,5
2012-12-04,12.59,5.32,6.49,8.74,10.55,12.54,15.28,19.70,24.95,5
2012-12-05,13.20,5.34,6.51,8.76,10.59,12.57,15.33,19.76,25.03,5
2012-12-06,13.45,5.35,6.54,8.80,10.62,12.61,15.38,19.82,25.11,5
2012-12-07,13.37,5.37,6.56,8.83,10.66,12.64,15.43,19.89,25.19,5
2012-12-08,13.36,5.38,6.58,8.85,10.69,12.67,15.46,19.94,25.26,5
2012-12-09,13.29,5.40,6.59,8.87,10.72,12.70,15.50,19.99,25.32,5
2012-12-10,13.30,5.41,6.61,8.89,10.74,12.74,15.54,20.04,25.39,5
2012-12-11,13.35,5.42,6.62,8.91,10.77,12.77,15.57,20.09,25.44,5
2012-12-12,13.49,5.44,6.64,8.93,10.79,12.80,15.60,20.13,25.50,5
2012-12-13,13.52,5.45,6.65,8.95,10.81,12.84,15.63,20.17,25.55,5
2012-12-14,13.51,5.46,6.66,8.96,10.82,12.87,15.66,20.20,25.59,5
2012-12-15,13.38,5.47,6.67,8.97,10.84,12.90,15.69,20.23,25.63,5
2012-12-16,13.27,5.48,6.67,8.98,10.85,12.94,15.71,20.26,25.67,5
2012-12-17,13.20,5.48,6.68,8.99,10.86,12.97,15.73,20.29,25.70,5
2012-12-18,13.13,5.49,6.68,9.00,10.87,12.99,15.75,20.31,25.73,5
2012-12-19,13.40,5.50,6.69,9.00,10.87,13.02,15.77,20.33,25.76,5
2012-12-20,13.35,5.51,6.69,9.01,10.88,13.04,15.78,20.35,25.78,5
2012-12-21,13.20,5.51,6.70,9.01,10.89,13.07,15.80,20.37,25.81,5
2012-12-22,13.20,5.52,6.70,9.02,10.89,13.09,15.81,20.39,25.83,5
2012-12-23,13.14,5.52,6.70,9.02,10.90,13.12,15.82,20.41,25.85,5
2012-12-24,13.23,5.53,6.70,9.02,10.90,13.14,15.83,20.42,25.86,5
2012-12-25,13.24,5.53,6.70,9.02,10.89,13.16,15.83,20.43,25.88,5
2012-12-26,13.18,5.54,6.70,9.02,10.89,13.18,15.84,20.44,25.89,4
2012-12-27,13.20,5.54,6.70,9.02,10.90,13.21,15.84,20.45,25.91,4
2012-12-28,13.18,5.55,6.71,9.03,10.90,13.23,15.86,20.47,25.93,4
2012-12-29,13.22,5.56,6.71,9.03,10.91,13.26,15.88,20.49,25.96,4
2012-12-30,13.20,5.56,6.71,9.04,10.91,13.28,15.89,20.51,25.98,4
2012-12-31,13.24,5.57,6.72,9.04,10.92,13.30,15.91,20.53,26.00,4
2013-01-01,13.22,5.58,6.72,9.05,10.93,13.32,15.93,20.55,26.03,4
2013-01-02,13.09,5.58,6.73,9.05,10.94,13.34,15.95,20.57,26.05,4
2013-01-03,13.19,5.59,6.73,9.06,10.94,13.36,15.97,20.58,26.08,4
2013-01-04,13.19,5.60,6.73,9.06,10.94,13.38,15.98,20.60,26.09,4
2013-01-05,13.15,5.60,6.74,9.07,10.95,13.41,16.00,20.62,26.12,4
2013-01-06,13.15,5.61,6.74,9.07,10.96,13.43,16.01,20.64,26.15,4
2013-01-07,13.20,5.62,6.75,9.09,10.97,13.46,16.04,20.68,26.19,4
2013-01-08,13.50,5.63,6.76,9.10,10.99,13.49,16.06,20.71,26.24,5
2013-01-09,13.58,5.64,6.77,9.11,11.01,13.52,16.08,20.75,26.29,5
2013-01-10,14.00,5.65,6.78,9.13,11.03,13.55,16.11,20.79,26.33,5
2013-01-11,14.00,5.66,6.80,9.15,11.05,13.58,16.13,20.83,26.39,5
2013-01-12,13.89,5.67,6.81,9.16,11.07,13.62,16.16,20.87,26.44,5
2013-01-13,13.64,5.69,6.82,9.18,11.09,13.65,16.19,20.92,26.50,4
2013-01-14,14.10,5.70,6.84,9.21,11.12,13.69,16.22,20.98,26.58,5
2013-01-15,14.20,5.72,6.86,9.24,11.16,13.74,16.26,21.05,26.66,5
2013-01-16,14.53,5.74,6.89,9.27,11.20,13.79,16.30,21.12,26.75,5
2013-01-17,15.36,5.76,6.91,9.30,11.24,13.85,16.34,21.20,26.85,5
2013-01-18,15.57,5.78,6.95,9.35,11.29,13.92,16.39,21.29,26.97,5
2013-01-19,15.38,5.81,6.99,9.41,11.37,14.00,16.46,21.42,27.13,5
2013-01-20,15.50,5.84,7.04,9.48,11.45,14.09,16.53,21.55,27.30,5
2013-01-21,16.52,5.87,7.09,9.54,11.53,14.17,16.62,21.69,27.47,5
2013-01-22,17.35,5.90,7.14,9.61,11.60,14.25,16.71,21.82,27.64,6
2013-01-23,17.50,5.93,7.19,9.67,11.69,14.33,16.81,21.96,27.82,6
2013-01-24,17.29,5.97,7.25,9.75,11.78,14.41,16.92,22.12,28.02,6
2013-01-25,17.49,6.01,7.31,9.84,11.88,14.51,17.06,22.28,28.23,6
2013-01-26,17.49,6.04,7.37,9.92,11.98,14.62,17.20,22.45,28.44,6
2013-01-27,17.60,6.09,7.44,10.01,12.10,14.75,17.38,22.64,28.68,6
2013-01-28,18.67,6.14,7.53,10.11,12.23,14.91,17.58,22.86,28.95,6
2013-01-29,19.35,6.20,7.63,10.23,12.40,15.11,17.81,23.12,29.29,6
2013-01-30,19.45,6.26,7.73,10.35,12.57,15.32,18.05,23.39,29.63,6
2013-01-31,20.46,6.31,7.84,10.46,12.74,15.52,18.28,23.65,29.96,6
2013-02-01,20.35,6.37,7.93,10.56,12.89,15.71,18.49,23.89,30.26,6
2013-02-02,19.82,6.42,8.01,10.65,13.03,15.87,18.67,24.10,30.53,6
2013-02-03,20.29,6.46,8.09,10.72,13.15,16.02,18.83,24.30,30.78,6
2013-02-04,20.30,6.50,8.15,10.79,13.25,16.15,18.96,24.47,31.00,6
2013-02-05,20.50,6.54,8.21,10.85,13.34,16.25,19.06,24.61,31.18,6
2013-02-06,20.91,6.58,8.27,10.91,13.44,16.37,19.16,24.78,31.39,6
2013-02-07,21.71,6.62,8.33,10.98,13.54,16.50,19.26,24.95,31.61,6
2013-02-08,22.40,6.66,8.40,11.05,13.65,16.63,19.36,25.14,31.85,6
2013-02-09,23.14,6.71,8.46,11.12,13.77,16.78,19.49,25.35,32.12,6
2013-02-10,23.70,6.76,8.54,11.21,13.91,16.95,19.64,25.59,32.41,6
2013-02-11,23.94,6.83,8.61,11.31,14.08,17.15,19.85,25.86,32.76,6
2013-02-12,25.47,6.91,8.68,11.41,14.25,17.36,20.09,26.15,33.12,6
2013-02-13,25.00,6.99,8.75,11.52,14.43,17.58,20.35,26.44,33.50,6
2013-02-14,27.40,7.07,8.82,11.63,14.61,17.81,20.63,26.75,33.88,7
2013-02-15,27.00,7.16,8.89,11.74,14.80,18.03,20.92,27.06,34.27,6
2013-02-16,27.50,7.26,8.97,11.85,14.97,18.28,21.23,27.38,34.69,7
2013-02-17,26.98,7.35,9.04,11.97,15.14,18.52,21.54,27.71,35.10,6
2013-02-18,26.92,7.44,9.11,12.09,15.28,18.74,21.81,28.01,35.48,6
2013-02-19,29.39,7.53,9.17,12.20,15.41,18.95,22.06,28.30,35.85,7
2013-02-20,30.00,7.60,9.24,12.32,15.52,19.15,22.29,28.58,36.20,7
2013-02-21,30.00,7.68,9.30,12.43,15.63,19.34,22.52,28.85,36.55,7
2013-02-22,30.40,7.78,9.38,12.59,15.76,19.61,22.83,29.20,36.99,7
2013-02-23,29.54,7.87,9.46,12.75,15.89,19.86,23.12,29.54,37.42,6
2013-02-24,29.78,7.96,9.53,12.90,16.01,20.09,23.39,29.85,37.81,6
2013-02-25,30.43,8.07,9.62,13.11,16.16,20.37,23.73,30.24,38.31,7
2013-02-26,31.10,8.20,9.71,13.34,16.31,20.65,24.09,30.65,38.82,7
2013-02-27,31.31,8.34,9.82,13.57,16.47,20.94,24.46,31.07,39.35,7
2013-02-28,33.53,8.47,9.92,13.79,16.63,21.22,24.81,31.47,39.87,7
2013-03-01,34.55,8.59,10.02,13.99,16.79,21.44,25.12,31.84,40.33,7
2013-03-02,34.16,8.74,10.15,14.23,17.00,21.68,25.53,32.31,40.93,7
2013-03-03,34.33,8.93,10.34,14.54,17.30,21.99,26.05,32.95,41.74,7
2013-03-04,36.52,9.10,10.53,14.82,17.62,22.25,26.51,33.58,42.54,7
2013-03-05,40.75,9.27,10.72,15.10,17.94,22.53,26.96,34.22,43.36,7
2013-03-06,42.32,9.45,10.94,15.40,18.30,22.82,27.45,34.93,44.27,7
2013-03-07,41.68,9.64,11.16,15.71,18.67,23.13,27.94,35.66,45.23,7
2013-03-08,43.76,9.84,11.39,16.03,19.05,23.46,28.44,36.39,46.22,7
2013-03-09,46.00,10.02,11.59,16.32,19.39,23.76,28.83,37.02,47.09,7
2013-03-10,45.29,10.17,11.76,16.56,19.68,24.05,29.14,37.56,47.84,7
2013-03-11,48.25,10.31,11.93,16.79,19.95,24.34,29.44,38.07,48.54,7
2013-03-12,44.84,10.44,12.09,17.01,20.22,24.64,29.74,38.58,49.24,7
2013-03-13,46.99,10.57,12.23,17.21,20.46,24.92,30.02,39.03,49.86,7
2013-03-14,46.95,10.69,12.37,17.41,20.69,25.20,30.29,39.48,50.47,7
2013-03-15,46.90,10.81,12.51,17.62,20.93,25.49,30.57,39.97,51.11,7
2013-03-16,46.74,10.99,12.72,17.90,21.28,25.91,30.93,40.71,52.05,7
2013-03-17,47.24,11.20,12.96,18.24,21.68,26.40,31.34,41.60,53.19,7
2013-03-18,50.35,11.48,13.29,18.71,22.23,27.07,31.91,42.83,54.73,7
2013-03-19,59.41,11.80,13.66,19.23,22.85,27.83,32.60,44.22,56.48,8
2013-03-20,64.20,12.13,14.04,19.76,23.48,28.59,33.29,45.62,58.24,8
2013-03-21,72.23,12.48,14.45,20.34,24.17,29.43,34.07,47.16,60.17,8
2013-03-22,69.90,12.89,14.92,21.00,24.96,30.39,35.00,48.82,62.39,8
2013-03-23,63.90,13.29,15.37,21.64,25.72,31.32,35.97,50.33,64.54,7
2013-03-24,70.22,13.71,15.87,22.34,26.54,32.32,37.07,51.90,66.86,8
2013-03-25,75.11,14.12,16.34,23.00,27.33,33.28,38.18,53.34,69.12,8
2013-03-26,79.81,14.53,16.81,23.67,28.13,34.25,39.28,54.78,71.39,8
2013-03-27,89.30,15.00,17.36,24.44,29.04,35.36,40.56,56.45,74.00,8
2013-03-28,88.52,15.47,17.90,25.20,29.94,36.46,41.82,58.09,76.58,8
2013-03-29,90.00,16.00,18.51,26.06,30.97,37.71,43.26,60.01,79.47,8
2013-03-30,92.11,16.61,19.22,27.06,32.16,39.16,44.91,62.18,82.64,8
2013-03-31,96.15,17.42,20.16,28.37,33.72,41.06,47.10,64.49,86.62,8
2013-04-01,104.70,18.26,21.13,29.75,35.35,43.05,49.38,66.70,90.76,8
2013-04-02,116.00,19.28,22.31,31.41,37.33,45.45,52.13,69.36,95.68,8
2013-04-03,133.78,20.30,23.49,33.07,39.30,47.85,54.88,72.00,100.57,8
2013-04-04,135.00,21.42,24.78,34.89,41.46,50.49,57.91,74.94,105.96,8
2013-04-05,141.80,22.68,26.25,36.95,43.91,53.47,61.33,78.36,112.09,8
2013-04-06,141.00,24.44,28.28,39.81,47.30,57.60,66.07,83.50,120.00,8
2013-04-07,164.97,26.08,30.18,42.49,50.49,61.48,70.52,88.80,127.39,8
2013-04-08,185.60,27.30,31.59,44.47,52.84,64.35,73.81,92.82,132.56,8
2013-04-09,229.00,28.24,32.68,46.01,54.68,66.58,76.37,96.15,136.41,8
2013-04-10,162.00,29.08,33.65,47.37,56.29,68.55,78.62,99.23,139.68,8
2013-04-11,83.40,29.75,34.43,48.47,57.59,70.13,80.44,101.86,142.13,6
2013-04-12,109.90,30.06,34.79,48.97,58.19,70.86,81.28,103.44,142.69,7
2013-04-13,91.64,29.70,34.36,48.37,57.49,70.00,80.29,102.92,140.64,6
2013-04-14,91.11,29.22,33.81,47.60,56.56,68.88,79.00,101.98,138.09,6
2013-04-15,74.00,29.13,33.71,47.46,56.40,68.68,78.77,102.28,137.58,5
2013-04-16,68.09,29.17,33.75,47.51,56.46,68.75,78.86,102.77,137.66,4
2013-04-17,89.98,29.30,33.91,47.73,56.73,69.08,79.23,103.42,138.28,6
2013-04-18,109.30,29.50,34.14,48.06,57.12,69.55,79.77,104.20,139.22,7
2013-04-19,117.71,29.83,34.52,48.59,57.75,70.32,80.65,105.19,140.80,7
2013-04-20,126.55,30.30,35.06,49.35,58.65,71.42,81.92,106.41,143.08,7
2013-04-21,118.81,30.87,35.72,50.28,59.75,72.77,83.46,107.90,145.88,7
2013-04-22,123.74,31.48,36.42,51.27,60.93,74.20,85.11,109.49,148.84,7
2013-04-23,137.29,32.04,37.08,52.19,62.02,75.53,86.63,111.00,151.57,7
2013-04-24,149.00,32.58,37.70,53.07,63.06,76.79,88.08,112.46,154.16,7
2013-04-25,141.90,33.09,38.30,53.91,64.06,78.01,89.48,113.84,156.68,7
2013-04-26,137.30,33.64,38.92,54.79,65.11,79.29,90.95,115.27,159.33,7
2013-04-27,128.80,34.12,39.49,55.59,66.06,80.44,92.26,116.56,161.72,7
2013-04-28,135.28,34.41,39.82,56.05,66.61,81.11,93.03,117.41,163.08,7
2013-04-29,143.31,34.55,39.99,56.29,66.89,81.46,93.43,117.98,163.77,7
2013-04-30,139.88,34.67,40.12,56.48,67.12,81.74,93.75,118.56,164.21,7
2013-05-01,116.75,34.77,40.24,56.64,67.31,81.96,94.01,119.05,164.56,6
2013-05-02,106.81,34.86,40.34,56.79,67.48,82.18,94.26,119.54,164.84,6
2013-05-03,98.08,34.89,40.37,56.83,67.54,82.24,94.33,119.87,164.82,6
2013-05-04,112.62,34.88,40.37,56.83,67.53,82.23,94.32,120.12,164.62,6
2013-05-05,116.57,34.92,40.41,56.89,67.61,82.33,94.43,120.40,164.66,6
2013-05-06,112.71,34.99,40.49,57.00,67.74,82.49,94.61,120.73,164.86,6
2013-05-07,110.00,35.06,40.57,57.11,67.87,82.64,94.79,121.01,165.12,6
2013-05-08,113.16,35.13,40.65,57.23,68.01,82.81,94.99,121.34,165.42,6
2013-05-09,111.96,35.19,40.72,57.32,68.12,82.95,95.15,121.62,165.66,6
2013-05-10,117.90,35.25,40.80,57.43,68.24,83.10,95.32,121.90,165.93,6
2013-05-11,115.04,35.30,40.85,57.51,68.34,83.22,95.45,122.16,166.13,6
2013-05-12,114.50,35.36,40.92,57.60,68.45,83.35,95.60,122.46,166.34,6
2013-05-13,115.99,35.42,40.99,57.70,68.57,83.49,95.77,122.77,166.58,6
2013-05-14,107.00,35.49,41.07,57.82,68.71,83.67,95.97,123.06,166.90,6
2013-05-15,108.95,35.58,41.17,57.96,68.88,83.87,96.20,123.38,167.26,6
2013-05-16,113.35,35.66,41.27,58.10,69.04,84.07,96.43,123.69,167.62,6
2013-05-17,116.73,35.74,41.36,58.23,69.20,84.26,96.65,124.00,167.95,6
2013-05-18,118.49,35.84,41.48,58.39,69.39,84.50,96.92,124.32,168.39,6
2013-05-19,116.38,35.94,41.59,58.55,69.58,84.73,97.18,124.60,168.82,6
2013-05-20,116.55,36.05,41.71,58.72,69.78,84.98,97.47,124.90,169.30,6
2013-05-21,117.50,36.17,41.85,58.92,70.02,85.26,97.79,125.23,169.85,6
2013-05-22,119.11,36.32,42.03,59.17,70.32,85.63,98.21,125.70,170.56,6
2013-05-23,123.84,36.48,42.22,59.43,70.62,86.00,98.64,126.17,171.27,6
2013-05-24,128.70,36.64,42.40,59.69,70.93,86.37,99.07,126.65,172.01,7
2013-05-25,128.97,36.81,42.59,59.96,71.25,86.77,99.52,127.15,172.76,7
2013-05-26,129.50,36.99,42.81,60.26,71.61,87.20,100.02,127.70,173.60,7
2013-05-27,126.25,37.17,43.01,60.55,71.96,87.62,100.50,128.27,174.41,6
2013-05-28,125.92,37.34,43.21,60.83,72.28,88.02,100.96,128.87,175.21,6
2013-05-29,130.35,37.46,43.35,61.02,72.51,88.30,101.28,129.26,175.85,7
2013-05-30,126.81,37.59,43.50,61.24,72.77,88.62,101.64,129.67,176.56,6
2013-05-31,127.91,37.73,43.66,61.46,73.04,88.94,102.01,130.09,177.35,6
2013-06-01,128.77,37.86,43.81,61.67,73.29,89.25,102.37,130.54,178.20,6
2013-06-02,123.00,37.98,43.95,61.87,73.52,89.53,102.69,131.00,178.98,6
2013-06-03,123.22,38.11,44.11,62.09,73.78,89.85,103.05,131.53,179.80,6
2013-06-04,120.57,38.23,44.24,62.27,74.00,90.12,103.36,131.99,180.46,6
2013-06-05,121.20,38.33,44.36,62.44,74.20,90.36,103.64,132.42,181.08,6
2013-06-06,118.78,38.40,44.44,62.56,74.34,90.53,103.84,132.86,181.52,6
2013-06-07,110.18,38.46,44.51,62.66,74.46,90.67,104.00,133.27,181.83,6
2013-06-08,109.11,38.53,44.59,62.76,74.59,90.83,104.18,133.66,182.05,6
2013-06-09,100.17,38.58,44.64,62.84,74.68,90.94,104.30,133.95,182.19,5
2013-06-10,104.22,38.59,44.65,62.86,74.70,90.96,104.33,134.09,182.18,5
2013-06-11,107.36,38.60,44.67,62.88,74.72,90.99,104.36,134.24,182.16,6
2013-06-12,106.56,38.62,44.69,62.91,74.76,91.04,104.42,134.38,182.05,6
2013-06-13,102.00,38.64,44.72,62.95,74.81,91.10,104.49,134.50,182.01,5
2013-06-14,99.01,38.67,44.75,62.99,74.86,91.16,104.55,134.61,181.98,5
2013-06-15,99.42,38.69,44.77,63.02,74.89,91.20,104.60,134.67,181.96,5
2013-06-16,99.37,38.71,44.79,63.05,74.93,91.24,104.66,134.75,181.98,5
2013-06-17,100.00,38.73,44.82,63.09,74.97,91.30,104.72,134.84,182.04,5
2013-06-18,104.50,38.75,44.85,63.13,75.02,91.35,104.78,134.90,182.16,5
2013-06-19,105.24,38.77,44.86,63.15,75.05,91.39,104.82,134.96,182.29,6
2013-06-20,102.61,38.78,44.88,63.18,75.08,91.43,104.86,135.01,182.42,5
2013-06-21,101.80,38.80,44.90,63.21,75.12,91.47,104.92,135.08,182.55,5
2013-06-22,100.00,38.82,44.92,63.23,75.14,91.51,104.96,135.17,182.62,5
2013-06-23,100.41,38.84,44.95,63.27,75.19,91.56,105.02,135.26,182.69,5
2013-06-24,99.47,38.87,44.98,63.31,75.24,91.62,105.09,135.38,182.74,5
2013-06-25,97.87,38.88,45.00,63.34,75.27,91.66,105.13,135.52,182.74,5
2013-06-26,98.77,38.89,45.01,63.36,75.29,91.69,105.16,135.70,182.68,5
2013-06-27,96.31,38.90,45.01,63.36,75.30,91.69,105.17,135.90,182.62,5
2013-06-28,89.96,38.91,45.02,63.38,75.31,91.71,105.19,136.12,182.49,4
2013-06-29,88.98,38.92,45.04,63.40,75.34,91.75,105.24,136.36,182.40,4
2013-06-30,89.53,38.90,45.01,63.36,75.30,91.69,105.17,136.58,182.23,4
2013-07-01,84.50,38.87,44.98,63.32,75.25,91.63,105.10,136.79,182.07,4
2013-07-02,88.00,38.80,44.90,63.21,75.11,91.46,104.91,136.91,181.67,4
2013-07-03,77.01,38.70,44.78,63.04,74.91,91.22,104.63,136.95,181.12,4
2013-07-04,79.40,38.60,44.67,62.88,74.72,90.99,104.37,137.00,180.60,4
2013-07-05,66.93,38.49,44.55,62.71,74.52,90.74,104.08,137.04,180.12,3
2013-07-06,66.34,38.38,44.41,62.52,74.30,90.48,103.78,137.05,179.58,3
2013-07-07,73.96,38.33,44.35,62.43,74.19,90.35,103.63,137.17,179.27,3
2013-07-08,74.40,38.29,44.30,62.37,74.11,90.25,103.52,137.31,178.99,4
2013-07-09,75.01,38.32,44.34,62.42,74.17,90.32,103.60,137.59,179.06,4
2013-07-10,86.19,38.40,44.44,62.56,74.34,90.53,103.83,137.98,179.40,4
2013-07-11,87.13,38.49,44.54,62.70,74.50,90.73,104.06,138.38,179.72,4
2013-07-12,90.17,38.58,44.64,62.85,74.68,90.94,104.31,138.80,180.08,4
2013-07-13,91.67,38.67,44.75,62.99,74.85,91.15,104.55,139.22,180.43,5
2013-07-14,90.03,38.72,44.80,63.07,74.95,91.27,104.69,139.51,180.57,4
2013-07-15,93.78,38.74,44.83,63.11,75.00,91.33,104.76,139.69,180.56,5
2013-07-16,91.55,38.75,44.84,63.12,75.01,91.34,104.76,139.77,180.44,5
2013-07-17,90.97,38.73,44.81,63.09,74.97,91.29,104.71,139.77,180.21,4
2013-07-18,85.28,38.71,44.79,63.05,74.93,91.24,104.65,139.72,179.96,4
2013-07-19,86.51,38.67,44.75,63.00,74.87,91.17,104.57,139.61,179.65,4
2013-07-20,85.04,38.65,44.73,62.96,74.82,91.11,104.50,139.49,179.38,4
2013-07-21,85.93,38.63,44.71,62.94,74.79,91.07,104.46,139.40,179.17,4
2013-07-22,85.60,38.64,44.71,62.94,74.80,91.08,104.47,139.40,179.08,4
2013-07-23,86.98,38.65,44.73,62.97,74.82,91.12,104.51,139.43,179.03,4
2013-07-24,88.42,38.67,44.75,63.00,74.86,91.16,104.56,139.48,179.01,4
2013-07-25,90.16,38.70,44.78,63.04,74.92,91.23,104.64,139.55,179.03,4
2013-07-26,89.95,38.73,44.82,63.10,74.98,91.31,104.73,139.64,179.07,4
2013-07-27,88.16,38.78,44.87,63.17,75.07,91.41,104.85,139.76,179.60,4
2013-07-28,92.71,38.83,44.93,63.25,75.17,91.53,104.99,139.92,180.27,5
2013-07-29,93.39,38.88,44.99,63.34,75.27,91.66,105.13,140.08,180.98,5
2013-07-30,96.57,38.95,45.07,63.45,75.39,91.81,105.31,140.31,181.80,5
2013-07-31,98.28,39.05,45.19,63.61,75.59,92.05,105.58,140.74,182.85,5
2013-08-01,96.62,39.15,45.30,63.77,75.78,92.28,105.85,141.16,183.89,5
2013-08-02,95.85,39.26,45.43,63.95,75.99,92.54,106.14,141.62,185.07,5
2013-08-03,95.55,39.36,45.54,64.11,76.19,92.78,106.42,142.05,185.83,5
2013-08-04,96.38,39.46,45.67,64.29,76.39,93.03,106.70,142.45,186.48,5
2013-08-05,97.81,39.56,45.78,64.45,76.59,93.27,106.97,142.84,187.09,5
2013-08-06,97.69,39.65,45.88,64.59,76.75,93.47,107.20,143.16,187.57,5
2013-08-07,97.09,39.70,45.94,64.67,76.85,93.58,107.34,143.28,187.87,5
2013-08-08,94.27,39.75,45.99,64.75,76.94,93.69,107.46,143.40,188.16,5
2013-08-09,92.27,39.78,46.03,64.80,77.01,93.77,107.56,143.50,188.32,4
2013-08-10,93.51,39.84,46.10,64.90,77.12,93.91,107.71,143.78,188.52,4
2013-08-11,94.09,39.88,46.15,64.97,77.21,94.02,107.84,144.08,188.70,5
2013-08-12,95.35,39.94,46.22,65.06,77.32,94.15,107.99,144.42,188.92,5
2013-08-13,98.15,40.00,46.29,65.16,77.43,94.29,108.15,144.78,189.14,5
2013-08-14,99.19,40.06,46.36,65.26,77.56,94.44,108.32,145.15,189.38,5
2013-08-15,98.08,40.13,46.44,65.37,77.68,94.60,108.50,145.52,189.61,5
2013-08-16,98.25,40.20,46.52,65.49,77.83,94.78,108.71,145.90,189.89,5
2013-08-17,99.71,40.27,46.60,65.60,77.95,94.92,108.88,146.15,190.13,5
2013-08-18,99.30,40.34,46.68,65.72,78.09,95.10,109.07,146.42,190.42,5
2013-08-19,102.85,40.41,46.76,65.83,78.23,95.26,109.27,146.66,190.73,5
2013-08-20,104.87,40.49,46.86,65.96,78.38,95.45,109.48,146.91,191.07,5
2013-08-21,110.43,40.57,46.95,66.09,78.53,95.63,109.69,147.15,191.41,6
2013-08-22,109.12,40.65,47.04,66.22,78.70,95.83,109.92,147.40,191.81,5
2013-08-23,107.65,40.74,47.14,66.36,78.86,96.03,110.14,147.65,192.19,5
2013-08-24,109.15,40.83,47.25,66.51,79.03,96.24,110.39,147.90,192.63,5
2013-08-25,113.12,40.92,47.35,66.66,79.21,96.46,110.63,148.14,193.05,6
2013-08-26,111.90,41.02,47.47,66.82,79.41,96.70,110.91,148.47,193.53,6
2013-08-27,117.75,41.14,47.61,67.02,79.64,96.98,111.23,148.83,194.09,6
2013-08-28,117.91,41.28,47.77,67.25,79.91,97.31,111.61,149.27,194.75,6
2013-08-29,118.50,41.44,47.95,67.50,80.22,97.68,112.04,149.84,195.51,6
2013-08-30,124.86,41.61,48.15,67.78,80.55,98.09,112.51,150.54,196.34,6
2013-08-31,128.00,41.80,48.37,68.10,80.92,98.54,113.03,151.35,197.24,6
2013-09-01,130.66,41.98,48.58,68.38,81.26,98.96,113.50,152.09,198.04,6
2013-09-02,130.15,42.14,48.77,68.65,81.58,99.34,113.94,152.75,198.74,6
2013-09-03,129.18,42.28,48.93,68.88,81.85,99.67,114.32,153.34,199.28,6
2013-09-04,122.81,42.40,49.06,69.07,82.08,99.95,114.64,153.86,199.70,6
2013-09-05,122.50,42.49,49.18,69.22,82.26,100.17,114.90,154.22,199.96,6
2013-09-06,117.67,42.59,49.28,69.37,82.44,100.39,115.15,154.50,200.15,6
2013-09-07,119.93,42.65,49.35,69.47,82.56,100.54,115.31,154.67,200.15,6
2013-09-08,118.34,42.73,49.45,69.61,82.72,100.73,115.54,154.92,199.91,6
2013-09-09,121.68,42.84,49.57,69.78,82.93,100.98,115.82,155.16,199.65,6
2013-09-10,122.07,42.95,49.71,69.97,83.15,101.26,116.14,155.49,199.50,6
2013-09-11,127.55,43.08,49.86,70.18,83.40,101.56,116.49,155.84,199.42,6
2013-09-12,126.38,43.22,50.01,70.40,83.66,101.88,116.85,156.23,199.39,6
2013-09-13,127.71,43.35,50.16,70.61,83.91,102.18,117.20,156.61,199.39,6
2013-09-14,124.49,43.47,50.31,70.82,84.16,102.48,117.54,157.00,199.47,6
2013-09-15,125.36,43.59,50.44,71.01,84.38,102.76,117.86,157.37,199.91,6
2013-09-16,126.27,43.71,50.59,71.21,84.62,103.05,118.19,157.86,200.52,6
2013-09-17,126.92,43.83,50.72,71.40,84.84,103.32,118.50,158.27,201.05,6
2013-09-18,127.00,43.93,50.83,71.56,85.03,103.55,118.77,158.64,201.53,6
2013-09-19,124.18,44.03,50.95,71.72,85.23,103.79,119.05,159.00,202.00,6
2013-09-20,122.91,44.12,51.06,71.87,85.41,104.01,119.30,159.29,202.41,6
2013-09-21,123.39,44.22,51.17,72.03,85.60,104.24,119.57,159.55,202.79,6
2013-09-22,123.27,44.31,51.28,72.18,85.78,104.46,119.85,159.76,203.11,6
2013-09-23,122.63,44.38,51.35,72.29,85.90,104.61,120.08,159.84,203.25,6
2013-09-24,123.86,44.45,51.43,72.40,86.04,104.78,120.34,159.94,203.37,6
2013-09-25,123.25,44.52,51.52,72.52,86.18,104.95,120.64,160.04,203.51,6
2013-09-26,124.84,44.59,51.59,72.63,86.31,105.10,120.93,160.13,203.64,6
2013-09-27,126.95,44.66,51.68,72.75,86.45,105.27,121.27,160.26,203.82,6
2013-09-28,126.54,44.73,51.76,72.87,86.59,105.45,121.61,160.40,204.00,6
2013-09-29,127.01,44.75,51.79,72.91,86.64,105.50,121.87,160.44,203.96,6
2013-09-30,126.25,44.79,51.83,72.96,86.70,105.58,122.26,160.54,204.05,6
2013-10-01,127.33,44.82,51.87,73.02,86.77,105.66,122.65,160.63,204.20,6
2013-10-02,103.85,44.86,51.91,73.08,86.84,105.75,123.15,160.73,204.35,4
2013-10-03,117.63,44.90,51.96,73.14,86.91,105.84,123.64,160.84,204.51,5
2013-10-04,121.94,44.98,52.05,73.27,87.07,106.02,124.20,161.16,204.85,5
2013-10-05,121.20,45.05,52.13,73.39,87.21,106.20,124.79,161.45,205.18,5
2013-10-06,122.49,45.18,52.29,73.60,87.47,106.51,125.46,161.92,205.79,5
2013-10-07,123.50,45.30,52.42,73.80,87.70,106.79,125.98,162.37,206.34,5
2013-10-08,124.13,45.42,52.56,73.99,87.93,107.07,126.53,162.82,206.88,5
2013-10-09,125.90,45.54,52.70,74.19,88.16,107.36,127.00,163.28,207.44,5
2013-10-10,126.80,45.67,52.85,74.40,88.41,107.66,127.56,163.75,208.04,5
2013-10-11,127.38,45.77,52.97,74.56,88.61,107.90,128.04,164.04,208.50,5
2013-10-12,127.98,45.90,53.11,74.77,88.85,108.20,128.54,164.40,209.11,5
2013-10-13,132.82,46.05,53.29,75.02,89.15,108.56,129.08,164.86,209.82,6
2013-10-14,135.42,46.23,53.49,75.30,89.49,108.97,129.77,165.38,210.62,6
2013-10-15,142.76,46.43,53.73,75.63,89.88,109.45,130.47,165.99,211.56,6
2013-10-16,137.56,46.68,54.02,76.04,90.37,110.04,131.22,166.82,212.73,6
2013-10-17,143.94,46.95,54.33,76.49,90.89,110.68,131.94,167.74,213.98,6
2013-10-18,152.89,47.34,54.78,77.12,91.64,111.59,132.86,169.25,215.76,6
2013-10-19,166.00,47.83,55.35,77.92,92.59,112.76,133.88,171.20,218.03,6
2013-10-20,166.59,48.44,56.06,78.92,93.78,114.20,135.00,173.59,220.93,6
2013-10-21,180.13,49.09,56.80,79.96,95.03,115.72,136.08,176.13,223.99,7
2013-10-22,189.75,49.95,57.80,81.37,96.70,117.75,137.67,179.51,228.08,7
2013-10-23,203.96,50.76,58.74,82.69,98.27,119.67,139.17,182.70,231.90,7
2013-10-24,193.87,51.58,59.69,84.03,99.85,121.59,140.67,185.89,235.74,7
2013-10-25,186.60,52.30,60.52,85.20,101.25,123.29,142.04,188.51,239.09,6
2013-10-26,179.56,52.99,61.32,86.31,102.57,124.90,143.52,190.98,242.40,6
2013-10-27,194.00,53.54,61.95,87.21,103.64,126.21,144.86,192.95,245.05,7
2013-10-28,196.62,54.08,62.58,88.10,104.69,127.48,146.22,194.90,247.65,7
2013-10-29,204.69,54.41,62.96,88.63,105.33,128.26,147.11,196.07,249.29,7
2013-10-30,197.54,54.76,63.36,89.20,106.00,129.08,148.05,197.31,251.02,7
2013-10-31,203.54,55.11,63.77,89.77,106.67,129.90,149.00,198.59,252.79,7
2013-11-01,202.15,55.62,64.36,90.61,107.67,131.11,150.39,200.68,255.63,7
2013-11-02,204.86,56.20,65.04,91.55,108.80,132.48,151.96,203.13,258.84,7
2013-11-03,210.00,56.88,65.83,92.66,110.12,134.09,153.80,206.02,262.65,7
2013-11-04,226.83,57.85,66.95,94.25,112.00,136.38,156.43,210.15,268.20,7
2013-11-05,242.90,59.11,68.40,96.29,114.42,139.34,159.82,215.01,275.47,7
2013-11-06,263.24,60.56,70.08,98.65,117.24,142.76,163.74,220.36,283.87,7
2013-11-07,291.00,62.09,71.85,101.14,120.19,146.36,167.87,225.97,292.70,7
2013-11-08,334.00,63.59,73.59,103.59,123.11,149.91,171.94,231.38,301.32,8
2013-11-09,341.24,65.14,75.39,106.12,126.11,153.57,176.14,236.85,310.13,8
2013-11-10,323.00,66.90,77.42,108.98,129.51,157.71,180.89,243.02,320.10,8
2013-11-11,343.91,68.67,79.46,111.86,132.93,161.87,185.66,249.01,330.01,8
2013-11-12,354.96,70.48,81.56,114.81,136.44,166.15,190.57,254.98,339.23,8
2013-11-13,393.50,72.29,83.65,117.76,139.94,170.41,195.45,261.13,348.37,8
2013-11-14,416.95,74.31,85.99,121.05,143.84,175.16,200.91,268.04,358.65,8
2013-11-15,412.00,77.18,89.32,125.73,149.41,181.95,208.69,278.13,372.06,8
2013-11-16,434.53,80.24,92.86,130.72,155.34,189.16,216.97,288.85,386.07,8
2013-11-17,477.38,83.61,96.75,136.20,161.85,197.09,226.06,300.65,401.35,8
2013-11-18,669.01,87.26,100.98,142.15,168.92,205.70,235.94,313.57,418.05,8
2013-11-19,536.01,92.11,106.59,150.05,178.31,217.13,249.04,331.54,442.02,8
2013-11-20,599.00,97.68,113.03,159.12,189.08,230.26,264.10,352.22,469.60,8
2013-11-21,720.00,103.28,119.52,168.25,199.94,243.47,279.26,373.06,497.11,8
2013-11-22,795.00,108.53,125.59,176.80,210.10,255.84,293.45,392.46,523.76,8
2013-11-23,829.15,115.77,133.97,188.60,224.12,272.92,313.03,414.55,560.11,8
2013-11-24,800.05,123.48,142.89,201.15,239.03,291.08,333.86,438.05,598.63,8
2013-11-25,817.88,131.85,152.58,214.78,255.23,310.81,356.49,463.60,640.28,8
2013-11-26,916.30,140.20,162.24,228.38,271.39,330.49,379.06,488.47,679.52,8
2013-11-27,963.98,148.28,171.59,241.55,287.04,349.54,400.92,512.12,716.64,8
2013-11-28,1012.98,156.27,180.84,254.57,302.52,368.38,422.53,535.39,753.65,8
2013-11-29,1131.99,164.16,189.96,267.41,317.78,386.97,443.85,558.17,790.04,8
2013-11-30,1119.52,170.16,196.91,277.19,329.40,401.13,460.09,578.59,816.91,8
2013-12-01,955.00,175.85,203.49,286.46,340.41,414.54,475.46,597.93,840.36,8
2013-12-02,1047.47,180.71,209.12,294.37,349.82,425.99,488.60,614.45,858.02,8
2013-12-03,1055.00,183.95,212.87,299.66,356.10,433.64,497.38,625.49,869.71,8
2013-12-04,1132.01,186.61,215.94,303.98,361.24,439.89,504.55,634.50,878.94,8
2013-12-05,1023.87,189.17,218.91,308.16,366.20,445.94,511.49,643.23,887.11,8
2013-12-06,814.91,191.37,221.45,311.74,370.46,451.12,517.43,650.70,893.34,7
2013-12-07,693.30,193.37,223.77,315.00,374.33,455.84,522.84,657.51,899.13,7
2013-12-08,787.00,194.93,225.58,317.55,377.36,459.52,527.06,662.82,904.61,7
2013-12-09,899.90,196.13,226.96,319.50,379.67,462.34,530.30,666.89,909.87,7
2013-12-10,979.23,197.66,228.73,321.98,382.63,465.94,534.43,672.08,916.02,8
2013-12-11,879.04,199.02,230.31,324.20,385.27,469.15,538.11,676.71,921.72,7
2013-12-12,871.22,200.34,231.83,326.35,387.82,472.26,541.68,681.20,927.60,7
2013-12-13,885.98,201.39,233.04,328.06,389.85,474.73,544.51,684.76,932.35,7
2013-12-14,850.78,202.09,233.86,329.21,391.22,476.40,546.42,687.17,935.46,7
2013-12-15,862.00,202.29,234.09,329.53,391.60,476.87,546.96,687.84,936.11,7
2013-12-16,691.00,202.55,234.39,329.95,392.09,477.46,547.64,688.70,936.82,7
2013-12-17,673.62,202.47,234.30,329.83,391.95,477.29,547.45,688.45,936.16,6
2013-12-18,520.00,202.79,234.67,330.35,392.57,478.05,548.31,689.54,937.22,5
2013-12-19,685.00,202.52,234.35,329.90,392.03,477.39,547.56,688.60,935.47,6
2013-12-20,610.00,202.38,234.19,329.67,391.76,477.07,547.19,688.13,934.46,6
2013-12-21,595.03,202.41,234.23,329.73,391.83,477.15,547.28,688.25,934.23,6
2013-12-22,612.66,203.19,235.13,330.99,393.33,478.98,549.38,690.89,937.46,6
2013-12-23,654.76,203.95,236.01,332.24,394.81,480.78,551.44,693.48,940.85,6
2013-12-24,652.99,204.92,237.14,333.82,396.69,483.07,554.07,696.79,945.32,6
2013-12-25,679.01,205.62,237.94,334.95,398.04,484.71,555.95,699.15,948.42,6
2013-12-26,747.00,206.80,239.31,336.88,400.32,487.49,559.14,703.16,953.82,7
2013-12-27,721.08,207.92,240.61,338.71,402.50,490.14,562.18,706.99,958.98,7
2013-12-28,715.00,208.92,241.77,340.34,404.44,492.50,564.89,710.39,963.62,7
2013-12-29,728.00,209.36,242.27,341.05,405.28,493.53,566.07,711.87,965.71,7
2013-12-30,736.51,209.78,242.75,341.73,406.09,494.51,567.19,713.29,967.66,7
2013-12-31,732.00,210.22,243.26,342.44,406.94,495.55,568.38,714.79,969.73,7
2014-01-01,754.90,211.14,244.33,343.95,408.73,497.73,570.88,717.93,974.08,7
2014-01-02,784.19,212.32,245.69,345.87,411.01,500.50,574.06,721.93,979.61,7
2014-01-03,809.40,213.68,247.27,348.09,413.65,503.72,577.76,726.57,986.06,7
2014-01-04,828.79,215.06,248.86,350.33,416.31,506.96,581.47,731.25,992.54,7
2014-01-05,905.00,216.73,250.80,353.06,419.56,510.91,586.00,736.94,1000.44,7
2014-01-06,919.24,218.37,252.70,355.73,422.73,514.77,590.44,742.52,1008.18,7
2014-01-07,785.00,219.91,254.48,358.23,425.70,518.39,594.59,747.74,1015.44,7
2014-01-08,823.45,221.18,255.95,360.31,428.17,521.40,598.04,752.08,1021.48,7
2014-01-09,824.76,222.33,257.28,362.18,430.39,524.10,601.14,755.98,1026.84,7
2014-01-10,852.61,223.33,258.44,363.81,432.33,526.46,603.84,759.38,1031.48,7
2014-01-11,896.59,224.42,259.70,365.58,434.43,529.02,606.78,763.07,1036.53,7
2014-01-12,844.05,225.40,260.84,367.19,436.34,531.35,609.45,766.43,1041.14,7
2014-01-13,823.00,226.41,262.01,368.83,438.29,533.73,612.18,769.86,1045.82,7
2014-01-14,815.99,227.39,263.13,370.42,440.18,536.03,614.81,773.18,1050.33,7
2014-01-15,841.14,228.16,264.03,371.68,441.68,537.85,616.90,775.80,1053.85,7
2014-01-16,814.40,228.86,264.84,372.81,443.03,539.49,618.79,778.17,1057.08,7
2014-01-17,797.20,229.57,265.66,373.97,444.41,541.17,620.71,780.60,1060.38,7
2014-01-18,810.00,230.21,266.41,375.02,445.65,542.69,622.46,782.79,1063.37,7
2014-01-19,842.07,230.76,267.03,375.91,446.71,543.97,623.93,784.63,1065.87,7
2014-01-20,826.02,231.23,267.58,376.67,447.61,545.08,625.19,786.23,1068.03,7
2014-01-21,824.89,231.71,268.14,377.46,448.56,546.22,626.51,787.88,1070.26,7
2014-01-22,819.20,232.23,268.74,378.31,449.56,547.44,627.91,789.64,1072.70,7
2014-01-23,812.00,232.71,269.29,379.08,450.48,548.56,629.19,791.26,1074.94,7
2014-01-24,780.00,233.11,269.76,379.74,451.27,549.52,630.29,792.64,1076.82,6
2014-01-25,806.80,233.53,270.24,380.41,452.06,550.49,631.41,794.04,1078.72,7
2014-01-26,814.75,233.91,270.68,381.04,452.81,551.40,632.45,795.35,1080.50,7
2014-01-27,751.95,234.32,271.15,381.71,453.60,552.36,633.55,796.74,1082.38,6
2014-01-28,788.00,234.71,271.60,382.34,454.35,553.28,634.60,798.06,1084.19,6
2014-01-29,794.21,235.15,272.12,383.07,455.21,554.33,635.81,799.58,1086.26,6
2014-01-30,799.99,235.60,272.63,383.79,456.07,555.38,637.01,801.09,1088.32,6
2014-01-31,803.00,236.09,273.20,384.59,457.02,556.53,638.33,802.75,1090.61,7
2014-02-01,813.23,236.53,273.71,385.31,457.88,557.58,639.53,804.26,1092.67,7
2014-02-02,814.99,237.75,275.12,387.29,460.23,560.44,642.82,810.91,1098.30,7
2014-02-03,808.50,238.95,276.51,389.24,462.56,563.27,646.06,817.78,1103.84,6
2014-02-04,802.99,240.03,277.77,391.01,464.66,565.83,649.00,824.56,1108.81,6
2014-02-05,782.33,240.95,278.82,392.50,466.43,567.99,651.47,830.88,1112.93,6
2014-02-06,763.99,241.83,279.85,393.94,468.14,570.07,653.86,837.15,1116.90,6
2014-02-07,705.01,242.68,280.83,395.33,469.79,572.08,656.16,843.46,1120.69,6
2014-02-08,680.49,243.49,281.77,396.65,471.35,573.98,658.35,849.80,1124.27,6
2014-02-09,687.37,243.40,281.66,396.49,471.17,573.76,658.10,850.80,1123.64,6
2014-02-10,687.81,243.22,281.45,396.20,470.83,573.34,657.62,851.35,1122.60,6
2014-02-11,675.10,243.18,281.41,396.14,470.75,573.25,657.51,852.06,1122.28,6
2014-02-12,651.99,243.18,281.41,396.15,470.76,573.26,657.52,852.82,1122.56,5
2014-02-13,604.11,243.16,281.39,396.11,470.72,573.21,657.46,853.55,1123.13,5
2014-02-14,669.00,243.11,281.33,396.03,470.62,573.09,657.32,854.08,1124.04,6
2014-02-15,655.83,243.08,281.30,395.98,470.56,573.02,657.25,854.76,1125.43,5
2014-02-16,621.00,243.05,281.26,395.93,470.50,572.94,657.16,855.31,1127.32,5
2014-02-17,633.66,242.99,281.19,395.84,470.39,572.81,657.01,855.92,1129.59,5
2014-02-18,627.70,242.88,281.06,395.66,470.18,572.55,656.71,856.39,1131.92,5
2014-02-19,623.01,242.76,280.93,395.47,469.95,572.27,656.39,856.82,1134.20,5
2014-02-20,561.86,242.66,280.81,395.30,469.75,572.03,656.11,857.23,1136.52,4
2014-02-21,581.35,242.35,280.45,394.80,469.16,571.31,655.28,857.40,1137.31,5
2014-02-22,610.88,241.77,279.78,393.85,468.03,569.94,653.71,857.18,1136.17,5
2014-02-23,610.09,241.29,279.22,393.06,467.09,568.80,652.40,857.14,1135.10,5
2014-02-24,535.49,240.84,278.70,392.33,466.22,567.74,651.19,857.05,1133.74,4
2014-02-25,535.00,240.43,278.23,391.66,465.43,566.78,650.08,857.26,1131.91,4
2014-02-26,585.24,239.98,277.70,390.92,464.55,565.70,648.85,857.75,1129.38,5
2014-02-27,583.00,239.50,277.15,390.15,463.63,564.58,647.56,858.25,1126.34,5
2014-02-28,551.89,239.37,277.00,389.94,463.38,564.28,647.22,859.46,1125.03,4
2014-03-01,567.48,239.54,277.19,390.21,463.70,564.66,647.66,860.97,1125.41,5
2014-03-02,566.24,239.71,277.40,390.50,464.04,565.08,648.14,862.68,1125.69,5
2014-03-03,677.69,239.99,277.72,390.95,464.58,565.74,648.89,864.61,1126.81,6
2014-03-04,673.00,240.94,278.82,392.49,466.42,567.98,651.46,870.18,1130.60,6
2014-03-05,669.99,241.96,280.00,394.16,468.40,570.38,654.22,875.56,1134.78,6
2014-03-06,669.57,243.47,281.75,396.62,471.32,573.95,658.31,882.26,1140.81,6
2014-03-07,632.79,244.90,283.40,398.95,474.09,577.31,662.17,888.52,1146.37,5
2014-03-08,620.00,246.35,285.07,401.30,476.89,580.72,666.08,895.13,1152.50,5
2014-03-09,640.00,247.81,286.77,403.69,479.72,584.18,670.04,901.62,1158.66,5
2014-03-10,629.39,249.24,288.42,406.01,482.48,587.54,673.89,908.03,1164.30,5
2014-03-11,632.10,249.92,289.21,407.13,483.81,589.15,675.75,910.37,1167.31,5
2014-03-12,634.95,250.61,290.00,408.24,485.13,590.76,677.59,912.79,1170.44,5
2014-03-13,641.01,250.83,290.26,408.60,485.56,591.28,678.19,913.87,1171.92,5
2014-03-14,630.42,251.00,290.46,408.89,485.90,591.70,678.67,914.93,1173.30,5
2014-03-15,637.24,251.17,290.65,409.15,486.21,592.08,679.10,915.49,1174.05,5
2014-03-16,634.99,251.25,290.75,409.30,486.39,592.29,679.35,915.93,1174.67,5
2014-03-17,621.11,251.28,290.78,409.34,486.44,592.35,679.42,916.08,1174.97,5
2014-03-18,612.00,251.45,290.98,409.62,486.77,592.76,679.89,916.37,1175.47,5
2014-03-19,611.20,251.61,291.16,409.87,487.07,593.12,680.30,916.57,1175.87,5
2014-03-20,587.98,251.74,291.32,410.09,487.33,593.44,680.67,916.78,1176.29,4
2014-03-21,570.00,251.90,291.51,410.35,487.64,593.82,681.10,917.05,1176.79,4
2014-03-22,565.31,252.07,291.70,410.63,487.97,594.22,681.56,917.37,1177.34,4
2014-03-23,561.00,252.25,291.90,410.92,488.31,594.63,682.03,917.77,1177.94,4
2014-03-24,585.99,252.36,292.03,411.10,488.53,594.90,682.49,918.47,1181.73,4
2014-03-25,583.77,252.29,291.95,410.98,488.39,594.73,682.59,918.86,1186.30,4
2014-03-26,581.49,252.20,291.85,410.84,488.22,594.52,682.67,919.12,1193.55,4
2014-03-27,475.00,252.04,291.67,410.58,487.91,594.15,682.69,919.06,1201.14,3
2014-03-28,502.01,251.78,291.36,410.14,487.39,593.52,682.54,918.56,1208.04,4
2014-03-29,491.99,251.46,290.99,409.63,486.78,592.77,682.28,917.91,1214.63,4
2014-03-30,460.00,251.06,290.53,408.98,486.00,591.82,681.90,916.85,1220.81,3
2014-03-31,454.83,250.72,290.14,408.43,485.36,591.04,681.77,915.55,1223.71,3
2014-04-01,478.98,250.42,289.78,407.93,484.76,590.32,681.59,914.36,1225.51,3
2014-04-02,439.00,250.01,289.31,407.27,483.97,589.35,681.42,912.73,1223.76,3
2014-04-03,451.03,249.66,288.91,406.70,483.30,588.54,681.38,911.33,1221.48,3
2014-04-04,452.20,249.38,288.59,406.25,482.76,587.88,681.42,910.22,1219.60,3
2014-04-05,464.80,249.10,288.26,405.78,482.21,587.20,681.42,909.07,1217.84,3
2014-04-06,456.27,248.88,288.01,405.43,481.79,586.70,681.63,908.17,1216.20,3
2014-04-07,447.11,248.50,287.56,404.80,481.05,585.79,681.47,906.55,1213.58,3
2014-04-08,453.57,248.06,287.06,404.09,480.20,584.76,681.29,904.68,1210.72,3
2014-04-09,441.69,247.73,286.68,403.56,479.57,583.99,681.09,903.30,1208.70,3
2014-04-10,363.12,247.40,286.30,403.02,478.93,583.21,680.78,902.01,1206.88,2
2014-04-11,423.00,247.11,285.96,402.54,478.36,582.52,680.53,900.99,1205.37,3
2014-04-12,423.42,246.88,285.69,402.17,477.91,581.97,680.41,900.33,1204.27,3
2014-04-13,416.30,246.80,285.60,402.04,477.77,581.79,680.69,900.20,1203.84,3
2014-04-14,458.50,246.96,285.78,402.29,478.06,582.15,681.28,901.10,1204.75,3
2014-04-15,521.00,247.15,286.01,402.62,478.45,582.62,681.91,902.46,1205.99,4
2014-04-16,530.00,247.38,286.27,402.98,478.88,583.15,682.56,904.05,1207.27,4
2014-04-17,500.09,247.59,286.51,403.33,479.29,583.65,683.22,905.72,1208.39,4
2014-04-18,483.11,247.79,286.74,403.65,479.68,584.12,683.85,908.68,1209.40,4
2014-04-19,503.80,247.93,286.90,403.88,479.94,584.45,684.38,912.59,1209.82,4
2014-04-20,500.00,247.97,286.95,403.94,480.02,584.54,684.54,916.25,1209.90,4
2014-04-21,496.74,247.99,286.98,403.98,480.07,584.60,684.64,919.89,1209.88,4
2014-04-22,490.00,248.01,287.00,404.02,480.11,584.65,684.72,923.42,1209.57,4
2014-04-23,492.00,248.01,287.00,404.01,480.10,584.64,684.79,926.74,1208.82,4
2014-04-24,502.20,248.00,286.99,404.00,480.09,584.62,684.83,929.73,1207.64,4
2014-04-25,466.52,247.96,286.94,403.93,480.01,584.52,684.83,931.20,1206.01,3
2014-04-26,459.00,247.92,286.90,403.87,479.94,584.44,684.84,931.33,1204.19,3
2014-04-27,430.00,247.83,286.79,403.71,479.75,584.21,684.69,930.35,1200.77,3
2014-04-28,442.90,247.72,286.66,403.54,479.54,583.95,684.50,928.96,1196.82,3
2014-04-29,448.00,247.65,286.58,403.43,479.41,583.80,684.36,927.66,1192.76,3
2014-04-30,448.85,247.58,286.50,403.31,479.27,583.63,684.20,926.50,1188.86,3
2014-05-01,460.97,247.52,286.43,403.21,479.16,583.49,684.05,925.64,1185.39,3
2014-05-02,454.50,245.89,284.66,401.23,476.64,580.35,679.73,922.51,1179.69,3
2014-05-03,439.00,244.25,282.87,399.21,474.09,577.17,675.40,919.38,1174.30,3
2014-05-04,438.04,242.59,281.07,397.18,471.52,573.97,671.08,917.07,1170.23,3
2014-05-05,433.00,240.93,279.26,395.14,468.94,570.75,666.75,914.94,1166.64,3
2014-05-06,428.01,239.27,277.45,393.10,466.36,567.53,662.39,912.73,1163.56,3
2014-05-07,440.00,237.62,275.65,391.08,463.80,564.34,658.04,910.41,1160.63,3
2014-05-08,437.69,235.97,273.86,389.06,461.24,561.15,653.69,907.94,1157.79,3
2014-05-09,452.37,236.01,273.91,389.13,461.32,561.25,653.53,907.76,1157.56,3
2014-05-10,455.39,236.07,273.97,389.22,461.44,561.39,653.35,907.64,1157.41,3
2014-05-11,440.00,236.12,274.04,389.31,461.54,561.52,653.31,907.50,1157.24,3
2014-05-12,442.50,236.18,274.10,389.40,461.65,561.65,653.27,907.37,1157.07,3
2014-05-13,439.12,236.21,274.14,389.46,461.72,561.73,654.45,907.17,1156.81,3
2014-05-14,446.00,236.25,274.19,389.52,461.79,561.83,656.52,906.95,1156.53,3
2014-05-15,446.00,236.41,274.37,389.78,462.10,562.20,659.17,906.77,1156.31,3
2014-05-16,447.31,236.47,274.44,389.88,462.22,562.35,662.50,906.60,1156.08,3
2014-05-17,449.06,236.59,274.58,390.08,462.45,562.63,666.99,906.64,1156.13,3
2014-05-18,446.91,236.74,274.75,390.33,462.75,562.99,671.92,906.83,1156.38,3
2014-05-19,448.34,236.96,275.01,390.69,463.17,563.51,677.63,907.27,1156.94,3
2014-05-20,489.00,237.21,275.31,391.11,463.68,564.12,684.57,907.86,1157.68,4
2014-05-21,493.98,237.48,275.62,391.56,464.20,564.76,691.34,908.51,1158.52,4
2014-05-22,529.99,237.77,275.95,392.02,464.76,565.43,698.00,909.62,1159.93,4
2014-05-23,523.77,238.09,276.32,392.55,465.39,566.20,704.13,910.90,1161.56,4
2014-05-24,528.44,238.68,277.00,393.52,466.54,567.60,709.47,913.12,1164.40,4
2014-05-25,573.90,239.29,277.71,394.53,467.73,569.05,714.31,915.43,1167.34,5
2014-05-26,581.88,239.85,278.37,395.46,468.84,570.40,718.05,917.56,1170.06,5
2014-05-27,572.70,240.63,279.27,396.75,470.36,572.25,720.25,920.49,1173.80,5
2014-05-28,580.66,241.46,280.23,398.11,471.98,574.22,721.80,923.61,1177.77,5
2014-05-29,572.37,242.22,281.12,399.37,473.46,576.03,723.04,926.48,1181.44,4
2014-05-30,621.00,243.08,282.11,400.78,475.14,578.07,724.71,929.70,1185.54,5
2014-05-31,627.80,243.72,282.85,401.83,476.39,579.59,726.27,932.13,1188.64,5
2014-06-01,630.99,244.35,283.58,402.87,477.62,581.23,727.77,934.54,1191.71,5
2014-06-02,661.22,245.03,284.38,404.01,478.96,582.89,729.84,937.13,1195.02,5
2014-06-03,670.14,245.50,284.92,404.76,479.86,584.17,730.98,938.89,1197.26,5
2014-06-04,640.59,245.92,285.41,405.47,480.70,586.06,731.97,940.51,1199.33,5
2014-06-05,661.48,246.34,285.89,406.16,481.51,588.24,732.78,942.08,1201.33,5
2014-06-06,647.16,246.69,286.30,406.73,482.19,590.79,733.04,943.42,1203.04,5
2014-06-07,657.13,247.01,286.68,407.27,482.83,593.91,732.97,944.69,1204.65,5
2014-06-08,658.00,247.32,287.03,407.77,483.43,597.31,732.67,945.89,1206.18,5
2014-06-09,648.83,247.95,287.77,408.82,484.66,601.18,730.98,948.35,1209.33,5
2014-06-10,648.55,248.71,288.64,410.06,486.14,605.18,729.42,951.00,1212.70,5
2014-06-11,620.50,249.42,289.47,411.23,487.53,608.59,727.79,953.48,1215.86,5
2014-06-12,569.10,250.10,290.26,412.36,488.86,612.40,725.93,955.85,1218.88,4
2014-06-13,592.00,250.74,291.01,413.42,490.12,615.96,723.91,958.04,1221.68,4
2014-06-14,566.58,251.36,291.72,414.43,491.32,619.01,721.96,960.07,1224.27,4
2014-06-15,588.55,251.98,292.44,415.45,492.54,622.53,719.96,962.12,1226.88,4
2014-06-16,586.91,252.20,292.70,415.82,492.97,626.45,718.74,962.64,1227.54,4
2014-06-17,606.48,252.30,292.82,415.99,493.17,630.13,717.28,962.97,1227.96,4
2014-06-18,607.00,252.43,292.97,416.21,493.43,633.65,715.93,963.41,1228.52,4
2014-06-19,593.40,252.57,293.12,416.43,493.69,636.41,714.84,963.87,1229.11,4
2014-06-20,588.02,252.70,293.28,416.64,493.94,638.80,713.89,964.32,1229.69,4
2014-06-21,591.29,252.81,293.41,416.83,494.17,640.97,712.90,964.75,1230.24,4
2014-06-22,600.34,252.90,293.51,416.98,494.34,642.15,711.98,965.08,1230.66,4
2014-06-23,588.22,253.04,293.67,417.20,494.61,642.51,711.32,965.58,1231.29,4
2014-06-24,572.62,253.20,293.86,417.46,494.92,642.90,710.84,966.17,1232.04,4
2014-06-25,560.40,253.35,294.03,417.72,495.22,643.29,710.31,966.74,1232.78,4
2014-06-26,579.99,253.51,294.22,417.98,495.53,643.78,709.78,967.53,1233.79,4
2014-06-27,599.99,253.74,294.48,418.35,495.97,644.39,709.45,968.57,1235.10,4
2014-06-28,589.56,254.01,294.79,418.80,496.50,645.05,709.31,969.77,1236.63,4
2014-06-29,599.89,254.40,295.25,419.44,497.27,646.13,709.81,971.46,1238.79,4
2014-06-30,641.11,254.81,295.73,420.12,498.07,647.10,710.41,973.21,1241.03,4
2014-07-01,638.25,255.22,296.20,420.80,498.87,647.90,710.93,974.91,1243.19,4
2014-07-02,650.50,255.64,296.69,421.49,499.69,648.64,711.55,976.64,1245.40,5
2014-07-03,645.99,256.05,297.16,422.17,500.49,649.19,712.14,978.15,1247.32,4
2014-07-04,629.00,256.40,297.57,422.74,501.17,649.52,712.51,979.42,1248.92,4
2014-07-05,630.00,256.70,297.92,423.24,501.77,649.72,712.73,980.50,1250.14,4
2014-07-06,630.57,256.96,298.22,423.66,502.26,649.41,712.39,981.36,1251.02,4
2014-07-07,622.09,257.16,298.46,424.00,502.67,648.48,711.37,982.06,1251.57,4
2014-07-08,623.98,257.37,298.70,424.34,503.07,647.36,710.14,982.79,1252.02,4
2014-07-09,621.97,257.58,298.94,424.69,503.48,646.23,708.90,983.52,1252.37,4
2014-07-10,616.87,257.80,299.20,425.05,503.91,645.10,707.81,984.25,1252.57,4
2014-07-11,635.00,258.01,299.44,425.40,504.32,643.98,707.04,984.93,1252.57,4
2014-07-12,638.10,258.22,299.69,425.75,504.74,642.87,706.58,985.64,1252.63,4
2014-07-13,630.88,257.92,298.51,422.14,504.16,639.96,705.94,985.14,1250.47,4
2014-07-14,621.17,257.62,297.33,418.54,503.64,637.75,706.14,984.67,1248.40,4
2014-07-15,622.90,257.33,296.17,414.94,503.14,635.87,706.79,984.21,1246.42,4
2014-07-16,616.86,257.02,294.98,411.32,502.58,634.03,707.62,983.67,1244.38,4
2014-07-17,622.20,256.70,293.79,407.69,502.05,632.28,708.48,983.14,1242.43,4
2014-07-18,632.60,256.43,292.64,404.12,501.63,630.68,709.28,982.74,1240.75,5
2014-07-19,628.63,256.14,291.48,400.53,501.29,629.11,709.91,982.31,1239.09,4
2014-07-20,627.00,256.39,291.76,400.91,502.13,629.43,710.94,983.00,1239.55,4
2014-07-21,622.73,256.61,292.01,401.26,502.92,629.67,711.92,983.59,1239.88,4
2014-07-22,618.26,256.83,292.26,401.60,503.71,629.87,712.87,984.11,1240.11,4
2014-07-23,621.00,257.04,292.50,401.93,504.55,630.08,713.81,984.66,1240.38,4
2014-07-24,601.66,257.24,292.73,402.24,505.34,630.22,714.72,985.15,1240.57,4
2014-07-25,602.93,257.39,292.90,402.48,506.03,630.19,715.61,985.46,1240.50,4
2014-07-26,596.23,257.53,293.06,402.69,506.56,630.17,716.54,985.68,1240.32,4
2014-07-27,590.30,257.57,293.11,402.76,507.03,630.11,717.49,985.66,1239.77,4
2014-07-28,586.53,257.64,293.18,402.86,507.55,630.11,718.48,985.71,1239.35,4
2014-07-29,585.95,257.74,293.29,403.02,508.09,630.25,719.56,985.91,1239.14,4
2014-07-30,563.84,257.84,293.42,403.19,508.75,630.40,720.64,986.14,1238.99,4
2014-07-31,582.04,257.95,293.54,403.36,509.46,630.58,721.71,986.37,1238.83,4
2014-08-01,598.20,258.11,293.71,403.60,510.32,630.86,722.82,986.76,1238.91,4
2014-08-02,589.59,258.48,294.14,404.18,511.77,631.30,724.32,987.97,1240.21,4
2014-08-03,588.91,258.88,294.59,405.14,513.46,631.62,725.83,989.32,1241.70,4
2014-08-04,588.50,259.27,295.04,406.33,515.39,631.85,727.35,990.64,1243.16,4
2014-08-05,581.76,259.63,295.45,407.65,517.52,631.83,728.76,991.80,1244.41,4
2014-08-06,581.16,260.00,295.87,409.05,519.62,631.80,730.16,992.94,1245.69,4
2014-08-07,585.84,260.38,296.30,410.46,521.67,631.77,731.56,994.09,1247.05,4
2014-08-08,588.02,260.71,296.68,411.84,523.59,631.64,732.86,995.04,1248.19,4
2014-08-09,587.97,260.83,296.81,412.97,525.06,631.31,733.74,995.16,1248.19,4
2014-08-10,590.96,260.93,296.93,413.76,526.07,631.02,734.61,995.12,1248.04,4
2014-08-11,573.98,260.94,296.93,414.53,527.05,630.39,735.43,994.61,1247.35,4
2014-08-12,566.69,260.89,296.89,415.14,527.72,629.66,736.26,993.89,1246.45,4
2014-08-13,548.81,260.85,296.83,415.71,528.29,628.92,737.07,993.14,1245.51,4
2014-08-14,507.99,260.78,296.76,416.72,528.82,627.94,737.86,992.31,1244.47,3
2014-08-15,500.25,260.62,296.58,417.66,529.12,626.58,738.67,991.05,1242.89,3
2014-08-16,521.97,260.47,296.40,418.56,529.31,625.22,739.44,989.75,1241.26,3
2014-08-17,496.86,260.33,296.24,419.48,529.49,623.95,740.18,988.61,1239.82,3
2014-08-18,475.22,260.25,296.16,420.17,529.34,623.00,740.99,987.74,1238.74,3
2014-08-19,491.98,260.21,296.10,420.87,529.21,622.22,741.81,986.99,1237.80,3
2014-08-20,516.39,260.12,296.00,421.65,528.99,621.48,742.71,986.03,1236.60,3
2014-08-21,519.28,260.03,295.91,421.99,528.78,621.05,743.59,985.10,1235.43,3
2014-08-22,514.65,260.03,295.91,422.36,528.74,621.11,744.50,984.58,1234.78,3
2014-08-23,497.00,260.05,295.92,422.73,528.73,621.32,745.42,984.14,1234.22,3
2014-08-24,507.85,260.04,295.92,423.08,528.68,621.59,746.34,983.59,1233.54,3
2014-08-25,503.82,259.89,295.75,423.35,528.33,621.86,747.30,982.29,1231.90,3
2014-08-26,512.18,259.72,295.55,423.45,527.95,622.18,748.35,980.85,1230.10,3
2014-08-27,511.87,259.57,295.38,423.45,527.61,622.53,749.26,979.57,1228.49,3
2014-08-28,506.00,259.41,295.20,423.44,527.24,622.84,750.09,978.23,1226.82,3
2014-08-29,509.30,259.26,295.03,423.46,526.89,623.16,750.82,976.95,1225.21,3
2014-08-30,500.85,259.07,294.81,423.42,526.46,623.42,751.41,975.48,1223.36,3
2014-08-31,479.04,258.87,294.58,423.36,526.02,623.67,751.92,973.99,1221.50,3
2014-09-01,474.54,258.84,294.55,423.39,525.92,624.09,752.24,973.41,1220.77,3
2014-09-02,474.50,258.82,294.53,423.51,525.85,624.53,752.41,972.94,1220.18,3
2014-09-03,474.89,258.82,294.53,423.62,525.81,624.97,752.64,972.54,1219.68,3
2014-09-04,487.43,258.80,294.51,423.66,525.73,625.39,752.86,972.05,1219.06,3
2014-09-05,477.65,258.76,294.46,423.67,525.61,625.78,752.99,971.47,1218.33,3
2014-09-06,479.78,258.72,294.41,423.60,525.49,626.18,753.21,970.86,1217.57,3
2014-09-07,475.43,258.67,294.36,423.50,525.35,626.56,753.43,970.19,1216.73,3
2014-09-08,468.33,258.60,294.28,423.40,525.18,626.93,753.60,969.45,1215.80,3
2014-09-09,473.20,258.51,294.17,423.23,524.97,627.26,753.71,968.60,1214.74,3
2014-09-10,476.57,258.41,294.06,423.04,524.73,627.58,753.69,967.70,1213.61,3
2014-09-11,475.90,258.34,293.98,422.92,524.55,627.95,753.68,966.95,1212.66,3
2014-09-12,474.62,258.27,293.90,422.75,524.37,628.31,753.71,966.18,1211.70,3
2014-09-13,477.98,258.20,293.83,422.67,524.22,628.67,753.65,965.52,1210.88,3
2014-09-14,475.49,258.16,293.78,422.64,524.10,629.07,753.58,964.91,1210.10,3
2014-09-15,469.47,258.05,293.65,422.65,523.77,629.36,753.44,963.95,1208.90,3
2014-09-16,462.02,257.86,293.44,422.66,523.12,629.54,753.20,962.63,1207.25,3
2014-09-17,452.09,257.59,293.13,422.46,522.23,629.60,752.98,960.87,1205.04,3
2014-09-18,425.00,257.29,292.79,422.24,521.22,629.61,752.75,958.99,1202.68,3
2014-09-19,395.86,256.99,292.45,422.06,520.16,629.61,752.45,957.09,1200.30,2
2014-09-20,408.76,256.71,292.12,421.90,519.12,629.63,752.19,955.28,1198.02,2
2014-09-21,399.55,256.41,291.78,421.71,518.00,629.61,751.90,953.42,1195.70,2
2014-09-22,400.07,256.15,291.49,421.51,517.04,629.66,751.64,951.82,1193.69,2
2014-09-23,438.97,255.95,291.26,421.30,516.27,629.78,751.43,950.43,1191.95,3
2014-09-24,423.68,255.81,291.11,421.26,515.69,629.98,751.18,949.39,1190.65,3
2014-09-25,408.76,255.68,290.98,421.22,515.10,630.15,750.93,948.36,1189.36,2
2014-09-26,403.57,255.47,290.83,421.04,514.29,630.04,750.65,946.96,1187.60,2
2014-09-27,401.77,255.23,290.69,420.82,513.39,629.81,750.33,945.43,1185.68,2
2014-09-28,375.35,254.98,290.56,420.57,512.48,629.45,750.00,943.81,1183.65,2
2014-09-29,374.20,254.71,290.47,420.23,511.52,628.99,749.68,942.16,1181.57,2
2014-09-30,391.09,254.38,290.37,419.80,510.29,628.32,749.27,940.14,1179.04,2
2014-10-01,384.86,253.98,290.27,419.32,508.79,627.53,748.81,937.82,1176.13,2
2014-10-02,374.68,253.57,290.16,418.87,507.05,626.88,748.52,935.46,1173.17,2
2014-10-03,358.74,252.98,289.94,418.29,504.64,626.19,747.97,932.20,1169.08,2
2014-10-04,326.21,252.38,289.70,417.67,502.22,625.51,747.40,928.86,1164.90,2
2014-10-05,323.52,251.82,289.48,417.07,499.90,624.97,746.93,925.76,1161.01,2
2014-10-06,328.59,251.26,289.26,416.49,497.54,624.46,746.44,922.61,1157.06,2
2014-10-07,334.80,250.78,289.09,416.01,495.50,624.17,746.09,919.92,1153.69,2
2014-10-08,355.73,250.39,288.98,415.60,493.74,623.92,745.79,917.61,1150.79,2
2014-10-09,364.01,249.99,288.87,415.07,492.31,623.53,745.33,915.26,1147.84,2
2014-10-10,360.89,249.93,288.96,414.88,491.99,623.53,745.32,914.59,1147.00,2
2014-10-11,362.00,249.94,289.10,414.75,491.86,623.59,745.40,914.20,1146.51,2
2014-10-12,378.11,249.85,289.18,414.55,491.45,623.56,745.36,913.37,1145.47,2
2014-10-13,392.60,249.80,289.30,414.41,491.17,623.56,745.37,912.72,1144.66,2
2014-10-14,403.38,249.76,289.41,414.26,490.97,623.54,745.33,912.08,1143.85,2
2014-10-15,394.52,249.72,289.53,414.13,490.84,623.53,745.29,911.49,1143.12,2
2014-10-16,383.95,249.70,289.67,414.11,490.80,623.53,745.23,911.09,1142.61,2
2014-10-17,383.65,249.62,289.76,414.01,490.61,623.40,744.99,910.32,1141.65,2
2014-10-18,390.58,249.51,289.83,413.94,490.39,623.22,744.65,909.46,1140.56,2
2014-10-19,387.53,249.45,289.94,413.93,490.46,623.08,744.34,908.90,1139.87,2
2014-10-20,381.21,249.36,290.01,413.88,490.54,622.90,743.93,908.16,1138.94,2
2014-10-21,385.81,249.25,290.08,413.83,490.65,622.72,743.47,907.36,1137.93,2
2014-10-22,382.04,249.11,290.12,413.75,490.72,622.51,742.95,906.39,1136.71,2
2014-10-23,357.18,248.96,290.15,413.68,490.78,622.27,742.40,905.37,1135.44,2
2014-10-24,358.86,248.79,290.17,413.60,490.80,622.01,741.82,904.25,1134.03,2
2014-10-25,348.69,248.61,290.18,413.53,490.82,621.75,741.24,903.10,1132.59,2
2014-10-26,355.18,248.40,290.16,413.61,490.80,621.43,740.56,901.78,1130.94,2
2014-10-27,350.00,248.23,290.18,413.73,490.82,621.11,739.89,900.55,1129.39,2
2014-10-28,356.96,248.03,290.17,413.86,490.81,620.75,739.16,899.23,1127.73,2
2014-10-29,335.70,247.83,290.16,414.05,490.80,620.40,738.46,897.92,1126.09,2
2014-10-30,346.14,247.62,290.14,414.24,490.77,620.05,737.74,896.57,1124.40,2
2014-10-31,337.99,247.41,290.13,414.43,490.73,619.69,737.03,895.24,1122.73,2
2014-11-01,324.70,247.16,290.08,414.62,490.66,619.30,736.20,893.74,1120.86,2
2014-11-02,324.36,246.96,290.06,414.57,490.63,618.97,735.46,892.45,1119.23,2
2014-11-03,325.50,246.77,290.04,414.42,490.60,618.69,734.80,891.31,1117.81,2
2014-11-04,330.22,246.66,290.06,414.16,490.62,618.62,734.36,890.56,1116.87,2
2014-11-05,338.38,246.57,290.08,413.76,490.66,618.58,733.97,889.94,1116.08,2
2014-11-06,349.99,246.49,290.11,413.30,490.70,618.59,733.57,889.30,1115.28,2
2014-11-07,342.16,246.44,290.16,412.84,490.79,618.64,733.25,888.82,1114.69,2
2014-11-08,345.39,246.43,290.24,412.23,490.92,618.74,733.04,888.51,1114.30,2
2014-11-09,364.77,246.51,290.37,411.67,491.15,618.96,733.12,888.58,1114.39,2
2014-11-10,366.43,246.70,290.59,411.36,491.52,619.36,733.58,889.16,1115.11,2
2014-11-11,370.65,246.87,290.82,410.68,491.91,619.65,733.92,889.59,1115.65,2
2014-11-12,426.63,247.02,291.05,409.99,492.30,619.88,734.18,889.93,1116.07,3
2014-11-13,420.93,247.20,291.31,409.36,492.74,620.11,734.53,890.40,1116.66,3
2014-11-14,399.98,247.36,291.56,408.64,493.16,620.31,734.78,890.73,1117.07,2
2014-11-15,376.99,247.49,291.79,407.93,493.55,620.48,734.97,890.98,1117.39,2
2014-11-16,389.86,247.53,291.96,407.17,493.84,620.53,734.81,890.78,1117.14,2
2014-11-17,387.69,247.38,292.01,406.06,493.92,620.31,734.03,889.75,1115.85,2
2014-11-18,374.88,247.22,292.05,405.36,493.98,620.06,733.19,888.67,1114.49,2
2014-11-19,379.03,247.06,292.08,404.70,494.04,619.82,732.40,887.64,1113.23,2
2014-11-20,356.47,246.89,292.10,404.01,494.08,619.56,731.59,886.59,1112.00,2
2014-11-21,351.20,246.75,292.15,403.44,494.16,619.34,730.91,885.72,1111.83,2
2014-11-22,353.12,246.66,292.23,402.94,494.29,619.13,730.28,884.91,1111.81,2
2014-11-23,367.17,246.57,292.37,402.34,494.44,618.93,729.68,884.16,1111.94,2
2014-11-24,375.99,246.54,292.55,401.89,494.63,618.77,729.28,883.66,1112.44,2
2014-11-25,377.37,246.20,292.49,401.06,494.50,618.60,727.52,881.53,1112.05,2
2014-11-26,368.50,245.86,292.43,400.23,494.33,618.41,725.75,879.39,1111.68,2
2014-11-27,369.98,245.52,292.37,399.40,494.11,618.25,724.01,877.27,1111.30,2
2014-11-28,376.86,245.17,292.29,398.49,493.81,618.03,722.20,875.07,1110.85,2
2014-11-29,375.49,244.76,292.19,397.53,493.33,617.67,720.23,872.68,1110.29,2
2014-11-30,377.01,244.36,292.09,396.76,492.81,617.29,718.32,870.36,1109.78,2
2014-12-01,376.53,243.92,291.92,396.07,492.08,616.58,715.96,867.50,1108.90,2
2014-12-02,379.52,243.81,292.05,395.91,491.67,615.91,715.08,866.44,1109.17,2
2014-12-03,375.33,243.71,292.20,395.81,491.26,615.25,714.22,865.40,1109.45,2
2014-12-04,369.16,243.60,292.36,395.75,490.83,614.57,713.33,864.32,1109.71,2
2014-12-05,376.00,243.25,292.30,395.59,489.80,613.02,711.41,861.99,1109.15,2
2014-12-06,374.38,242.92,292.23,395.52,488.83,611.56,709.62,859.83,1108.62,2
2014-12-07,377.26,242.51,292.04,395.38,487.67,609.81,707.51,857.27,1107.84,2
2014-12-08,361.30,242.14,291.91,395.22,486.62,608.34,705.78,855.17,1107.39,2
2014-12-09,352.03,241.76,291.72,395.05,485.56,606.84,704.03,853.04,1106.90,2
2014-12-10,345.21,241.37,291.51,394.87,484.48,605.33,702.25,850.89,1106.40,2
2014-12-11,348.90,240.99,291.27,394.70,483.42,603.83,700.49,848.76,1105.91,2
2014-12-12,352.24,240.83,291.22,394.72,482.93,603.14,699.70,847.80,1106.14,2
2014-12-13,351.67,240.67,291.18,394.73,482.41,602.41,698.85,846.77,1106.34,2
2014-12-14,356.52,240.56,291.18,394.80,482.03,601.87,698.21,846.00,1106.70,2
2014-12-15,349.00,240.54,291.14,394.91,481.72,601.23,697.47,845.10,1106.95,2
2014-12-16,329.05,240.50,291.09,394.97,481.35,600.51,696.64,844.09,1107.13,2
2014-12-17,322.00,240.44,291.03,395.00,480.96,599.76,695.77,843.04,1107.31,2
2014-12-18,312.67,240.29,290.94,394.90,480.33,598.70,694.54,841.55,1107.19,2
2014-12-19,318.33,240.16,290.86,394.79,479.74,597.70,693.38,840.14,1107.06,2
2014-12-20,331.79,240.06,290.83,394.70,479.24,596.81,692.35,838.89,1107.09,2
2014-12-21,320.01,239.79,290.57,394.38,478.49,595.35,690.65,836.83,1106.57,2
2014-12-22,331.56,239.45,290.33,394.00,477.69,594.01,689.10,834.96,1106.18,2
2014-12-23,336.92,239.13,290.10,393.65,476.94,592.77,687.66,833.21,1105.88,2
2014-12-24,323.06,238.81,289.89,393.31,476.20,591.54,686.23,831.48,1105.53,2
2014-12-25,319.86,238.58,289.71,393.06,475.65,590.60,685.15,830.18,1105.47,2
2014-12-26,328.27,238.32,289.50,392.77,475.07,589.55,683.93,829.34,1105.26,2
2014-12-27,316.47,237.87,289.11,392.09,474.38,587.90,682.01,828.09,1104.20,2
2014-12-28,317.64,237.56,288.94,391.54,473.96,586.78,680.71,827.73,1103.53,2
2014-12-29,313.01,237.27,288.78,390.98,473.55,585.67,679.42,827.42,1102.87,2
2014-12-30,311.07,236.97,288.61,390.39,473.14,584.56,678.13,827.15,1102.16,2
2014-12-31,321.00,236.65,288.40,389.62,472.62,583.18,676.53,826.71,1101.03,2
2015-01-01,313.81,236.35,288.15,388.77,472.05,581.58,674.68,826.11,1099.54,2
2015-01-02,315.42,236.07,287.88,387.83,471.44,579.91,672.75,825.40,1097.17,2
2015-01-03,282.00,235.96,287.71,387.19,470.96,578.76,671.40,825.04,1095.50,1
2015-01-04,264.00,236.02,287.38,386.55,470.46,577.61,670.07,824.67,1093.83,1
2015-01-05,276.80,236.06,286.87,385.77,469.91,576.21,668.44,824.13,1091.78,1
2015-01-06,276.80,236.08,286.24,384.89,469.31,574.64,666.62,823.51,1089.46,1
2015-01-07,276.80,236.10,285.65,384.12,468.79,573.25,665.01,823.02,1087.42,1
2015-01-08,276.80,236.03,285.11,383.41,468.33,572.03,663.60,822.65,1085.63,1
2015-01-09,293.97,235.90,284.62,382.79,467.91,570.88,662.27,822.31,1083.96,2
2015-01-10,275.59,235.62,284.18,382.15,467.27,569.35,660.49,821.67,1081.70,1
2015-01-11,266.39,234.95,283.72,381.41,466.38,567.12,657.84,820.43,1078.26,1
2015-01-12,267.42,234.26,283.42,380.82,465.56,565.09,655.41,819.38,1075.12,1
2015-01-13,227.00,233.54,283.18,380.31,464.72,563.15,653.04,818.32,1072.04,0
2015-01-14,171.41,232.81,282.90,379.85,463.88,561.27,650.70,817.30,1069.00,0
2015-01-15,210.98,232.14,282.58,379.40,463.06,559.43,648.41,816.34,1066.01,0
2015-01-16,208.03,231.53,282.23,378.97,462.27,557.72,646.23,815.36,1063.16,0
2015-01-17,199.69,231.02,281.82,378.58,461.60,556.39,644.47,814.67,1060.87,0
2015-01-18,211.85,230.58,281.46,378.27,460.83,555.41,643.05,814.29,1059.04,0
2015-01-19,216.34,230.20,281.10,377.99,460.12,554.56,641.72,813.91,1057.33,0
2015-01-20,210.65,229.88,280.77,377.74,459.50,553.81,640.52,813.62,1055.79,0
2015-01-21,227.16,229.61,280.48,377.53,458.97,553.18,639.48,813.45,1054.48,0
2015-01-22,234.08,229.37,280.20,377.33,458.48,552.59,638.50,813.31,1053.25,1
2015-01-23,233.64,229.11,279.89,377.13,457.80,551.77,637.18,813.05,1051.58,1
2015-01-24,249.19,228.90,279.59,376.95,457.16,550.99,635.92,812.82,1049.99,1
2015-01-25,255.31,228.88,279.39,376.85,456.85,550.62,635.25,812.86,1049.18,1
2015-01-26,274.80,228.83,279.15,376.69,456.43,550.12,634.45,812.82,1048.20,1
2015-01-27,263.98,228.77,278.85,376.53,455.96,549.55,633.52,812.69,1047.04,1
2015-01-28,236.07,228.67,278.44,376.30,455.34,548.80,632.31,812.37,1045.52,1
2015-01-29,235.79,228.56,278.03,376.07,454.68,548.01,631.07,812.02,1043.94,1
2015-01-30,228.98,228.49,277.65,375.85,454.23,547.47,630.17,811.82,1042.81,1
2015-01-31,216.90,228.42,277.27,375.63,453.79,546.93,629.28,811.63,1041.69,0
2015-02-01,226.93,228.36,276.88,375.44,453.35,546.40,628.38,811.48,1040.57,0
2015-02-02,238.47,228.30,276.47,375.24,452.91,545.87,627.46,811.29,1039.40,1
2015-02-03,227.99,228.24,276.12,375.04,452.51,545.39,626.67,811.20,1038.41,0
2015-02-04,227.00,228.20,275.86,374.88,452.23,545.05,626.07,811.25,1037.68,0
2015-02-05,216.81,228.16,275.59,374.72,451.95,544.71,625.46,811.27,1036.93,0
2015-02-06,223.37,228.12,275.30,374.55,451.62,544.32,624.79,811.22,1036.10,0
2015-02-07,228.30,228.07,275.00,374.37,451.30,543.93,624.12,811.19,1035.26,1
2015-02-08,223.88,228.02,274.71,374.17,450.97,543.53,623.45,811.16,1034.43,0
2015-02-09,220.90,227.98,274.47,374.00,450.70,543.21,622.91,811.23,1033.77,0
2015-02-10,220.42,227.95,274.24,373.84,450.46,542.92,622.40,811.33,1033.15,0
2015-02-11,219.55,227.93,274.05,373.70,450.25,542.67,621.95,811.48,1032.63,0
2015-02-12,223.00,227.90,273.85,373.56,450.04,542.41,621.50,811.61,1032.09,0
2015-02-13,237.00,227.89,273.67,373.43,449.86,542.19,621.10,811.79,1031.63,1
2015-02-14,256.99,227.88,273.52,373.31,449.71,542.02,620.76,812.01,1031.25,1
2015-02-15,235.63,227.89,273.41,373.21,449.62,541.91,620.52,812.27,1030.99,1
2015-02-16,234.70,227.87,273.20,373.08,449.39,541.63,620.04,812.25,1030.42,1
2015-02-17,244.70,227.83,273.06,373.00,449.16,541.36,619.70,812.35,1030.03,1
2015-02-18,237.37,227.78,272.89,372.91,448.91,541.06,619.34,812.39,1029.60,1
2015-02-19,240.59,227.74,272.73,372.81,448.67,540.76,618.97,812.44,1029.16,1
2015-02-20,245.48,227.69,272.56,372.71,448.41,540.45,618.58,812.09,1028.70,1
2015-02-21,245.41,227.64,272.36,372.61,448.12,540.10,618.12,811.66,1028.16,1
2015-02-22,236.50,227.66,272.10,372.64,447.93,539.86,617.74,811.09,1027.44,1
2015-02-23,239.65,227.73,271.95,372.72,447.90,539.83,617.65,810.77,1027.03,1
2015-02-24,239.55,227.82,271.74,372.76,447.89,539.82,617.45,810.33,1026.48,1
2015-02-25,237.97,227.90,271.51,372.80,447.85,539.77,617.23,809.86,1025.88,1
2015-02-26,236.84,227.98,271.34,372.90,447.83,539.75,617.07,809.50,1025.42,1
2015-02-27,252.78,228.08,271.23,373.03,447.90,539.83,617.06,809.29,1025.15,1
2015-02-28,253.47,228.17,271.08,373.17,447.90,539.83,616.98,808.97,1024.75,1
2015-03-01,258.34,228.19,270.98,373.20,447.81,539.73,616.86,808.81,1024.54,1
2015-03-02,274.93,228.19,270.87,373.23,447.65,539.53,616.64,808.58,1024.25,2
2015-03-03,281.00,228.20,270.74,373.28,447.50,539.35,616.43,808.34,1023.95,2
2015-03-04,270.78,228.19,270.58,373.34,447.29,539.10,616.14,808.00,1023.52,2
2015-03-05,273.09,228.18,270.31,373.36,446.99,538.74,615.73,807.42,1022.79,2
2015-03-06,272.68,228.16,269.94,373.37,446.58,538.24,615.17,806.62,1021.77,2
2015-03-07,276.71,228.18,269.75,373.52,446.39,538.02,614.91,806.21,1021.26,2
2015-03-08,275.00,228.23,269.60,373.70,446.29,537.89,614.76,805.92,1020.89,2
2015-03-09,287.12,228.34,269.65,373.97,446.43,538.07,614.96,806.09,1021.10,2
2015-03-10,290.00,228.42,269.59,374.18,446.45,538.09,614.99,806.01,1021.01,2
2015-03-11,296.54,228.52,269.60,374.40,446.56,538.22,615.14,806.09,1021.11,2
2015-03-12,295.31,228.64,269.68,374.61,446.76,538.46,615.42,806.36,1021.45,2
2015-03-13,283.25,228.76,269.81,374.81,447.01,538.76,615.76,806.73,1021.92,2
2015-03-14,282.01,228.85,269.84,374.88,447.13,538.91,615.93,806.88,1022.11,2
2015-03-15,286.75,228.90,269.74,374.88,447.08,538.85,615.86,806.72,1021.91,2
2015-03-16,289.27,228.89,269.46,374.77,446.81,538.52,615.48,806.15,1021.18,2
2015-03-17,282.80,228.91,269.25,374.69,446.64,538.32,615.25,805.74,1020.66,2
2015-03-18,256.45,228.93,269.04,374.61,446.46,538.10,615.00,805.31,1020.11,1
2015-03-19,261.81,228.95,268.81,374.55,446.29,537.90,614.77,804.85,1019.54,1
2015-03-20,261.96,228.98,268.60,374.49,446.15,537.72,614.57,804.42,1018.99,1
2015-03-21,260.00,228.99,268.33,374.39,445.92,537.45,614.26,803.85,1018.26,1
2015-03-22,267.74,229.01,268.10,374.33,445.77,537.26,614.05,803.38,1017.67,1
2015-03-23,265.94,229.04,267.88,374.25,445.62,537.08,613.84,802.92,1017.08,1
2015-03-24,245.00,229.05,267.65,374.16,445.44,536.86,613.59,802.43,1016.47,1
2015-03-25,246.94,229.06,267.43,374.07,445.27,536.66,613.36,801.97,1015.88,1
2015-03-26,249.23,229.06,267.20,373.96,445.07,536.42,613.09,801.47,1015.25,1
2015-03-27,247.94,229.08,266.95,373.86,444.89,536.21,612.84,800.95,1014.59,1
2015-03-28,252.87,229.11,266.76,373.80,444.77,536.06,612.68,800.52,1014.05,1
2015-03-29,242.00,229.11,266.52,373.69,444.53,535.77,612.34,799.87,1013.22,1
2015-03-30,247.95,229.11,266.30,373.58,444.31,535.50,612.04,799.31,1012.51,1
2015-03-31,244.24,229.13,266.12,373.49,444.10,535.26,611.75,798.76,1011.81,1
2015-04-01,246.69,229.14,265.95,373.41,443.91,535.03,611.49,798.22,1011.13,1
2015-04-02,253.28,229.17,265.82,373.37,443.76,534.84,611.28,797.74,1010.52,1
2015-04-03,254.19,229.19,265.73,373.33,443.61,534.66,611.08,797.30,1009.97,1
2015-04-04,253.70,229.21,265.65,373.30,443.47,534.50,610.89,796.89,1009.45,1
2015-04-05,260.54,229.25,265.65,373.30,443.47,534.50,610.89,796.73,1009.25,1
2015-04-06,255.58,229.34,265.68,373.35,443.53,534.57,610.97,796.45,1008.89,1
2015-04-07,253.72,229.40,265.63,373.27,443.44,534.46,610.84,795.87,1008.15,1
2015-04-08,244.58,229.45,265.57,373.18,443.34,534.33,610.70,795.25,1007.37,1
2015-04-09,243.43,229.48,265.48,373.06,443.20,534.17,610.51,794.54,1006.48,1
2015-04-10,235.99,229.46,265.33,372.85,442.94,533.86,610.16,793.66,1005.36,1
2015-04-11,236.15,229.41,265.15,372.60,442.64,533.49,609.74,792.67,1004.11,1
2015-04-12,236.50,229.26,264.86,372.19,442.16,532.91,609.07,791.34,1002.42,1
2015-04-13,223.15,229.07,264.54,371.73,441.62,532.26,608.33,790.10,1000.85,0
2015-04-14,215.80,228.89,264.31,371.42,441.25,531.82,607.82,789.12,999.61,0
2015-04-15,222.88,228.73,264.10,371.12,440.89,531.38,607.33,788.16,998.39,0
2015-04-16,227.50,228.58,263.91,370.85,440.57,531.00,606.89,787.25,997.24,0
2015-04-17,222.60,228.45,263.76,370.64,440.32,530.70,606.54,786.47,996.25,0
2015-04-18,223.40,228.35,263.64,370.48,440.12,530.46,606.27,785.79,995.39,0
2015-04-19,222.54,228.34,263.64,370.47,440.11,530.45,606.26,785.47,994.99,0
2015-04-20,224.30,228.27,263.56,370.36,439.98,530.29,606.08,785.13,994.55,0
2015-04-21,235.74,228.20,263.48,370.25,439.85,530.13,605.90,784.80,994.14,1
2015-04-22,233.45,228.15,263.42,370.16,439.75,530.01,605.76,784.46,993.70,1
2015-04-23,235.98,228.08,263.33,370.05,439.61,529.84,605.57,784.07,993.20,1
2015-04-24,230.24,228.01,263.25,369.93,439.47,529.68,605.38,783.68,992.72,1
2015-04-25,226.12,227.94,263.17,369.82,439.34,529.52,605.20,783.29,992.23,0
2015-04-26,219.52,227.88,263.11,369.73,439.23,529.39,605.05,782.91,991.74,0
2015-04-27,227.23,227.93,263.16,369.81,439.33,529.50,605.18,782.62,991.37,0
2015-04-28,225.16,227.97,263.21,369.87,439.40,529.59,605.28,782.34,991.02,0
2015-04-29,225.48,227.98,263.22,369.89,439.42,529.62,605.31,782.10,990.71,0
2015-04-30,236.20,228.04,263.29,369.99,439.54,529.76,605.47,781.94,990.51,1
2015-05-01,231.00,228.12,263.38,370.11,439.69,529.93,605.67,781.83,990.37,1
2015-05-02,233.83,228.18,263.45,370.21,439.80,530.07,605.83,781.71,990.22,1
2015-05-03,239.00,228.22,263.50,370.28,439.89,530.18,605.95,781.57,990.05,1
2015-05-04,238.34,228.23,263.50,370.27,439.89,530.18,605.95,781.40,989.82,1
2015-05-05,235.12,228.24,263.52,370.29,439.92,530.22,606.00,781.28,989.67,1
2015-05-06,228.49,228.26,263.55,370.31,439.97,530.27,606.06,781.17,989.53,1
2015-05-07,236.87,228.24,263.52,370.25,439.92,530.22,606.00,781.02,989.34,1
2015-05-08,243.20,228.21,263.49,370.13,439.87,530.16,605.93,780.76,989.02,1
2015-05-09,241.96,228.19,263.46,370.01,439.82,530.09,605.85,780.52,988.71,1
2015-05-10,239.13,228.17,263.44,369.90,439.78,530.05,605.80,780.27,988.40,1
2015-05-11,241.30,228.14,263.41,369.77,439.73,529.99,605.73,780.01,988.06,1
2015-05-12,241.03,228.11,263.37,369.63,439.67,529.92,605.65,779.71,987.69,1
2015-05-13,235.97,228.08,263.33,369.48,439.61,529.84,605.56,779.39,987.28,1
2015-05-14,237.13,228.05,263.30,369.33,439.55,529.77,605.48,779.07,986.88,1
2015-05-15,237.37,228.01,263.26,369.22,439.47,529.69,605.39,778.83,986.58,1
2015-05-16,235.66,227.98,263.22,369.10,439.40,529.61,605.30,778.59,986.27,1
2015-05-17,235.97,227.95,263.18,369.00,439.33,529.54,605.22,778.38,986.00,1
2015-05-18,232.87,227.93,263.16,368.91,439.27,529.49,605.16,778.19,985.77,1
2015-05-19,231.40,227.89,263.12,368.82,439.18,529.40,605.07,778.00,985.52,1
2015-05-20,234.43,227.85,263.07,368.72,439.07,529.31,604.96,777.79,985.25,1
2015-05-21,235.00,227.81,263.02,368.62,438.96,529.22,604.85,777.60,984.99,1
2015-05-22,238.99,227.76,262.97,368.52,438.83,529.10,604.72,777.40,984.71,1
2015-05-23,237.76,227.72,262.91,368.42,438.71,529.00,604.60,777.21,984.45,1
2015-05-24,239.22,227.65,262.84,368.30,438.57,528.86,604.44,776.98,984.12,1
2015-05-25,235.59,227.58,262.75,368.15,438.40,528.68,604.23,776.71,983.73,1
2015-05-26,235.71,227.51,262.67,368.01,438.23,528.51,604.04,776.46,983.36,1
2015-05-27,235.17,227.33,262.46,367.70,437.86,528.09,603.57,775.92,982.54,1
2015-05-28,236.46,227.12,262.23,367.36,437.46,527.62,603.02,775.30,981.62,1
2015-05-29,236.03,226.89,261.96,366.98,437.00,527.09,602.42,774.62,980.60,1
2015-05-30,232.11,226.66,261.69,366.57,436.52,526.52,601.79,773.92,979.51,1
2015-05-31,228.91,226.42,261.42,366.16,436.03,525.95,601.17,773.23,978.41,1
2015-06-01,223.51,226.20,261.16,365.75,435.54,525.38,600.57,772.55,977.32,0
2015-06-02,225.18,225.96,260.89,365.34,435.05,524.81,599.95,771.86,976.22,0
2015-06-03,224.27,225.85,260.76,365.11,434.78,524.49,599.66,771.51,975.61,0
2015-06-04,222.99,225.74,260.63,364.87,434.49,524.15,599.34,771.14,974.96,0
2015-06-05,224.40,225.66,260.54,364.70,434.28,523.90,599.13,770.88,974.50,0
2015-06-06,224.99,225.59,260.46,364.56,434.12,523.71,598.97,770.66,974.15,0
2015-06-07,222.70,225.53,260.39,364.43,433.97,523.52,598.79,770.43,973.79,0
2015-06-08,228.17,225.46,260.31,364.30,433.81,523.33,598.61,770.21,973.45,1
2015-06-09,228.70,225.39,260.23,364.18,433.66,523.15,598.42,769.96,973.11,1
2015-06-10,227.80,225.29,260.11,364.03,433.49,522.94,598.16,769.64,972.72,1
2015-06-11,229.03,225.22,260.04,363.92,433.36,522.78,597.98,769.41,972.42,1
2015-06-12,229.40,225.16,259.96,363.81,433.23,522.63,597.80,769.19,972.13,1
2015-06-13,231.64,225.12,259.92,363.75,433.15,522.54,597.71,769.07,971.96,1
2015-06-14,232.09,225.10,259.89,363.71,433.11,522.48,597.64,768.99,971.86,1
2015-06-15,235.92,225.09,259.88,363.70,433.10,522.47,597.62,768.95,971.84,1
2015-06-16,250.09,225.08,259.87,363.67,433.07,522.43,597.60,768.92,971.77,1
2015-06-17,247.76,225.09,259.88,363.67,433.06,522.43,597.62,768.96,971.76,1
2015-06-18,248.40,225.10,259.89,363.68,433.08,522.45,597.65,768.99,971.80,1
2015-06-19,243.70,225.11,259.90,363.70,433.10,522.47,597.67,769.02,971.84,1
2015-06-20,244.76,225.08,259.87,363.66,433.05,522.42,597.59,768.93,971.74,1
2015-06-21,243.64,225.04,259.82,363.60,432.98,522.33,597.48,768.80,971.58,1
2015-06-22,246.00,224.98,259.75,363.52,432.88,522.21,597.33,768.63,971.36,1
2015-06-23,243.74,224.94,259.71,363.46,432.81,522.12,597.22,768.49,971.19,1
2015-06-24,240.19,224.90,259.67,363.41,432.75,522.05,597.13,768.35,971.06,1
2015-06-25,241.98,224.87,259.63,363.36,432.70,521.99,597.05,768.23,970.94,1
2015-06-26,242.98,224.85,259.61,363.33,432.66,521.94,597.00,768.14,970.85,1
2015-06-27,251.21,224.86,259.62,363.35,432.68,521.97,597.03,768.15,970.90,1
2015-06-28,248.62,224.89,259.66,363.39,432.73,522.03,597.11,768.22,971.02,1
2015-06-29,256.04,224.93,259.70,363.44,432.79,522.10,597.22,768.32,971.14,1
2015-06-30,262.50,224.92,259.69,363.40,432.74,522.04,597.18,768.26,971.05,2
2015-07-01,257.62,224.90,259.67,363.36,432.69,521.98,597.13,768.19,970.94,1
2015-07-02,254.54,224.89,259.65,363.32,432.65,521.93,597.10,768.14,970.83,1
2015-07-03,255.92,224.87,259.63,363.28,432.59,521.86,597.05,768.09,970.71,1
2015-07-04,260.20,224.84,259.59,363.21,432.51,521.76,596.96,768.00,970.52,2
2015-07-05,271.50,224.80,259.55,363.15,432.44,521.68,596.87,767.91,970.36,2
2015-07-06,268.51,224.74,259.48,363.05,432.32,521.54,596.69,767.73,970.10,2
2015-07-07,265.51,224.76,259.50,363.10,432.38,521.60,596.76,767.83,970.23,2
2015-07-08,270.63,224.80,259.55,363.15,432.45,521.69,596.87,767.98,970.38,2
2015-07-09,268.92,224.89,259.65,363.29,432.61,521.89,597.09,768.27,970.76,2
2015-07-10,285.23,224.96,259.73,363.42,432.76,522.07,597.29,768.52,971.09,2
2015-07-11,291.64,225.03,259.81,363.53,432.89,522.23,597.47,768.74,971.38,2
2015-07-12,310.55,225.10,259.89,363.63,433.02,522.37,597.66,768.97,971.66,2
2015-07-13,292.68,225.20,260.00,363.77,433.18,522.57,597.91,769.25,972.03,2
2015-07-14,287.55,225.25,260.07,363.86,433.29,522.70,598.06,769.43,972.27,2
2015-07-15,285.67,225.28,260.10,363.91,433.34,522.77,598.13,769.50,972.40,2
2015-07-16,277.89,225.26,260.07,363.87,433.30,522.71,598.07,769.41,972.29,2
2015-07-17,279.43,225.21,260.02,363.79,433.20,522.60,597.95,769.26,972.07,2
2015-07-18,276.79,225.15,259.95,363.69,433.09,522.46,597.79,769.08,971.82,2
2015-07-19,275.47,225.10,259.89,363.60,432.97,522.32,597.64,768.90,971.56,2
2015-07-20,278.96,225.06,259.84,363.53,432.89,522.22,597.54,768.76,971.38,2
2015-07-21,276.76,225.04,259.82,363.49,432.85,522.17,597.50,768.69,971.28,2
2015-07-22,277.68,225.05,259.83,363.49,432.84,522.17,597.51,768.69,971.27,2
2015-07-23,276.61,225.06,259.85,363.51,432.87,522.19,597.55,768.72,971.32,2
2015-07-24,289.01,225.12,259.91,363.59,432.96,522.31,597.70,768.86,971.54,2
2015-07-25,288.78,225.19,259.99,363.69,433.09,522.46,597.88,769.04,971.83,2
2015-07-26,293.19,225.25,260.07,363.79,433.20,522.60,598.06,769.21,972.07,2
2015-07-27,294.29,225.30,260.13,363.86,433.28,522.69,598.19,769.35,972.26,2
2015-07-28,294.01,225.34,260.17,363.90,433.33,522.76,598.28,769.44,972.37,2
2015-07-29,289.85,225.36,260.19,363.92,433.36,522.78,598.35,769.49,972.42,2
2015-07-30,288.01,225.37,260.21,363.92,433.36,522.79,598.38,769.51,972.43,2
2015-07-31,284.33,225.39,260.22,363.90,433.34,522.76,598.41,769.52,972.38,2
2015-08-01,280.19,225.38,260.21,363.86,433.28,522.69,598.39,769.48,972.25,2
2015-08-02,282.32,225.36,260.20,363.81,433.23,522.63,598.35,769.42,972.14,2
2015-08-03,280.43,225.36,260.19,363.77,433.19,522.58,598.34,769.39,972.04,2
2015-08-04,285.00,225.35,260.18,363.73,433.13,522.51,598.32,769.34,971.91,2
2015-08-05,281.13,225.33,260.16,363.66,433.06,522.42,598.27,769.27,971.75,2
2015-08-06,277.48,225.11,259.90,363.28,432.60,521.87,597.68,768.67,970.72,2
2015-08-07,279.63,224.87,259.63,362.88,432.12,521.29,597.05,768.03,969.64,2
2015-08-08,262.19,224.66,259.38,362.50,431.67,520.75,596.48,767.44,968.64,2
2015-08-09,265.05,224.45,259.14,362.12,431.22,520.21,595.92,766.87,967.63,2
2015-08-10,264.33,224.23,258.89,361.73,430.76,519.65,595.34,766.28,966.59,2
2015-08-11,271.15,223.99,258.61,361.32,430.27,519.06,594.71,765.64,965.49,2
2015-08-12,267.73,223.75,258.33,360.90,429.77,518.45,594.07,764.98,964.37,2
2015-08-13,264.48,223.67,258.25,360.75,429.59,518.24,593.87,764.74,963.97,2
2015-08-14,265.40,223.59,258.15,360.60,429.40,518.02,593.63,764.47,963.55,2
2015-08-15,261.46,223.41,257.94,360.30,429.04,517.58,593.16,763.93,962.74,2
2015-08-16,256.11,223.17,257.67,359.91,428.58,517.03,592.53,763.22,961.71,1
2015-08-17,256.47,222.91,257.37,359.48,428.08,516.41,591.84,762.45,960.57,1
2015-08-18,224.80,222.63,257.05,359.03,427.53,515.76,591.11,761.62,959.35,1
2015-08-19,226.92,222.35,256.72,358.56,426.98,515.09,590.36,760.77,958.11,1
2015-08-20,235.54,222.09,256.41,358.14,426.48,514.48,589.65,759.97,956.99,1
2015-08-21,233.49,221.71,255.98,357.56,425.79,513.66,588.66,758.87,955.44,1
2015-08-22,231.00,221.23,255.43,356.82,424.91,512.59,587.38,757.48,953.46,1
2015-08-23,228.89,220.72,254.84,356.04,423.98,511.47,586.03,756.01,951.38,1
2015-08-24,209.72,220.23,254.27,355.30,423.10,510.41,584.72,754.61,949.41,0
2015-08-25,222.38,219.78,253.75,354.63,422.29,509.44,583.52,753.31,947.60,1
2015-08-26,225.80,219.34,253.24,353.96,421.50,508.48,582.36,752.05,945.83,1
2015-08-27,225.09,218.90,252.74,353.30,420.71,507.53,581.20,750.80,944.05,1
2015-08-28,231.65,218.59,252.38,352.80,420.12,506.82,580.37,749.89,942.72,1
2015-08-29,230.54,218.46,252.22,352.59,419.87,506.52,580.02,749.49,942.16,1
2015-08-30,229.00,218.39,252.15,352.49,419.75,506.37,579.85,749.28,941.89,1
2015-08-31,229.86,218.31,252.06,352.36,419.59,506.18,579.64,749.03,941.53,1
2015-09-01,227.96,218.23,251.96,352.21,419.41,505.96,579.42,748.76,941.14,1
2015-09-02,229.18,218.16,251.88,352.09,419.27,505.79,579.23,748.54,940.81,1
2015-09-03,227.28,218.11,251.82,351.98,419.14,505.63,579.09,748.36,940.52,1
2015-09-04,230.52,218.06,251.77,351.89,419.03,505.50,578.97,748.20,940.28,1
2015-09-05,235.60,218.04,251.74,351.83,418.96,505.42,578.90,748.11,940.12,1
2015-09-06,240.28,218.01,251.71,351.78,418.90,505.35,578.83,748.01,939.99,1
2015-09-07,240.19,217.98,251.67,351.73,418.84,505.27,578.74,747.89,939.84,1
2015-09-08,244.21,217.94,251.63,351.68,418.78,505.20,578.65,747.77,939.71,1
2015-09-09,238.35,217.90,251.58,351.61,418.70,505.10,578.54,747.63,939.54,1
2015-09-10,238.66,217.84,251.52,351.52,418.60,504.98,578.39,747.44,939.30,1
2015-09-11,240.00,217.77,251.43,351.41,418.46,504.81,578.19,747.19,938.99,1
2015-09-12,234.79,217.67,251.32,351.26,418.28,504.60,577.93,746.89,938.60,1
2015-09-13,229.66,217.58,251.21,351.11,418.11,504.39,577.69,746.60,938.21,1
2015-09-14,229.71,217.53,251.15,351.02,418.00,504.25,577.55,746.41,937.95,1
2015-09-15,230.03,217.48,251.09,350.92,417.88,504.12,577.41,746.21,937.70,1
2015-09-16,228.34,217.45,251.06,350.83,417.77,503.98,577.34,746.10,937.45,1
2015-09-17,232.17,217.42,251.03,350.74,417.67,503.86,577.27,746.00,937.22,1
2015-09-18,233.12,217.40,251.00,350.67,417.58,503.75,577.20,745.90,937.02,1
2015-09-19,230.00,217.38,250.98,350.61,417.50,503.66,577.15,745.84,936.85,1
2015-09-20,230.16,217.34,250.93,350.50,417.38,503.50,577.05,745.71,936.56,1
2015-09-21,226.15,217.30,250.89,350.40,417.25,503.36,576.95,745.60,936.29,1
2015-09-22,230.42,217.27,250.85,350.29,417.13,503.21,576.87,745.50,936.01,1
2015-09-23,229.42,217.22,250.79,350.20,417.02,503.07,576.72,745.33,935.76,1
2015-09-24,233.86,217.17,250.73,350.11,416.91,502.95,576.59,745.16,935.52,1
2015-09-25,235.22,217.13,250.69,350.02,416.81,502.82,576.50,745.04,935.29,1
2015-09-26,233.81,217.10,250.65,349.94,416.71,502.70,576.41,744.91,935.06,1
2015-09-27,232.41,217.09,250.65,349.91,416.67,502.66,576.39,744.87,934.98,1
2015-09-28,239.14,217.08,250.63,349.85,416.61,502.58,576.35,744.81,934.84,1
2015-09-29,236.94,217.07,250.62,349.81,416.56,502.52,576.33,744.75,934.72,1
2015-09-30,236.20,217.06,250.62,349.77,416.51,502.46,576.32,744.72,934.62,1
2015-10-01,237.15,217.06,250.61,349.74,416.47,502.41,576.31,744.68,934.52,1
2015-10-02,237.77,217.06,250.61,349.71,416.44,502.38,576.32,744.67,934.47,1
2015-10-03,238.95,217.07,250.62,349.71,416.43,502.37,576.34,744.67,934.45,1
2015-10-04,238.60,217.06,250.61,349.66,416.37,502.29,576.31,744.63,934.31,1
2015-10-05,240.84,217.04,250.58,349.60,416.31,502.22,576.25,744.56,934.16,1
2015-10-06,246.57,217.01,250.56,349.55,416.24,502.14,576.19,744.48,934.02,1
2015-10-07,243.20,216.99,250.53,349.48,416.17,502.05,576.11,744.39,933.85,1
2015-10-08,242.90,216.96,250.50,349.43,416.10,501.97,576.06,744.31,933.71,1
2015-10-09,244.48,216.89,250.42,349.30,415.95,501.78,576.10,744.10,933.35,1
2015-10-10,245.71,216.82,250.34,349.17,415.79,501.59,576.14,743.89,933.00,1
2015-10-11,248.05,216.75,250.25,349.04,415.64,501.41,576.22,743.67,932.67,1
2015-10-12,245.81,216.70,250.20,348.95,415.53,501.28,576.35,743.52,932.42,1
2015-10-13,249.73,216.68,250.17,348.89,415.46,501.20,576.51,743.45,932.27,1
2015-10-14,252.47,216.67,250.17,348.87,415.44,501.17,576.72,743.44,932.22,2
2015-10-15,254.49,216.67,250.17,348.85,415.41,501.14,576.91,743.45,932.16,2
2015-10-16,263.09,216.73,250.23,348.91,415.48,501.31,577.24,743.62,932.31,2
2015-10-17,270.07,216.81,250.33,349.00,415.59,501.50,577.61,743.87,932.56,2
2015-10-18,261.05,216.93,250.46,349.14,415.76,501.75,578.02,744.22,932.94,2
2015-10-19,263.66,217.06,250.61,349.30,415.95,502.02,578.45,744.61,933.37,2
2015-10-20,270.64,217.19,250.76,349.46,416.14,502.25,578.87,744.99,933.78,2
2015-10-21,267.89,217.32,250.91,349.61,416.32,502.47,579.29,745.37,934.20,2
2015-10-22,275.21,217.46,251.07,349.81,416.55,502.75,579.73,745.79,934.72,2
2015-10-23,278.60,217.68,251.26,350.03,416.81,503.10,580.37,746.48,935.30,2
2015-10-24,282.84,217.92,251.47,350.27,417.10,503.48,581.03,747.20,935.95,2
2015-10-25,283.96,218.19,251.72,350.58,417.47,503.92,581.76,748.11,936.78,2
2015-10-26,286.90,218.53,252.03,350.99,417.97,504.48,582.57,749.21,937.89,2
2015-10-27,295.54,218.98,252.47,351.58,418.67,505.32,583.52,750.65,939.46,2
2015-10-28,305.67,219.39,252.89,352.15,419.34,506.14,584.40,752.02,940.98,2
2015-10-29,314.82,219.84,253.36,352.79,420.10,507.05,585.32,753.48,942.68,2
2015-10-30,328.65,220.37,253.99,353.67,421.15,508.19,586.30,755.19,945.03,2
2015-10-31,310.18,220.98,254.89,354.92,422.64,509.90,587.93,757.64,948.37,2
2015-11-01,325.78,221.67,256.04,356.52,424.54,512.15,590.17,760.72,952.65,2
2015-11-02,361.26,222.34,257.24,358.19,426.53,514.55,592.65,763.96,957.11,3
2015-11-03,404.06,222.87,258.29,359.66,428.28,516.66,594.97,766.81,961.04,3
2015-11-04,408.00,223.45,259.42,361.23,430.16,518.92,597.46,769.86,965.24,3
2015-11-05,385.50,223.97,260.47,362.69,431.89,521.01,599.87,772.73,969.13,3
2015-11-06,374.47,224.36,261.38,363.95,433.40,522.83,601.93,775.29,972.52,3
2015-11-07,383.53,224.48,261.80,364.53,434.09,523.67,602.88,776.53,974.07,3
2015-11-08,372.65,224.40,261.77,364.50,434.05,523.62,602.80,776.58,973.98,3
2015-11-09,377.90,224.27,261.65,364.33,433.85,523.37,602.49,776.33,973.52,3
2015-11-10,336.80,224.16,261.54,364.17,433.66,523.15,602.15,776.07,973.11,2
2015-11-11,309.91,224.00,261.34,363.90,433.34,522.76,601.67,775.62,972.38,2
2015-11-12,337.17,223.84,261.12,363.60,432.98,522.32,601.12,775.07,971.57,2
2015-11-13,336.99,223.62,260.85,363.22,432.52,521.78,600.42,774.32,970.55,2
2015-11-14,333.00,223.59,260.82,363.17,432.47,521.71,600.26,774.16,970.42,2
2015-11-15,319.28,223.65,260.92,363.33,432.66,521.94,600.40,774.31,970.86,2
2015-11-16,330.83,223.68,260.94,363.41,432.75,522.05,600.34,774.24,971.06,2
2015-11-17,336.08,223.68,260.91,363.44,432.79,522.10,600.19,774.04,971.15,2
2015-11-18,335.65,223.69,260.86,363.48,432.84,522.16,600.01,773.79,971.26,2
2015-11-19,326.02,223.73,260.80,363.59,432.96,522.31,599.82,773.53,971.53,2
2015-11-20,322.04,223.68,260.62,363.67,433.07,522.38,599.81,772.90,971.77,2
2015-11-21,326.50,223.56,260.33,363.66,433.00,522.23,599.65,771.99,971.73,2
2015-11-22,324.20,223.42,260.03,363.65,432.91,522.05,599.55,771.10,971.70,2
2015-11-23,323.48,223.20,259.45,363.26,432.31,521.26,599.65,770.39,972.01,2
2015-11-24,319.70,222.99,258.90,362.87,431.69,520.44,599.89,769.90,972.52,2
2015-11-25,328.90,222.79,258.37,362.40,430.99,519.54,600.20,769.54,973.09,2
2015-11-26,353.21,222.59,257.91,361.90,430.25,518.57,600.67,769.44,973.81,2
2015-11-27,357.14,222.51,257.77,361.47,429.59,517.77,601.41,769.96,974.87,2
2015-11-28,356.95,222.46,257.65,361.01,428.94,516.99,602.14,770.60,975.96,2
2015-11-29,371.48,222.41,257.54,360.48,428.24,516.14,602.84,771.27,977.00,3
2015-11-30,376.71,222.46,257.76,360.23,427.95,515.79,603.44,771.91,977.81,3
2015-12-01,363.06,222.51,258.01,359.97,427.64,515.46,604.02,772.50,978.55,3
2015-12-02,358.89,222.57,258.30,359.83,427.48,515.32,604.69,773.26,979.52,2
2015-12-03,361.42,222.65,258.59,359.77,427.40,515.29,605.37,774.07,980.55,3
2015-12-04,363.62,222.71,258.88,359.71,427.33,515.53,606.05,774.86,981.54,3
2015-12-05,388.00,222.83,259.31,359.84,427.49,515.99,606.92,776.02,983.01,3
2015-12-06,388.24,223.09,260.04,360.19,427.90,516.68,607.99,777.63,985.05,3
2015-12-07,395.57,223.45,260.88,360.70,428.50,517.59,609.12,779.37,987.25,3
2015-12-08,417.89,224.12,262.04,361.47,429.42,518.75,610.48,781.59,990.06,3
2015-12-09,416.98,224.85,263.16,362.19,430.28,519.83,611.75,783.69,992.73,3
2015-12-10,415.57,225.62,264.26,362.86,431.07,520.87,612.97,785.69,995.26,3
2015-12-11,453.04,226.54,265.25,363.60,431.95,521.98,614.28,787.82,997.96,4
2015-12-12,436.19,227.67,266.19,364.38,432.88,523.12,615.62,790.03,1000.76,4
2015-12-13,433.07,228.74,266.85,365.04,433.67,524.14,616.82,791.91,1003.14,3
2015-12-14,443.36,229.81,267.42,365.73,434.48,525.16,618.03,793.80,1005.53,4
2015-12-15,464.53,230.65,267.70,366.27,435.12,526.04,619.05,795.33,1007.47,4
2015-12-16,455.87,231.51,268.00,366.80,435.76,526.96,620.14,796.99,1009.58,4
2015-12-17,456.17,232.31,268.29,367.33,436.38,527.85,621.18,798.58,1011.59,4
2015-12-18,462.46,232.92,268.49,367.60,436.71,528.61,622.09,799.81,1013.15,4
2015-12-19,461.80,233.31,268.63,367.70,436.82,529.22,622.80,800.66,1014.22,4
2015-12-20,442.54,233.68,268.76,367.81,436.95,529.85,623.53,801.54,1015.33,4
2015-12-21,438.07,233.98,268.91,367.94,437.11,530.50,624.30,802.46,1016.51,4
2015-12-22,435.48,234.25,269.05,367.94,437.11,531.15,625.07,803.42,1017.72,3
2015-12-23,442.56,234.41,269.13,367.82,436.97,531.62,625.63,803.95,1018.39,4
2015-12-24,455.00,234.56,269.20,367.69,436.81,532.12,626.21,804.48,1019.07,4
2015-12-25,455.51,234.71,269.27,367.65,436.76,532.59,626.77,805.00,1019.72,4
2015-12-26,417.39,234.84,269.35,367.59,436.70,533.08,627.34,805.52,1020.38,3
2015-12-27,421.76,234.92,269.41,367.45,436.53,533.51,627.85,805.91,1020.87,3
2015-12-28,421.46,234.98,269.44,367.26,436.30,533.91,628.31,806.20,1021.24,3
2015-12-29,431.82,234.98,269.46,367.15,436.18,534.26,628.73,806.35,1021.43,3
2015-12-30,425.84,235.00,269.52,367.15,436.18,534.72,629.27,806.70,1021.88,3
2015-12-31,430.89,235.03,269.59,367.20,436.24,535.19,629.83,807.12,1022.41,3
2016-01-01,433.82,235.07,269.77,367.28,436.33,535.71,630.44,807.63,1023.06,3
2016-01-02,433.55,235.12,269.94,367.33,436.39,536.22,631.03,808.12,1023.68,3
2016-01-03,431.04,235.17,270.11,367.37,436.46,536.73,631.63,808.63,1024.33,3
2016-01-04,434.17,235.37,270.34,367.50,436.61,537.33,632.34,809.43,1025.33,3
2016-01-05,432.43,235.60,270.56,367.65,436.79,537.93,633.05,810.27,1026.40,3
2016-01-06,429.56,235.84,270.79,367.81,436.98,538.53,633.76,811.12,1027.48,3
2016-01-07,457.00,236.13,271.05,368.04,437.25,539.20,634.54,812.14,1028.77,4
2016-01-08,452.70,236.43,271.40,368.29,437.54,539.89,635.36,813.23,1030.15,4
2016-01-09,448.84,236.73,271.74,368.54,437.84,540.57,636.15,814.30,1031.50,4
2016-01-10,448.79,237.04,272.06,368.82,438.16,541.21,636.91,815.28,1032.74,4
2016-01-11,448.00,237.20,272.31,368.88,438.22,541.71,637.50,815.85,1033.47,4
2016-01-12,434.85,237.21,272.41,368.50,438.01,541.90,637.72,815.72,1033.30,3
2016-01-13,432.64,237.24,272.52,368.11,437.82,542.11,637.97,815.61,1033.17,3
2016-01-14,429.55,237.21,272.57,367.60,437.51,542.23,638.11,815.23,1032.69,3
2016-01-15,360.00,237.14,272.57,367.02,437.38,542.23,638.10,814.65,1031.95,2
2016-01-16,386.91,237.04,272.55,366.39,437.23,542.18,638.05,813.97,1031.09,3
2016-01-17,380.16,237.01,272.61,365.92,437.22,542.30,638.19,813.62,1030.64,3
2016-01-18,385.49,236.98,272.67,365.51,437.31,542.41,638.33,813.27,1030.20,3
2016-01-19,376.76,236.82,272.69,365.19,437.35,542.46,638.38,812.71,1029.49,3
2016-01-20,416.32,236.61,272.67,364.80,437.32,542.42,638.34,812.01,1028.60,3
2016-01-21,409.59,236.45,272.69,364.50,437.35,542.46,638.38,811.46,1027.90,3
2016-01-22,382.55,236.31,272.71,364.22,437.39,542.51,638.44,810.97,1027.28,3
2016-01-23,386.40,236.19,272.76,364.00,437.46,542.60,638.55,810.57,1026.78,3
2016-01-24,402.16,236.00,272.75,363.63,437.44,542.57,638.51,809.92,1025.95,3
2016-01-25,390.90,235.75,272.69,363.19,437.35,542.47,638.39,809.08,1024.89,3
2016-01-26,391.77,235.69,272.78,362.97,437.49,542.64,638.59,808.86,1024.61,3
2016-01-27,394.95,235.66,272.89,362.82,437.66,542.85,638.84,808.74,1024.47,3
2016-01-28,379.75,235.57,272.95,362.61,437.77,542.98,638.99,808.45,1024.09,3
2016-01-29,378.22,235.40,272.95,362.28,437.77,542.99,639.00,807.86,1023.34,3
2016-01-30,375.64,235.21,272.95,361.93,437.76,542.97,638.98,807.21,1022.52,3
2016-01-31,368.49,234.98,272.91,361.57,437.71,542.91,638.91,806.43,1021.53,3
2016-02-01,371.81,234.85,272.96,361.37,437.78,542.99,639.01,805.98,1020.96,3
2016-02-02,373.05,234.77,273.03,361.25,437.89,543.14,639.18,805.68,1020.59,3
2016-02-03,368.38,234.66,273.09,361.08,437.99,543.25,639.31,805.31,1020.11,3
2016-02-04,387.82,234.57,273.16,360.94,438.10,543.39,639.48,804.99,1019.71,3
2016-02-05,385.00,234.65,273.26,360.89,438.28,543.62,639.74,804.89,1019.58,3
2016-02-06,375.39,234.73,273.34,360.83,438.45,543.83,639.99,804.75,1019.41,3
2016-02-07,375.00,234.85,273.47,360.85,438.68,544.11,640.32,804.78,1019.44,3
2016-02-08,370.91,234.92,273.56,360.79,438.84,544.32,640.57,804.66,1019.30,3
2016-02-09,373.20,235.01,273.68,360.76,439.04,544.56,640.85,804.61,1019.23,3
2016-02-10,379.66,235.13,273.83,360.80,439.28,544.86,641.20,804.70,1019.34,3
2016-02-11,377.98,235.28,274.02,360.91,439.58,545.23,641.64,804.94,1019.64,3
2016-02-12,383.27,235.46,274.12,361.08,439.91,545.65,642.13,805.25,1020.04,3
2016-02-13,390.99,235.68,274.32,361.34,440.33,546.16,642.74,805.84,1020.78,3
2016-02-14,405.00,235.94,274.59,361.69,440.81,546.76,643.44,806.62,1021.78,3
2016-02-15,399.28,236.22,274.90,362.14,441.34,547.41,644.20,807.53,1022.92,3
2016-02-16,407.51,236.51,275.24,362.68,441.89,548.09,645.01,808.54,1024.21,3
2016-02-17,415.54,236.83,275.62,363.36,442.48,548.83,645.88,809.69,1025.66,3
2016-02-18,421.18,237.14,275.97,364.07,443.06,549.54,646.71,810.79,1027.05,3
2016-02-19,419.54,237.48,276.38,364.84,443.69,550.32,647.63,811.99,1028.57,3
2016-02-20,434.63,237.77,276.70,365.52,444.23,550.99,648.42,812.93,1029.76,3
2016-02-21,438.50,238.02,276.96,366.14,444.71,551.59,649.13,813.70,1030.74,3
2016-02-22,438.27,238.26,277.19,366.72,445.15,552.14,649.77,814.36,1031.58,3
2016-02-23,419.10,238.50,277.40,367.28,445.59,552.68,650.41,814.98,1032.36,3
2016-02-24,423.78,238.70,277.58,367.72,445.97,553.16,650.97,815.45,1032.96,3
2016-02-25,423.51,238.90,277.78,368.14,446.35,553.63,651.52,815.91,1033.55,3
2016-02-26,432.00,239.12,277.98,368.61,446.75,554.13,652.11,816.49,1034.28,3
2016-02-27,431.07,239.37,278.26,369.24,447.22,554.71,652.80,817.32,1035.33,3
2016-02-28,431.68,239.60,278.51,369.80,447.66,555.25,653.43,818.06,1036.26,3
2016-02-29,435.23,239.83,278.77,370.37,448.09,555.78,654.06,818.81,1037.21,3
2016-03-01,432.50,240.02,278.95,370.80,448.44,556.22,654.57,819.33,1037.88,3
2016-03-02,423.45,240.18,279.10,371.11,448.74,556.60,655.02,819.79,1038.45,3
2016-03-03,420.29,240.34,279.23,371.37,449.03,556.95,655.44,820.16,1038.93,3
2016-03-04,408.01,240.46,279.31,371.53,449.27,557.25,655.77,820.41,1039.24,3
2016-03-05,399.83,240.57,279.33,371.58,449.46,557.49,656.05,820.46,1039.31,3
2016-03-06,406.23,240.66,279.32,371.63,449.64,557.70,656.28,820.43,1039.27,3
2016-03-07,414.01,240.76,279.32,371.74,449.82,557.93,656.55,820.42,1039.26,3
2016-03-08,411.75,240.89,279.37,371.95,450.06,558.23,656.90,820.57,1039.44,3
2016-03-09,413.00,241.03,279.42,372.21,450.33,558.56,657.29,820.72,1039.64,3
2016-03-10,416.00,241.17,279.47,372.47,450.59,558.88,657.66,820.88,1039.84,3
2016-03-11,419.13,241.30,279.51,372.71,450.83,558.96,657.75,821.00,1039.99,3
2016-03-12,410.90,241.44,279.57,372.97,451.09,559.08,657.88,821.15,1040.18,3
2016-03-13,413.04,241.60,279.66,373.28,451.40,559.27,658.11,821.43,1040.54,3
2016-03-14,414.99,241.77,279.76,373.54,451.71,559.49,658.34,821.73,1040.91,3
2016-03-15,415.85,241.92,279.83,373.73,451.98,559.66,658.53,821.94,1041.18,3
2016-03-16,416.57,242.07,279.91,373.95,452.27,559.85,658.73,822.16,1041.45,3
2016-03-17,418.49,242.22,279.97,374.15,452.55,560.02,658.91,822.34,1041.69,3
2016-03-18,407.91,242.36,280.03,374.35,452.82,560.15,659.06,822.52,1041.92,3
2016-03-19,409.04,242.52,280.11,374.57,453.11,560.31,659.25,822.76,1042.22,3
2016-03-20,411.28,242.68,280.19,374.81,453.41,560.47,659.44,823.00,1042.52,3
2016-03-21,411.67,242.83,280.26,374.99,453.69,560.61,659.60,823.20,1042.78,3
2016-03-22,416.64,243.01,280.37,375.25,454.02,560.83,659.86,823.52,1043.19,3
2016-03-23,417.62,243.19,280.51,375.53,454.37,561.10,660.18,823.92,1043.69,3
2016-03-24,415.17,243.40,280.68,375.89,454.75,561.44,660.59,824.43,1044.34,3
2016-03-25,415.70,243.59,280.87,376.28,455.16,561.82,661.02,824.98,1045.03,3
2016-03-26,416.96,243.77,281.02,376.63,455.53,562.13,661.39,825.43,1045.60,3
2016-03-27,424.77,243.94,281.17,376.93,455.89,562.42,661.73,825.86,1046.14,3
2016-03-28,422.87,244.13,281.31,377.23,456.26,562.71,662.08,826.29,1046.69,3
2016-03-29,415.95,244.31,281.44,377.51,456.60,562.97,662.38,826.67,1047.17,3
2016-03-30,413.74,244.49,281.57,377.79,456.95,563.21,662.67,827.03,1047.63,3
2016-03-31,414.66,244.66,281.66,378.02,457.26,563.41,662.90,827.31,1047.99,3
2016-04-01,416.31,244.73,281.74,378.23,457.56,563.56,663.08,827.54,1048.28,3
2016-04-02,419.00,244.82,281.84,378.47,457.89,563.77,663.32,827.84,1048.66,3
2016-04-03,419.11,244.93,281.98,378.74,458.24,564.04,663.64,828.24,1049.16,3
2016-04-04,418.75,245.11,282.18,379.06,458.65,564.45,664.12,828.84,1049.92,3
2016-04-05,422.71,245.28,282.37,379.39,459.05,564.83,664.57,829.40,1050.63,3
2016-04-06,421.03,245.44,282.56,379.69,459.43,565.20,665.00,829.94,1051.31,3
2016-04-07,420.00,245.63,282.78,380.01,459.85,565.63,665.52,830.58,1052.13,3
2016-04-08,417.75,245.83,283.00,380.32,460.28,566.09,666.05,831.25,1052.97,3
2016-04-09,418.24,246.03,283.24,380.65,460.71,566.56,666.60,831.94,1053.84,3
2016-04-10,420.04,246.21,283.44,380.97,461.12,566.97,667.09,832.55,1054.62,3
2016-04-11,422.69,246.33,283.58,381.26,461.48,567.25,667.41,832.95,1055.13,3
2016-04-12,425.54,246.47,283.75,381.58,461.86,567.57,667.80,833.43,1055.74,3
2016-04-13,423.93,246.63,283.92,381.94,462.26,567.92,668.21,833.94,1056.38,3
2016-04-14,424.86,246.74,284.05,382.26,462.61,568.18,668.51,834.32,1056.86,3
2016-04-15,429.45,246.84,284.17,382.58,462.96,568.42,668.80,834.68,1057.31,3
2016-04-16,430.69,246.95,284.29,382.91,463.32,568.67,669.09,835.04,1057.78,3
2016-04-17,427.42,247.09,284.45,383.33,463.72,568.99,669.46,835.51,1058.37,3
2016-04-18,428.14,247.27,284.66,383.84,464.16,569.39,669.94,836.10,1059.12,3
2016-04-19,435.63,247.45,284.87,384.35,464.60,569.82,670.44,836.73,1059.92,3
2016-04-20,442.13,247.65,285.09,384.85,465.06,570.27,670.97,837.39,1060.75,3
2016-04-21,451.00,247.89,285.37,385.46,465.57,570.83,671.63,838.21,1061.80,3
2016-04-22,447.70,248.20,285.73,386.22,466.16,571.54,672.47,839.26,1063.12,3
2016-04-23,451.92,248.54,286.12,387.07,466.79,572.33,673.39,840.41,1064.58,3
2016-04-24,460.02,248.82,286.44,387.72,467.33,572.97,674.14,841.35,1065.77,3
2016-04-25,462.33,249.07,286.73,388.31,467.84,573.55,674.83,842.21,1066.85,3
2016-04-26,467.42,249.33,287.03,388.93,468.36,574.14,675.52,843.07,1067.95,3
2016-04-27,445.38,249.56,287.30,389.49,468.86,574.68,676.16,843.86,1068.95,3
2016-04-28,449.14,249.78,287.55,390.01,469.34,575.19,676.76,844.62,1069.91,3
2016-04-29,456.53,249.93,287.73,390.32,469.73,575.54,677.17,845.13,1070.55,3
2016-04-30,448.37,250.04,287.85,390.52,470.08,575.78,677.45,845.48,1071.00,3
2016-05-01,453.00,250.18,288.01,390.89,470.48,576.10,677.83,845.95,1071.59,3
2016-05-02,444.06,250.31,288.16,391.24,470.87,576.39,678.18,846.38,1072.14,3
2016-05-03,450.61,250.46,288.33,391.64,471.29,576.74,678.59,846.89,1072.79,3
2016-05-04,446.63,250.61,288.51,392.08,471.71,577.11,679.02,847.43,1073.47,3
2016-05-05,448.50,250.75,288.67,392.48,472.11,577.42,679.38,847.89,1074.05,3
2016-05-06,458.48,250.91,288.85,392.96,472.54,577.79,679.82,848.43,1074.73,3
2016-05-07,458.07,251.06,289.02,393.39,472.94,578.13,680.22,848.93,1075.37,3
2016-05-08,458.21,251.22,289.21,393.74,473.36,578.50,680.66,849.48,1076.06,3
2016-05-09,460.82,251.39,289.40,394.10,473.79,578.89,681.11,850.04,1076.78,3
2016-05-10,451.62,251.51,289.54,394.35,474.16,579.17,681.44,850.46,1077.31,3
2016-05-11,452.91,251.65,289.70,394.59,474.55,579.48,681.81,850.92,1077.89,3
2016-05-12,455.20,251.78,289.85,394.82,474.94,579.79,682.17,851.36,1078.45,3
2016-05-13,455.91,251.88,289.97,394.99,475.29,580.03,682.45,851.71,1078.90,3
2016-05-14,455.57,252.09,290.21,395.26,475.73,580.50,683.01,852.41,1079.78,3
2016-05-15,457.56,252.28,290.43,395.53,476.15,580.95,683.54,853.07,1080.62,3
2016-05-16,454.00,252.44,290.61,395.66,476.51,581.30,683.95,853.59,1081.27,3
2016-05-17,453.08,252.61,290.80,395.80,476.90,581.69,684.41,854.16,1082.00,3
2016-05-18,452.92,252.76,290.99,395.93,477.27,582.06,684.84,854.70,1082.67,3
2016-05-19,436.30,252.91,291.15,396.01,477.62,582.39,685.23,855.18,1083.29,3
2016-05-20,442.72,253.08,291.35,396.13,478.00,582.78,685.68,855.75,1084.01,3
2016-05-21,443.31,253.15,291.43,396.15,478.29,582.94,685.87,855.99,1084.31,3
2016-05-22,438.80,253.24,291.53,396.20,478.62,583.14,686.12,856.29,1084.69,3
2016-05-23,442.99,253.37,291.69,396.40,479.01,583.46,686.49,856.75,1085.28,3
2016-05-24,443.97,253.62,291.98,396.82,479.51,584.04,687.17,857.61,1086.36,3
2016-05-25,448.70,254.07,292.49,397.74,480.24,585.06,688.37,859.10,1088.26,3
2016-05-26,452.07,254.62,293.12,398.85,481.07,586.32,689.86,860.96,1090.61,3
2016-05-27,472.05,255.28,293.88,400.14,482.07,587.84,691.65,863.19,1093.44,3
2016-05-28,519.41,256.04,294.75,401.61,483.18,589.59,693.71,865.76,1096.69,4
2016-05-29,517.84,256.86,295.70,403.17,484.35,591.49,695.94,868.55,1100.22,4
2016-05-30,527.64,257.78,296.76,404.87,485.61,593.61,698.43,871.66,1104.16,4
2016-05-31,531.84,258.68,297.80,406.51,486.88,595.69,700.88,874.71,1108.03,4
2016-06-01,536.95,259.47,298.71,407.78,488.00,597.50,703.01,877.38,1111.41,4
2016-06-02,538.00,260.23,299.58,408.99,489.10,599.24,705.06,879.93,1114.64,4
2016-06-03,569.94,260.95,300.44,410.11,490.22,600.97,707.09,882.46,1117.85,4
2016-06-04,573.80,261.62,301.24,411.09,491.27,602.57,708.97,884.81,1120.82,4
2016-06-05,573.91,262.25,302.03,411.98,492.32,604.16,710.84,887.15,1123.79,4
2016-06-06,584.50,262.80,302.75,412.75,493.30,605.59,712.52,889.25,1126.44,4
2016-06-07,577.54,263.27,303.40,413.40,494.20,606.89,714.05,891.16,1128.86,4
2016-06-08,583.03,263.73,304.09,414.02,495.15,608.26,715.67,893.18,1131.42,4
2016-06-09,575.01,264.36,305.08,414.74,496.39,610.25,718.01,896.10,1135.12,4
2016-06-10,578.01,265.15,306.55,415.44,498.13,613.18,721.46,900.40,1140.57,4
2016-06-11,610.00,265.93,308.09,416.16,500.00,616.28,725.10,904.95,1146.33,4
2016-06-12,672.13,266.72,309.81,416.92,502.44,619.57,728.99,909.98,1152.71,5
2016-06-13,704.49,267.74,312.08,417.74,506.76,623.61,733.77,917.08,1161.69,5
2016-06-14,685.25,268.77,314.37,418.52,511.49,627.69,738.59,924.52,1171.12,5
2016-06-15,695.00,269.80,316.62,419.21,516.56,631.70,743.34,932.10,1180.73,5
2016-06-16,766.62,270.65,318.51,419.71,521.62,635.08,747.34,938.95,1189.40,6
2016-06-17,745.22,271.49,320.10,420.23,525.89,637.83,750.59,944.21,1196.06,5
2016-06-18,754.83,272.26,321.54,420.74,529.98,640.22,753.43,949.02,1202.16,6
2016-06-19,761.44,272.84,322.54,421.09,532.71,641.86,755.35,952.25,1206.25,6
2016-06-20,730.85,273.20,322.96,421.35,533.66,642.69,756.33,953.41,1207.72,5
2016-06-21,667.54,273.55,323.36,421.61,534.44,643.49,757.27,954.36,1208.93,5
2016-06-22,601.30,273.86,323.70,421.98,534.93,644.16,758.06,955.01,1209.74,4
2016-06-23,624.91,274.09,323.98,422.30,535.02,644.59,758.57,955.09,1209.85,4
2016-06-24,661.71,274.31,324.24,422.60,535.25,645.03,759.08,955.31,1210.12,5
2016-06-25,659.86,274.55,324.51,422.85,535.57,645.54,759.69,955.60,1210.49,5
2016-06-26,630.16,274.90,324.93,423.14,536.55,646.38,760.68,956.63,1211.80,4
2016-06-27,657.50,275.29,325.41,423.60,537.76,647.34,761.80,957.98,1213.51,5
2016-06-28,646.08,275.66,325.85,424.07,538.89,648.22,762.84,959.21,1215.06,4
2016-06-29,634.11,276.05,326.33,424.49,540.13,649.19,763.98,960.55,1216.77,4
2016-06-30,667.95,276.45,326.83,424.94,541.40,650.19,765.16,962.03,1218.63,5
2016-07-01,674.86,276.85,327.26,425.35,542.58,651.18,766.32,963.40,1220.37,5
2016-07-02,702.48,277.26,327.73,425.83,543.79,652.21,767.53,964.91,1222.29,5
2016-07-03,658.27,277.72,328.21,426.36,545.13,653.34,768.87,966.66,1224.50,5
2016-07-04,680.35,278.06,328.61,426.70,546.02,654.19,769.87,967.78,1225.92,5
2016-07-05,668.94,278.42,328.98,427.07,546.81,655.05,770.88,968.88,1227.31,5
2016-07-06,674.70,278.73,329.33,427.44,547.37,655.78,771.74,969.75,1228.42,5
2016-07-07,638.19,279.08,329.74,427.90,548.01,656.59,772.69,970.77,1229.70,4
2016-07-08,663.00,279.42,330.10,428.41,548.54,657.32,773.55,971.69,1230.87,5
2016-07-09,647.78,279.76,330.49,428.89,549.05,658.08,774.44,972.60,1232.03,4
2016-07-10,648.76,280.08,330.88,429.35,549.49,658.78,775.26,973.39,1233.03,4
2016-07-11,649.32,280.44,331.29,429.83,550.08,659.61,776.24,974.43,1234.35,4
2016-07-12,663.52,280.78,331.68,430.25,550.59,660.37,777.14,975.33,1235.49,5
2016-07-13,655.06,281.12,332.03,430.60,551.08,661.15,778.06,976.20,1236.59,4
2016-07-14,659.10,281.48,332.36,430.96,551.68,662.02,779.08,977.26,1237.94,4
2016-07-15,664.60,281.84,332.57,431.23,552.23,662.88,780.09,978.24,1239.18,5
2016-07-16,662.45,282.20,332.80,431.55,552.81,663.74,781.11,979.27,1240.48,4
2016-07-17,679.54,282.56,333.03,431.87,553.38,664.60,782.12,980.27,1241.74,5
2016-07-18,672.10,282.91,333.25,432.19,553.91,665.43,783.09,981.21,1242.94,5
2016-07-19,673.48,283.24,333.47,432.49,554.37,666.19,783.99,982.02,1243.96,5
2016-07-20,667.03,283.56,333.69,432.78,554.78,666.93,784.85,982.76,1244.90,5
2016-07-21,663.99,283.87,333.96,433.07,555.18,667.64,785.70,983.47,1245.79,4
2016-07-22,649.95,284.18,334.18,433.40,555.60,668.34,786.49,984.21,1246.73,4
2016-07-23,655.52,284.46,334.36,433.63,555.93,668.99,787.25,984.78,1247.46,4
2016-07-24,661.47,284.76,334.55,433.89,556.31,669.69,788.07,985.46,1248.32,4
2016-07-25,654.96,285.06,334.75,434.16,556.70,670.40,788.90,986.16,1249.20,4
2016-07-26,651.24,285.38,334.97,434.46,557.16,671.16,789.80,986.97,1250.23,4
2016-07-27,653.48,285.71,335.21,434.78,557.66,671.94,790.72,987.86,1251.36,4
2016-07-28,653.07,285.97,335.37,435.00,557.91,672.54,791.42,988.30,1251.92,4
2016-07-29,654.61,286.17,335.47,435.36,557.98,672.61,791.51,988.42,1252.06,4
2016-07-30,654.67,286.23,335.30,435.72,557.46,672.00,790.78,987.50,1250.90,4
2016-07-31,623.83,286.27,335.10,436.07,556.84,671.31,789.94,986.41,1249.52,4
2016-08-01,606.35,286.33,334.93,436.48,556.29,670.72,789.23,985.43,1248.28,4
2016-08-02,540.00,286.38,334.73,436.85,555.68,670.09,788.47,984.35,1246.91,3
2016-08-03,563.42,286.42,334.52,437.19,555.05,669.47,787.71,983.22,1245.48,4
2016-08-04,576.13,286.51,334.34,437.58,554.52,668.95,787.07,982.29,1244.30,4
2016-08-05,572.50,286.47,334.19,438.04,554.13,668.47,786.52,981.59,1243.42,4
2016-08-06,589.48,286.55,334.25,438.47,554.24,668.61,786.67,981.79,1243.67,4
2016-08-07,592.47,286.63,334.31,438.89,554.33,668.72,786.81,981.95,1243.88,4
2016-08-08,591.88,286.65,334.29,439.22,554.29,668.68,786.75,981.89,1243.79,4
2016-08-09,582.75,286.68,334.28,439.55,554.28,668.66,786.73,981.86,1243.76,4
2016-08-10,590.27,286.70,334.26,439.86,554.25,668.62,786.69,981.81,1243.69,4
2016-08-11,585.22,286.71,334.22,440.15,554.17,668.53,786.58,981.68,1243.52,4
2016-08-12,585.91,286.66,334.13,440.41,554.03,668.36,786.38,981.43,1243.21,4
2016-08-13,583.52,286.66,334.11,440.71,553.99,668.31,786.32,981.35,1243.11,4
2016-08-14,568.76,286.66,334.09,441.00,553.96,668.27,786.28,981.30,1243.04,4
2016-08-15,565.55,286.69,334.09,441.30,553.96,668.27,786.28,981.30,1243.05,4
2016-08-16,574.99,286.71,334.09,441.62,553.96,668.28,786.28,981.30,1243.05,4
2016-08-17,570.91,286.81,334.16,442.05,554.07,668.41,786.44,981.50,1243.31,4
2016-08-18,571.49,286.93,334.26,442.48,554.24,668.61,786.67,981.79,1243.67,4
2016-08-19,572.91,287.08,334.40,442.93,554.47,668.90,787.01,982.21,1244.20,4
2016-08-20,577.88,287.20,334.51,443.35,554.66,669.12,787.27,982.54,1244.62,4
2016-08-21,577.55,287.33,334.62,443.77,554.84,669.34,787.54,982.87,1245.03,4
2016-08-22,582.78,287.51,334.81,444.27,555.15,669.71,787.97,983.41,1245.72,4
2016-08-23,580.23,287.70,335.00,444.77,555.47,670.10,788.43,983.98,1246.44,4
2016-08-24,577.58,287.82,335.11,445.15,555.66,670.32,788.69,984.30,1246.85,4
2016-08-25,575.71,287.93,335.21,445.52,555.83,670.53,788.93,984.61,1247.24,4
2016-08-26,578.78,288.01,335.28,445.91,555.93,670.65,789.08,984.79,1247.47,4
2016-08-27,568.31,288.12,335.37,446.33,556.08,670.83,789.29,985.06,1247.81,4
2016-08-28,573.20,288.26,335.50,446.79,556.30,671.10,789.60,985.45,1248.30,4
2016-08-29,571.50,288.33,335.55,447.17,556.39,671.21,789.73,985.61,1248.50,4
2016-08-30,575.91,288.39,335.60,447.53,556.46,671.29,789.83,985.73,1248.66,4
2016-08-31,570.75,288.49,335.70,447.92,556.63,671.50,790.07,986.03,1249.04,4
2016-09-01,571.05,288.62,335.84,448.32,556.86,671.77,790.39,986.43,1249.55,4
2016-09-02,572.00,288.79,336.03,448.72,557.17,672.15,790.84,986.99,1250.26,4
2016-09-03,595.01,288.97,336.24,449.10,557.52,672.57,791.34,987.61,1251.04,4
2016-09-04,603.72,289.15,336.47,449.44,557.90,673.03,791.88,988.28,1251.89,4
2016-09-05,603.48,289.39,336.76,449.80,558.38,673.61,792.56,989.13,1252.97,4
2016-09-06,608.16,289.65,337.08,450.16,558.92,674.25,793.32,990.08,1254.17,4
2016-09-07,615.16,289.89,337.38,450.52,559.41,674.85,794.02,990.96,1255.28,4
2016-09-08,625.67,290.11,337.64,450.88,559.85,675.38,794.64,991.73,1256.26,4
2016-09-09,622.01,290.31,337.89,451.23,560.28,675.87,795.22,992.45,1257.18,4
2016-09-10,621.65,290.52,338.13,451.64,560.68,676.35,795.79,993.16,1258.07,4
2016-09-11,606.32,290.71,338.34,452.05,561.04,676.78,796.29,993.79,1258.88,4
2016-09-12,608.04,290.86,338.51,452.43,561.32,677.12,796.69,994.29,1259.51,4
2016-09-13,607.46,291.01,338.68,452.83,561.59,677.45,797.08,994.78,1260.12,4
2016-09-14,608.50,291.15,338.83,453.22,561.84,677.76,797.44,995.22,1260.68,4
2016-09-15,606.71,291.29,338.99,453.61,562.12,678.08,797.82,995.70,1261.29,4
2016-09-16,605.69,291.45,339.16,454.00,562.60,678.42,798.22,996.20,1261.92,4
2016-09-17,604.10,291.60,339.34,454.38,563.07,678.77,798.63,996.71,1262.57,4
2016-09-18,608.00,291.74,339.49,454.75,563.50,679.07,798.98,997.15,1263.13,4
2016-09-19,608.72,291.87,339.62,455.13,563.91,679.35,799.31,997.56,1263.65,4
2016-09-20,600.94,291.98,339.75,455.49,564.27,679.59,799.60,997.92,1264.10,4
2016-09-21,595.46,292.08,339.84,455.89,564.62,679.77,799.81,998.18,1264.44,4
2016-09-22,595.41,292.19,339.94,456.33,564.95,679.98,800.06,998.49,1264.83,4
2016-09-23,601.42,292.32,340.07,456.77,565.40,680.24,800.35,998.86,1265.30,4
2016-09-24,599.33,292.43,340.17,457.18,565.83,680.43,800.59,999.15,1265.66,4
2016-09-25,598.98,292.54,340.28,457.58,566.27,680.66,800.85,999.49,1266.09,4
2016-09-26,606.47,292.67,340.40,457.99,566.72,680.91,801.15,999.85,1266.55,4
2016-09-27,604.26,292.79,340.52,458.39,567.16,681.15,801.43,1000.20,1266.99,4
2016-09-28,603.95,292.94,340.68,458.75,567.63,681.47,801.80,1000.67,1267.59,4
2016-09-29,605.60,293.05,340.82,459.06,568.07,681.73,802.12,1001.06,1268.08,4
2016-09-30,608.23,293.18,340.97,459.39,568.53,682.03,802.47,1001.50,1268.64,4
2016-10-01,612.98,293.33,341.13,459.75,569.00,682.35,802.85,1001.97,1269.23,4
2016-10-02,608.60,293.48,341.29,460.12,569.47,682.69,803.24,1002.47,1269.86,4
2016-10-03,611.16,293.64,341.47,460.49,569.96,683.05,803.66,1002.99,1270.53,4
2016-10-04,607.19,293.80,341.67,460.86,570.45,683.43,804.12,1003.56,1271.24,4
2016-10-05,608.49,293.97,341.86,461.24,570.95,683.82,804.57,1004.13,1271.96,4
2016-10-06,610.25,294.15,342.06,461.62,571.45,684.22,805.04,1004.71,1272.70,4
2016-10-07,614.88,294.30,342.23,461.99,571.93,684.56,805.44,1005.21,1273.34,4
2016-10-08,614.34,294.51,342.47,462.35,572.47,685.05,806.02,1005.93,1274.25,4
2016-10-09,613.06,294.79,342.79,462.75,573.08,685.68,806.76,1006.86,1275.43,4
2016-10-10,616.00,295.06,343.11,463.16,573.68,686.32,807.52,1007.80,1276.62,4
2016-10-11,639.00,295.35,343.44,463.58,574.29,686.98,808.29,1008.76,1277.84,4
2016-10-12,634.50,295.63,343.76,463.99,574.90,687.62,809.05,1009.71,1279.04,4
2016-10-13,634.02,295.93,344.10,464.41,575.52,688.30,809.84,1010.71,1280.30,4
2016-10-14,638.20,296.27,344.49,464.91,576.14,689.08,810.76,1011.85,1281.75,4
2016-10-15,635.96,296.57,344.83,465.41,576.71,689.75,811.55,1012.84,1283.00,4
2016-10-16,638.97,296.81,345.09,465.88,577.28,690.27,812.16,1013.60,1283.97,4
2016-10-17,636.91,297.03,345.34,466.35,577.84,690.77,812.75,1014.34,1284.90,4
2016-10-18,635.95,297.29,345.61,466.87,578.42,691.31,813.39,1015.13,1285.90,4
2016-10-19,627.98,297.56,345.92,467.41,579.05,691.93,814.12,1016.04,1287.05,4
2016-10-20,628.89,297.84,346.22,467.95,579.67,692.55,814.84,1016.94,1288.20,4
2016-10-21,629.00,298.09,346.49,468.47,580.13,693.09,815.48,1017.74,1289.21,4
2016-10-22,654.52,298.34,346.77,468.98,580.59,693.65,816.13,1018.55,1290.24,4
2016-10-23,648.74,298.68,347.16,469.52,581.08,694.42,817.04,1019.69,1291.68,4
2016-10-24,648.60,299.12,347.67,470.10,581.67,695.44,818.24,1021.18,1293.57,4
2016-10-25,651.97,299.55,348.18,470.65,582.28,696.46,819.45,1022.69,1295.48,4
2016-10-26,675.11,300.03,348.76,471.20,582.92,697.67,820.80,1024.38,1297.62,4
2016-10-27,684.71,300.50,349.33,471.76,583.59,698.89,822.15,1026.07,1299.75,4
2016-10-28,685.91,301.01,349.96,472.29,584.16,700.31,823.63,1027.91,1302.09,4
2016-10-29,711.13,301.58,350.67,472.84,584.86,702.03,825.30,1029.99,1304.73,5
2016-10-30,697.23,302.14,351.36,473.36,585.55,703.82,826.94,1032.04,1307.33,4
2016-10-31,697.01,302.56,351.89,473.83,586.13,705.22,828.18,1033.59,1309.29,4
2016-11-01,726.60,302.99,352.43,474.30,586.72,706.68,829.44,1035.17,1311.28,5
2016-11-02,742.00,303.36,352.87,474.74,587.27,707.93,830.49,1036.48,1312.94,5
2016-11-03,685.22,303.73,353.34,475.18,587.85,709.21,831.59,1037.85,1314.68,4
2016-11-04,702.70,304.06,353.75,475.61,588.39,710.31,832.55,1039.05,1316.20,4
2016-11-05,703.46,304.36,354.11,476.07,588.87,711.22,833.41,1040.12,1317.55,4
2016-11-06,709.93,304.67,354.48,476.54,589.36,712.12,834.27,1041.19,1318.91,4
2016-11-07,702.86,305.03,354.92,477.06,589.92,713.23,835.31,1042.49,1320.55,4
2016-11-08,709.31,305.39,355.35,477.59,590.49,714.29,836.32,1043.75,1322.16,4
2016-11-09,721.50,305.74,355.76,478.12,591.09,715.32,837.29,1044.96,1323.68,5
2016-11-10,714.47,306.07,356.14,478.64,591.71,716.27,838.19,1046.08,1325.11,4
2016-11-11,716.39,306.41,356.53,479.17,592.44,717.20,839.10,1047.22,1326.56,4
2016-11-12,702.28,306.73,356.89,479.68,593.20,718.03,839.96,1048.29,1327.90,4
2016-11-13,700.38,307.11,357.32,480.25,594.06,719.00,840.97,1049.55,1329.50,4
2016-11-14,703.82,307.53,357.79,480.85,594.96,720.10,842.08,1050.94,1331.27,4
2016-11-15,711.06,307.99,358.29,481.45,596.13,721.24,843.34,1052.51,1333.26,4
2016-11-16,739.71,308.48,358.82,482.08,597.50,722.39,844.70,1054.21,1335.41,5
2016-11-17,735.24,308.96,359.35,482.70,598.78,723.46,846.04,1055.88,1337.52,5
2016-11-18,748.98,309.46,359.88,483.34,600.07,724.59,847.43,1057.62,1339.72,5
2016-11-19,750.75,309.98,360.48,484.05,601.40,725.82,848.87,1059.42,1342.00,5
2016-11-20,727.09,310.41,360.95,484.68,602.63,726.76,850.03,1060.86,1343.83,5
2016-11-21,736.76,310.96,361.58,485.45,604.08,727.86,851.50,1062.69,1346.15,5
2016-11-22,749.22,311.45,362.15,486.19,605.20,728.87,852.79,1064.30,1348.19,5
2016-11-23,740.18,311.92,362.73,486.95,606.06,729.89,854.02,1065.84,1350.14,5
2016-11-24,735.63,312.42,363.33,487.72,606.93,731.00,855.34,1067.48,1352.22,5
2016-11-25,737.07,312.91,363.93,488.48,607.97,732.08,856.61,1069.08,1354.24,5
2016-11-26,729.91,313.35,364.43,489.16,608.90,732.99,857.77,1070.51,1356.06,4
2016-11-27,727.32,313.80,364.97,489.85,609.79,733.95,858.96,1072.00,1357.94,4
2016-11-28,729.54,314.12,365.32,490.37,610.50,734.74,859.83,1073.09,1359.33,4
2016-11-29,730.76,314.52,365.74,490.94,611.30,735.83,860.98,1074.52,1361.13,4
2016-11-30,742.06,315.30,366.52,491.72,612.41,737.60,862.97,1077.01,1364.29,5
2016-12-01,751.54,316.07,367.29,492.50,613.52,739.41,864.98,1079.51,1367.46,5
2016-12-02,769.99,316.83,368.05,493.30,614.49,741.19,866.95,1081.98,1370.58,5
2016-12-03,760.75,317.61,368.82,494.10,615.50,743.03,868.98,1084.51,1373.78,5
2016-12-04,762.00,318.39,369.57,494.89,616.53,744.86,871.00,1087.03,1376.98,5
2016-12-05,750.24,319.16,370.33,495.69,617.54,746.66,873.01,1089.54,1380.16,5
2016-12-06,758.98,319.87,371.02,496.44,618.52,748.21,874.80,1091.77,1382.99,5
2016-12-07,763.99,320.25,371.39,496.99,619.31,749.20,875.87,1093.11,1384.68,5
2016-12-08,766.84,320.64,371.78,497.55,620.10,750.19,876.94,1094.44,1386.37,5
2016-12-09,769.57,321.06,372.16,498.10,620.86,751.34,878.10,1095.89,1388.20,5
2016-12-10,772.28,321.48,372.58,498.69,621.68,752.50,879.27,1097.35,1390.05,5
2016-12-11,768.97,321.91,373.01,499.28,622.48,753.66,880.44,1098.82,1391.91,5
2016-12-12,776.90,322.32,373.42,499.86,623.25,754.78,881.57,1100.23,1393.70,5
2016-12-13,775.35,322.76,373.87,500.47,623.97,755.97,882.76,1101.71,1395.57,5
2016-12-14,777.09,323.26,374.30,501.08,624.66,757.18,883.91,1103.14,1397.39,5
2016-12-15,775.89,323.79,374.79,501.73,625.39,758.45,885.14,1104.68,1399.34,5
2016-12-16,781.32,324.30,375.27,502.38,626.02,759.64,886.31,1106.14,1401.19,5
2016-12-17,788.52,324.84,375.76,503.04,626.61,760.96,887.60,1107.74,1403.22,5
2016-12-18,788.67,325.54,376.47,503.87,627.51,762.76,889.33,1109.91,1405.97,5
2016-12-19,791.00,326.40,377.36,504.83,628.76,765.09,891.52,1112.63,1409.41,5
2016-12-20,798.65,327.55,378.49,505.90,630.44,768.43,894.58,1116.46,1414.26,5
2016-12-21,832.75,328.64,379.64,506.97,632.10,771.79,897.68,1120.33,1419.17,5
2016-12-22,859.96,329.75,380.78,508.02,633.76,775.25,900.84,1124.28,1424.16,5
2016-12-23,914.00,330.92,381.97,509.13,635.96,778.99,904.19,1128.45,1429.45,6
2016-12-24,892.61,332.20,383.22,510.26,638.21,783.08,907.85,1133.02,1435.24,5
2016-12-25,890.67,333.58,384.52,511.39,640.32,787.56,911.80,1137.94,1441.48,5
2016-12-26,897.10,334.96,385.82,512.50,642.17,792.07,915.75,1142.87,1447.72,5
2016-12-27,930.34,336.14,386.96,513.64,643.63,795.91,919.12,1147.09,1453.05,6
2016-12-28,976.47,337.33,388.09,514.85,645.07,799.80,922.54,1151.35,1458.46,6
2016-12-29,969.58,338.60,389.26,516.24,646.50,803.97,926.20,1155.92,1464.25,6
2016-12-30,959.54,340.03,390.60,517.60,648.02,808.56,930.29,1161.02,1470.71,6
2016-12-31,966.30,341.57,392.00,519.27,649.51,813.12,934.65,1166.47,1477.61,6
2017-01-01,997.75,343.36,393.55,521.52,651.01,817.40,940.39,1172.93,1485.79,6
2017-01-02,1012.54,345.21,395.41,524.52,652.74,821.43,946.72,1180.19,1494.99,6
2017-01-03,1035.24,346.84,397.10,527.27,654.44,824.65,951.73,1186.14,1502.52,6
2017-01-04,1114.92,348.43,398.78,530.00,656.18,827.62,956.55,1191.85,1509.76,6
2017-01-05,1004.74,349.92,400.40,532.62,657.90,830.15,961.05,1197.15,1516.47,6
2017-01-06,893.89,351.20,401.84,534.98,659.47,832.52,964.90,1201.68,1522.21,5
2017-01-07,906.20,352.24,403.12,537.06,660.97,834.34,968.10,1205.37,1526.88,5
2017-01-08,909.75,352.54,403.88,538.22,662.27,835.04,967.99,1205.93,1527.59,5
2017-01-09,896.23,352.57,404.11,538.55,663.21,835.29,966.65,1204.91,1526.30,5
2017-01-10,905.05,352.68,404.41,539.08,664.14,835.87,966.24,1204.69,1526.02,5
2017-01-11,778.62,352.75,404.65,539.55,665.01,836.39,965.72,1204.36,1525.60,4
2017-01-12,807.47,352.77,404.85,539.98,665.85,836.88,965.10,1203.90,1525.03,4
2017-01-13,825.86,352.76,405.01,540.34,666.60,837.26,964.46,1203.38,1524.36,4
2017-01-14,818.27,352.87,405.24,540.83,667.38,837.84,964.30,1203.31,1524.27,4
2017-01-15,821.86,353.19,405.57,541.53,668.12,838.82,965.32,1204.37,1525.62,4
2017-01-16,831.81,353.58,405.91,542.25,668.83,839.87,966.66,1205.70,1527.30,4
2017-01-17,905.99,353.98,406.24,542.91,669.47,840.91,968.11,1207.09,1529.07,5
2017-01-18,887.70,354.49,406.62,543.65,670.15,842.10,969.96,1208.84,1531.28,5
2017-01-19,901.01,355.07,407.06,544.45,670.84,843.36,972.06,1210.85,1533.83,5
2017-01-20,895.80,355.68,407.51,545.29,671.57,844.70,974.32,1212.98,1536.53,5
2017-01-21,921.98,356.16,407.91,546.00,672.26,845.81,976.02,1214.61,1538.59,5
2017-01-22,923.76,356.69,408.35,546.81,673.00,847.00,977.89,1216.41,1540.87,5
2017-01-23,913.52,357.26,408.83,547.67,673.77,848.23,979.97,1218.31,1543.28,5
2017-01-24,885.47,357.82,409.32,548.53,674.56,849.48,982.16,1220.24,1545.73,5
2017-01-25,893.43,358.32,409.77,549.32,675.32,850.65,984.16,1221.99,1547.94,5
2017-01-26,914.83,358.85,410.40,550.33,676.31,851.89,986.17,1223.84,1550.28,5
2017-01-27,918.02,359.37,411.02,551.31,677.25,853.07,988.16,1225.66,1552.59,5
2017-01-28,918.60,359.98,411.67,552.35,678.21,854.40,990.59,1227.83,1555.33,5
2017-01-29,912.01,360.63,412.34,553.41,679.16,855.79,993.22,1230.19,1558.32,5
2017-01-30,919.99,361.33,413.04,554.54,680.12,857.26,995.96,1232.77,1561.71,5
2017-01-31,963.99,362.12,413.93,555.97,681.31,858.91,999.14,1235.84,1566.00,5
2017-02-01,983.67,362.97,414.88,557.51,682.70,860.66,1002.59,1239.21,1570.82,5
2017-02-02,1009.17,363.76,415.66,558.83,683.96,862.32,1005.97,1242.42,1575.51,6
2017-02-03,1016.99,364.62,416.54,560.31,685.09,864.20,1009.64,1245.89,1580.72,6
2017-02-04,1033.18,365.48,417.53,561.97,686.56,866.15,1013.47,1249.55,1586.41,6
2017-02-05,1011.07,366.30,418.52,563.63,688.19,868.07,1017.28,1253.17,1592.26,5
2017-02-06,1023.99,367.03,419.48,565.21,689.94,869.77,1020.47,1256.28,1597.27,6
2017-02-07,1052.48,367.74,420.37,566.68,691.72,871.43,1023.46,1259.26,1601.94,6
2017-02-08,1050.40,368.42,421.20,568.04,693.39,873.01,1026.19,1261.99,1606.21,6
2017-02-09,986.00,369.08,422.01,569.38,695.02,874.58,1028.83,1264.67,1610.34,5
2017-02-10,996.08,369.73,422.77,570.65,696.54,876.07,1031.32,1267.24,1614.24,5
2017-02-11,1012.40,370.32,423.39,571.68,697.81,877.41,1033.37,1269.44,1617.45,5
2017-02-12,1000.73,370.86,423.95,572.61,698.93,878.66,1035.14,1271.34,1620.22,5
2017-02-13,1000.79,371.44,424.48,573.52,700.04,880.04,1037.30,1273.53,1623.60,5
2017-02-14,1008.88,372.05,425.04,574.47,701.20,881.50,1039.30,1275.91,1627.35,5
2017-02-15,1011.53,372.68,425.65,575.49,702.45,882.99,1041.24,1278.61,1631.48,5
2017-02-16,1032.70,373.31,426.32,576.57,703.76,884.51,1043.12,1281.41,1635.73,5
2017-02-17,1055.46,373.97,427.06,577.63,705.07,886.11,1045.64,1284.44,1640.19,6
2017-02-18,1056.40,374.69,428.01,578.87,706.58,887.88,1048.21,1288.14,1645.48,6
2017-02-19,1051.80,375.51,429.30,580.47,708.53,889.93,1050.95,1292.90,1651.98,6
2017-02-20,1084.00,376.31,430.93,582.42,710.80,892.26,1053.77,1298.78,1659.77,6
2017-02-21,1124.62,377.00,432.86,584.88,713.56,894.77,1056.73,1305.46,1668.32,6
2017-02-22,1130.01,377.64,434.81,587.35,716.29,897.23,1059.64,1311.92,1676.58,6
2017-02-23,1188.11,378.27,436.77,589.85,718.97,899.74,1062.60,1318.53,1685.03,6
2017-02-24,1180.14,379.16,438.81,592.53,721.76,902.42,1065.77,1325.43,1693.84,6
2017-02-25,1152.20,379.94,440.75,595.17,724.41,904.98,1068.79,1331.97,1702.20,6
2017-02-26,1179.05,380.67,442.68,597.88,726.97,907.55,1071.83,1338.57,1710.64,6
2017-02-27,1194.64,381.59,444.64,600.74,729.63,910.34,1074.84,1345.22,1719.13,6
2017-02-28,1191.21,382.71,446.39,603.46,732.26,913.58,1078.07,1352.07,1727.89,6
2017-03-01,1226.39,383.88,448.14,606.28,735.00,917.11,1081.62,1359.25,1737.07,6
2017-03-02,1257.60,385.09,449.88,609.21,737.85,920.92,1085.46,1366.67,1746.54,6
2017-03-03,1285.33,386.45,451.99,612.20,740.83,924.42,1088.85,1374.29,1756.29,6
2017-03-04,1260.00,387.82,453.98,615.12,743.85,927.97,1092.36,1381.76,1765.83,6
2017-03-05,1273.00,389.08,455.60,617.62,746.63,931.29,1095.51,1388.08,1773.90,6
2017-03-06,1278.49,390.24,456.96,619.65,749.17,934.34,1098.48,1393.32,1780.61,6
2017-03-07,1233.05,391.16,458.04,620.99,751.05,936.55,1100.61,1396.59,1784.79,6
2017-03-08,1150.05,392.10,459.14,622.28,752.88,938.56,1102.67,1399.77,1788.85,6
2017-03-09,1190.89,393.04,460.24,623.52,754.65,940.36,1104.74,1402.97,1792.94,6
2017-03-10,1116.97,394.07,461.45,625.01,756.67,942.34,1107.21,1406.48,1797.42,6
2017-03-11,1176.55,395.15,462.71,626.56,758.63,944.49,1109.84,1410.19,1802.16,6
2017-03-12,1226.62,396.39,464.16,628.43,760.79,947.16,1113.16,1414.93,1808.21,6
2017-03-13,1242.46,397.50,465.46,630.28,762.88,949.64,1116.39,1419.40,1813.94,6
2017-03-14,1245.86,398.50,466.64,631.99,764.98,951.76,1119.36,1423.30,1818.92,6
2017-03-15,1257.32,399.31,467.58,633.35,767.09,953.33,1121.54,1425.72,1822.01,6
2017-03-16,1172.62,400.06,468.46,634.60,769.24,954.84,1123.45,1427.59,1824.39,6
2017-03-17,1071.02,400.47,468.95,635.21,770.80,955.46,1124.25,1427.99,1824.91,5
2017-03-18,969.40,400.96,469.52,635.99,772.53,956.28,1125.23,1428.67,1825.78,5
2017-03-19,1017.97,401.28,469.89,636.43,774.10,956.51,1125.50,1428.28,1825.28,5
2017-03-20,1035.96,401.56,470.22,636.70,775.43,956.49,1125.47,1427.47,1824.25,5
2017-03-21,1114.39,401.84,470.54,637.50,777.36,956.24,1125.37,1426.45,1822.95,5
2017-03-22,1037.56,402.26,471.04,638.76,779.45,956.47,1125.84,1426.51,1823.02,5
2017-03-23,1029.65,402.65,471.49,640.09,781.56,956.66,1126.23,1426.47,1822.97,5
2017-03-24,929.06,403.13,472.06,641.62,783.84,957.36,1127.59,1427.11,1823.79,4
2017-03-25,956.02,403.51,472.50,642.93,785.95,957.62,1128.48,1427.25,1823.96,4
2017-03-26,960.00,403.91,472.97,644.27,787.97,957.94,1129.38,1427.46,1824.23,5
2017-03-27,1039.92,404.36,473.50,645.77,790.10,958.49,1130.47,1428.05,1824.99,5
2017-03-28,1043.99,405.07,474.33,647.16,791.80,960.09,1132.32,1430.61,1828.26,5
2017-03-29,1035.96,405.80,475.18,648.42,793.34,961.82,1134.20,1433.42,1831.85,5
2017-03-30,1033.70,406.53,476.04,649.60,794.78,963.57,1136.09,1436.38,1835.63,5
2017-03-31,1070.31,407.34,476.99,650.81,796.27,965.40,1138.16,1439.69,1839.86,5
2017-04-01,1083.94,408.17,477.96,651.97,797.70,967.40,1140.24,1443.11,1844.23,5
2017-04-02,1078.01,409.05,478.99,653.21,799.20,969.61,1142.43,1446.88,1849.05,5
2017-04-03,1144.77,410.04,480.15,654.54,800.84,972.23,1145.07,1451.42,1854.85,5
2017-04-04,1143.00,411.00,481.28,655.96,802.57,974.84,1147.98,1455.82,1860.47,5
2017-04-05,1134.58,411.95,482.38,657.32,804.24,977.41,1150.96,1460.15,1866.02,5
2017-04-06,1190.85,412.97,483.65,658.70,805.92,980.19,1154.23,1464.93,1872.11,6
2017-04-07,1190.66,413.97,484.82,660.00,807.51,982.76,1156.74,1469.33,1877.74,6
2017-04-08,1184.03,415.00,486.02,661.34,809.16,985.44,1159.57,1473.87,1883.54,6
2017-04-09,1206.20,416.03,487.23,662.78,810.92,988.17,1162.66,1478.61,1889.59,6
2017-04-10,1209.25,416.93,488.27,664.04,812.45,990.39,1165.28,1482.52,1894.59,6
2017-04-11,1218.99,417.81,489.28,665.14,813.80,992.30,1167.52,1485.92,1898.95,6
2017-04-12,1212.17,418.67,490.26,666.20,815.10,994.12,1169.67,1489.21,1903.15,6
2017-04-13,1172.91,419.44,491.06,667.17,816.27,995.67,1171.49,1491.99,1906.70,6
2017-04-14,1170.34,420.21,491.86,668.24,817.49,997.26,1173.36,1494.88,1910.39,5
2017-04-15,1173.45,420.98,492.63,669.39,818.74,998.83,1175.20,1497.79,1914.12,5
2017-04-16,1162.31,421.74,493.38,670.44,819.84,1000.29,1176.92,1500.44,1917.50,5
2017-04-17,1176.54,422.60,494.31,671.74,821.11,1002.15,1179.12,1503.79,1921.78,5
2017-04-18,1202.58,423.45,495.28,673.03,822.28,1004.16,1181.48,1507.39,1926.39,6
2017-04-19,1203.98,424.31,496.26,674.35,823.45,1006.18,1183.86,1511.03,1931.04,6
2017-04-20,1234.19,425.21,497.34,675.80,824.71,1008.37,1186.43,1514.92,1936.00,6
2017-04-21,1243.61,426.11,498.30,677.34,825.98,1010.56,1189.01,1518.73,1940.87,6
2017-04-22,1233.20,427.01,499.29,678.95,827.26,1012.82,1191.67,1522.60,1945.82,6
2017-04-23,1241.99,427.95,500.48,680.70,828.65,1015.32,1194.61,1526.85,1951.25,6
2017-04-24,1253.58,428.90,501.85,682.61,830.12,1018.03,1197.80,1531.57,1957.28,6
2017-04-25,1269.00,429.94,503.50,684.86,832.07,1021.16,1201.49,1536.91,1964.11,6
2017-04-26,1287.99,431.01,505.29,687.30,834.18,1024.53,1205.44,1542.65,1971.44,6
2017-04-27,1331.53,432.13,507.22,689.83,836.50,1028.09,1209.64,1548.82,1979.32,6
2017-04-28,1330.70,433.41,509.41,692.63,839.41,1032.20,1214.47,1555.94,1988.43,6
2017-04-29,1333.00,434.83,512.04,695.70,842.71,1036.88,1219.98,1564.19,1998.97,6
2017-04-30,1350.21,436.47,514.99,698.87,846.29,1042.12,1226.14,1573.76,2011.20,6
2017-05-01,1390.86,438.75,518.50,702.21,850.42,1048.31,1233.43,1584.97,2025.52,6
2017-05-02,1447.75,441.42,522.23,705.46,854.95,1054.87,1241.14,1596.77,2040.60,6
2017-05-03,1503.22,444.39,526.23,708.81,859.99,1061.92,1249.44,1609.44,2056.80,6
2017-05-04,1537.23,447.53,530.30,712.17,865.18,1069.13,1257.92,1623.08,2074.23,6
2017-05-05,1514.90,450.88,534.77,715.66,871.12,1077.13,1267.34,1638.11,2093.44,6
2017-05-06,1558.02,454.84,539.65,719.45,878.01,1085.84,1277.59,1654.28,2114.10,6
2017-05-07,1554.01,459.15,544.77,723.56,885.67,1094.99,1288.35,1670.93,2135.37,6
2017-05-08,1649.54,463.66,550.04,728.07,894.33,1104.43,1299.46,1688.13,2157.36,6
2017-05-09,1720.28,467.90,554.90,732.48,902.51,1113.41,1310.02,1704.59,2178.39,7
2017-05-10,1772.58,472.19,559.63,737.02,910.78,1122.49,1320.62,1721.25,2199.69,7
2017-05-11,1828.45,476.44,564.28,741.59,918.99,1131.53,1330.97,1737.18,2220.04,7
2017-05-12,1691.51,480.13,568.17,745.73,926.10,1139.38,1339.57,1751.01,2237.71,6
2017-05-13,1776.89,483.21,571.28,749.36,932.05,1146.05,1346.56,1762.83,2252.82,7
2017-05-14,1784.00,486.43,574.09,753.51,938.25,1152.95,1353.68,1774.87,2268.21,7
2017-05-15,1705.48,489.22,576.19,757.50,943.64,1159.12,1360.08,1785.57,2281.88,6
2017-05-16,1700.01,492.59,578.58,762.47,950.14,1166.29,1368.07,1798.41,2298.30,6
2017-05-17,1782.99,496.21,581.11,768.00,957.12,1173.47,1376.86,1812.11,2315.80,6
2017-05-18,1878.99,500.20,583.90,774.15,964.82,1181.41,1386.90,1827.06,2334.90,7
2017-05-19,1958.00,505.49,587.94,782.37,974.12,1192.44,1400.66,1846.22,2359.39,7
2017-05-20,2013.99,512.30,593.47,792.98,984.57,1206.87,1417.99,1870.64,2390.59,7
2017-05-21,2017.55,520.05,600.16,805.00,995.08,1223.15,1436.88,1898.34,2426.00,7
2017-05-22,2099.97,528.85,608.00,818.63,1006.00,1241.30,1458.41,1929.20,2465.44,7
2017-05-23,2264.23,537.80,616.31,832.41,1016.29,1259.97,1480.40,1960.55,2505.50,7
2017-05-24,2420.29,546.06,624.19,845.18,1025.50,1277.67,1500.50,1989.21,2542.12,7
2017-05-25,2292.53,554.23,632.12,857.73,1034.19,1295.19,1520.32,2017.54,2578.33,7
2017-05-26,2279.82,561.55,639.26,868.83,1041.58,1310.58,1537.99,2043.35,2611.32,7
2017-05-27,2042.00,567.53,645.18,877.82,1047.93,1322.98,1552.92,2064.39,2638.20,6
2017-05-28,2178.81,572.66,650.44,885.51,1054.04,1333.98,1567.13,2083.04,2662.04,7
2017-05-29,2292.10,577.18,655.30,892.26,1060.50,1344.33,1579.99,2100.55,2684.42,7
2017-05-30,2203.51,581.46,660.04,898.71,1067.33,1354.24,1592.33,2116.96,2706.33,7
2017-05-31,2298.01,586.51,665.61,906.29,1075.31,1365.36,1606.91,2134.92,2732.46,7
2017-06-01,2413.63,591.63,671.31,914.06,1083.74,1376.35,1621.77,2151.99,2759.31,7
2017-06-02,2488.94,597.15,677.56,922.57,1093.40,1387.43,1637.97,2172.24,2788.82,7
2017-06-03,2540.94,603.55,684.82,932.45,1104.85,1399.43,1656.77,2193.64,2823.74,7
2017-06-04,2530.27,609.52,691.59,941.67,1115.77,1410.15,1674.17,2211.80,2856.48,7
2017-06-05,2698.00,615.46,698.34,950.86,1126.66,1419.91,1691.57,2227.75,2889.13,7
2017-06-06,2880.74,621.50,705.18,960.18,1137.70,1429.32,1709.15,2242.66,2922.08,7
2017-06-07,2683.03,627.91,712.45,970.08,1149.43,1439.25,1727.68,2258.33,2956.76,7
2017-06-08,2806.00,634.57,720.02,980.38,1161.64,1449.54,1746.18,2274.55,2993.01,7
2017-06-09,2822.32,641.02,727.33,990.34,1173.44,1459.65,1763.21,2290.53,3027.24,7
2017-06-10,2899.99,647.21,734.36,999.90,1184.77,1469.53,1778.38,2305.95,3059.03,7
2017-06-11,2954.22,653.18,741.13,1009.13,1195.70,1479.13,1792.98,2320.88,3088.96,7
2017-06-12,2667.06,658.39,747.05,1017.18,1205.24,1487.87,1805.38,2334.24,3115.09,7
2017-06-13,2703.02,663.37,752.70,1024.87,1214.36,1496.83,1816.61,2347.23,3139.01,7
2017-06-14,2450.00,667.67,757.57,1031.51,1222.22,1504.78,1825.72,2359.02,3158.47,7
2017-06-15,2424.91,671.83,762.29,1037.93,1229.83,1512.87,1834.52,2370.29,3174.62,7
2017-06-16,2484.68,675.92,766.93,1044.26,1237.33,1520.91,1843.07,2381.16,3193.69,7
2017-06-17,2630.00,679.90,771.45,1050.41,1244.61,1528.90,1851.34,2391.82,3210.41,7
2017-06-18,2516.98,684.08,776.19,1056.86,1252.25,1537.12,1859.91,2403.06,3227.19,7
2017-06-19,2598.00,688.73,781.47,1064.06,1260.78,1545.99,1869.17,2415.26,3244.31,7
2017-06-20,2740.00,693.19,786.53,1070.94,1268.94,1554.01,1878.19,2427.45,3260.02,7
2017-06-21,2657.04,697.37,791.27,1077.40,1276.59,1561.82,1886.83,2439.24,3274.52,7
2017-06-22,2713.48,700.94,795.32,1082.91,1283.12,1568.39,1894.62,2450.30,3287.69,7
2017-06-23,2685.05,703.72,798.47,1087.20,1288.21,1573.87,1901.34,2458.54,3298.69,7
2017-06-24,2557.66,706.07,801.15,1090.84,1292.52,1578.58,1907.44,2466.12,3308.66,7
2017-06-25,2502.03,708.45,803.84,1094.52,1296.88,1583.41,1913.55,2473.92,3318.85,7
2017-06-26,2421.22,710.55,806.22,1097.76,1300.71,1587.73,1919.25,2481.25,3328.21,6
2017-06-27,2565.00,712.70,808.67,1101.09,1304.66,1592.39,1924.98,2489.11,3337.62,7
2017-06-28,2559.90,714.80,811.05,1104.33,1308.50,1596.88,1930.57,2496.72,3346.99,7
2017-06-29,2541.59,717.14,813.70,1107.94,1312.77,1601.79,1936.49,2505.21,3357.23,7
2017-06-30,2465.49,719.97,816.92,1112.32,1317.97,1607.54,1943.11,2514.45,3368.97,6
2017-07-01,2412.41,722.67,819.98,1116.48,1322.90,1613.22,1949.56,2523.25,3380.20,6
2017-07-02,2504.37,725.49,823.18,1120.84,1328.07,1619.27,1956.16,2532.56,3391.71,6
2017-07-03,2550.47,728.20,826.25,1125.03,1333.03,1625.17,1962.63,2542.17,3403.00,7
2017-07-04,2596.12,730.87,829.29,1129.16,1337.92,1630.91,1969.05,2551.67,3414.15,7
2017-07-05,2602.90,733.68,832.48,1133.50,1343.07,1636.85,1975.71,2561.75,3425.89,7
2017-07-06,2600.39,736.24,835.37,1137.45,1347.74,1642.45,1982.02,2570.86,3436.74,7
2017-07-07,2501.46,738.08,837.46,1140.29,1351.11,1646.86,1987.29,2577.41,3445.37,6
2017-07-08,2550.07,739.61,839.20,1142.66,1353.92,1650.90,1992.10,2583.36,3453.18,6
2017-07-09,2502.28,740.75,840.49,1144.41,1355.99,1654.05,1996.34,2588.42,3460.23,6
2017-07-10,2323.45,741.73,841.60,1145.93,1357.79,1657.03,2000.31,2592.55,3466.82,6
2017-07-11,2305.98,742.22,842.16,1146.69,1358.70,1659.40,2003.57,2594.72,3472.22,6
2017-07-12,2388.00,742.00,841.91,1146.35,1358.29,1660.94,2005.76,2594.62,3475.35,6
2017-07-13,2339.99,741.43,841.26,1145.46,1357.24,1661.94,2007.34,2593.66,3477.63,6
2017-07-14,2213.37,741.79,841.68,1146.03,1357.91,1664.66,2010.19,2596.47,3481.91,6
2017-07-15,1970.51,742.45,842.42,1147.04,1359.11,1667.64,2013.42,2599.90,3487.05,5
2017-07-16,1917.63,743.16,843.22,1148.13,1360.40,1670.71,2016.69,2603.18,3492.04,5
2017-07-17,2226.00,745.46,845.84,1151.70,1364.63,1675.76,2022.22,2610.62,3502.12,6
2017-07-18,2303.71,748.17,848.91,1155.88,1369.58,1681.24,2028.36,2619.48,3512.98,6
2017-07-19,2265.21,752.04,853.30,1161.86,1376.66,1688.13,2036.24,2632.20,3527.39,6
2017-07-20,2875.03,756.49,858.36,1168.74,1384.82,1695.69,2045.06,2646.67,3543.12,7
2017-07-21,2670.00,760.70,863.13,1175.24,1392.52,1702.62,2053.65,2659.44,3559.39,7
2017-07-22,2832.71,765.46,868.53,1182.60,1401.24,1712.98,2063.49,2673.28,3576.40,7
2017-07-23,2749.02,770.26,873.98,1190.01,1410.02,1723.45,2073.42,2687.74,3593.50,7
2017-07-24,2759.98,774.36,878.63,1196.34,1417.52,1733.47,2082.92,2701.67,3608.00,7
2017-07-25,2564.82,780.36,885.43,1205.61,1428.51,1747.51,2097.18,2723.15,3627.50,6
2017-07-26,2524.99,787.55,893.60,1216.72,1441.67,1766.67,2117.42,2749.22,3649.15,6
2017-07-27,2666.33,797.02,904.34,1231.36,1459.02,1790.34,2142.82,2784.69,3676.29,6
2017-07-28,2777.01,809.51,918.51,1250.64,1481.87,1824.45,2180.83,2831.72,3711.79,6
2017-07-29,2680.56,822.38,933.11,1270.53,1505.43,1857.16,2219.92,2882.09,3748.95,6
2017-07-30,2742.37,836.09,948.67,1291.71,1530.53,1891.80,2261.33,2935.88,3788.57,6
2017-07-31,2855.81,850.26,964.75,1313.61,1556.48,1928.01,2304.62,2991.94,3832.79,6
2017-08-01,2731.00,864.80,981.25,1336.07,1583.09,1966.17,2350.23,3050.02,3885.03,6
2017-08-02,2703.51,880.09,998.60,1359.70,1611.08,2003.60,2394.97,3111.67,3946.64,6
2017-08-03,2793.37,895.41,1015.98,1383.36,1639.12,2041.68,2440.49,3172.33,4015.55,6
2017-08-04,2855.00,910.19,1032.74,1406.19,1666.17,2072.99,2477.92,3224.99,4084.52,6
2017-08-05,3263.62,926.00,1050.69,1430.62,1695.12,2106.04,2517.43,3277.50,4162.10,6
2017-08-06,3222.75,942.30,1069.19,1455.81,1724.96,2139.56,2557.49,3329.28,4244.62,6
2017-08-07,3387.55,958.38,1087.43,1480.65,1754.40,2171.61,2595.80,3378.50,4326.17,7
2017-08-08,3412.41,973.42,1104.49,1503.88,1781.92,2199.43,2629.05,3422.61,4402.01,6
2017-08-09,3342.99,987.80,1120.80,1526.09,1808.24,2225.19,2659.85,3463.16,4474.39,6
2017-08-10,3413.03,1001.53,1136.39,1547.32,1833.39,2248.64,2687.88,3501.18,4543.34,6
2017-08-11,3645.06,1015.01,1151.69,1568.14,1858.06,2272.40,2715.04,3542.72,4610.87,7
2017-08-12,3855.10,1027.61,1165.97,1587.59,1881.11,2295.01,2739.87,3584.37,4673.58,7
2017-08-13,4053.87,1040.54,1180.65,1607.58,1904.80,2318.88,2764.47,3629.29,4737.93,7
2017-08-14,4306.23,1054.25,1196.20,1628.75,1929.88,2345.22,2790.57,3678.00,4806.19,7
2017-08-15,4155.67,1067.53,1211.27,1649.27,1954.19,2371.65,2816.96,3725.12,4872.32,7
2017-08-16,4378.84,1080.55,1226.05,1669.39,1978.03,2398.54,2843.47,3771.20,4937.11,7
2017-08-17,4276.50,1093.51,1240.75,1689.40,2001.75,2426.31,2870.75,3816.87,5001.55,7
2017-08-18,4100.00,1104.63,1253.37,1706.59,2022.11,2450.99,2895.36,3855.94,5056.59,7
2017-08-19,4099.55,1115.75,1265.98,1723.77,2042.46,2475.66,2920.61,3894.73,5111.06,7
2017-08-20,4058.68,1126.39,1278.06,1740.21,2061.94,2499.27,2946.36,3931.89,5162.15,7
2017-08-21,3987.52,1136.12,1289.09,1755.24,2079.75,2520.85,2970.49,3966.00,5208.36,7
2017-08-22,4085.00,1145.81,1300.09,1770.21,2097.49,2542.36,2993.80,4000.07,5254.14,7
2017-08-23,4108.12,1154.71,1310.19,1783.96,2113.78,2562.10,3015.03,4031.49,5295.48,7
2017-08-24,4300.34,1162.51,1319.04,1796.01,2128.07,2579.42,3033.41,4059.18,5331.36,7
2017-08-25,4355.98,1170.67,1328.30,1808.62,2143.00,2597.52,3052.09,4088.20,5368.86,7
2017-08-26,4333.38,1179.65,1338.49,1822.49,2159.44,2617.44,3072.16,4120.48,5409.86,7
2017-08-27,4337.68,1188.53,1348.57,1836.22,2175.70,2637.16,3091.62,4152.42,5451.44,7
2017-08-28,4379.99,1198.54,1359.92,1851.67,2194.02,2659.35,3113.17,4188.26,5498.22,7
2017-08-29,4578.82,1209.74,1372.63,1868.98,2214.52,2684.21,3136.65,4228.29,5550.29,7
2017-08-30,4573.20,1221.01,1385.41,1886.39,2235.15,2709.21,3160.27,4268.49,5602.53,7
2017-08-31,4734.26,1232.30,1398.23,1903.83,2255.82,2734.26,3184.01,4308.68,5654.38,7
2017-09-01,4921.70,1243.05,1410.42,1920.44,2275.50,2758.11,3207.45,4346.85,5702.96,7
2017-09-02,4599.90,1252.42,1421.06,1934.92,2292.66,2778.92,3227.87,4380.08,5745.65,7
2017-09-03,4606.26,1261.90,1431.81,1949.56,2310.00,2799.94,3247.95,4413.49,5788.39,7
2017-09-04,4277.00,1271.23,1442.40,1963.98,2327.09,2820.65,3269.01,4446.42,5830.82,6
2017-09-05,4396.52,1278.37,1450.50,1975.01,2340.15,2836.48,3286.02,4471.68,5863.63,6
2017-09-06,4605.80,1284.79,1457.79,1984.93,2351.91,2850.73,3301.56,4494.65,5893.61,7
2017-09-07,4615.00,1291.22,1465.08,1994.86,2363.68,2865.00,3317.20,4517.70,5923.44,7
2017-09-08,4312.00,1297.35,1472.03,2004.33,2374.89,2878.59,3331.74,4539.54,5951.95,6
2017-09-09,4308.72,1302.94,1478.38,2012.97,2385.13,2891.00,3345.28,4559.46,5977.59,6
2017-09-10,4226.22,1306.58,1482.51,2018.59,2391.80,2899.08,3354.64,4572.39,5993.42,6
2017-09-11,4207.31,1306.50,1482.42,2018.47,2391.66,2898.91,3356.57,4571.82,5990.52,6
2017-09-12,4172.56,1307.19,1483.20,2019.53,2392.91,2900.43,3360.85,4573.66,5989.56,6
2017-09-13,3865.34,1307.89,1484.00,2020.62,2394.20,2902.00,3365.36,4575.19,5988.06,6
2017-09-14,3227.79,1307.83,1483.93,2020.53,2394.09,2901.86,3368.17,4573.97,5983.59,5
2017-09-15,3700.01,1308.27,1484.43,2021.21,2394.90,2902.84,3371.50,4574.70,5982.01,6
2017-09-16,3678.93,1308.56,1484.76,2021.66,2395.43,2903.48,3374.71,4574.94,5980.04,6
2017-09-17,3662.99,1309.62,1485.96,2023.29,2397.36,2905.82,3380.01,4577.99,5982.40,6
2017-09-18,4101.60,1312.12,1488.79,2027.15,2401.94,2911.37,3387.61,4586.18,5992.04,6
2017-09-19,3888.80,1313.99,1490.92,2030.05,2405.37,2915.53,3393.93,4592.03,5999.53,6
2017-09-20,3874.46,1315.91,1493.10,2033.01,2408.88,2919.79,3399.93,4598.07,6007.43,6
2017-09-21,3617.05,1317.80,1495.25,2035.93,2412.34,2923.98,3405.62,4604.05,6014.76,6
2017-09-22,3612.18,1320.92,1498.78,2040.74,2418.04,2930.90,3418.04,4612.84,6024.82,6
2017-09-23,3779.17,1324.21,1502.52,2045.84,2424.08,2938.21,3431.44,4622.16,6035.32,6
2017-09-24,3664.22,1328.21,1507.05,2052.01,2431.39,2947.08,3445.71,4633.96,6049.13,6
2017-09-25,3918.00,1333.19,1512.71,2059.71,2440.51,2958.13,3461.27,4649.30,6067.68,6
2017-09-26,3888.03,1338.43,1518.65,2067.80,2450.10,2969.75,3476.65,4665.87,6088.14,6
2017-09-27,4199.29,1344.33,1525.34,2076.91,2460.90,2982.84,3493.61,4684.78,6111.58,6
2017-09-28,4184.84,1350.78,1532.66,2086.88,2472.70,2997.15,3511.78,4705.65,6137.90,6
2017-09-29,4164.82,1356.15,1538.75,2095.17,2482.53,3009.06,3524.26,4724.12,6162.00,6
2017-09-30,4326.09,1361.71,1545.06,2103.76,2492.72,3021.41,3536.36,4743.28,6187.16,6
2017-10-01,4377.22,1366.67,1550.69,2111.42,2501.79,3032.41,3547.71,4760.23,6209.07,6
2017-10-02,4391.48,1372.11,1556.87,2119.84,2511.76,3044.49,3562.21,4778.50,6232.22,6
2017-10-03,4315.83,1377.74,1563.25,2128.53,2522.06,3056.97,3577.08,4798.18,6256.26,6
2017-10-04,4219.53,1382.93,1569.14,2136.54,2531.56,3068.48,3591.07,4816.29,6278.53,6
2017-10-05,4301.09,1388.51,1575.47,2145.16,2541.77,3080.86,3606.43,4835.47,6302.08,6
2017-10-06,4362.95,1394.95,1582.78,2155.13,2553.57,3095.17,3623.79,4857.69,6329.57,6
2017-10-07,4423.30,1402.19,1591.00,2166.31,2566.83,3111.23,3642.52,4882.74,6360.63,6
2017-10-08,4597.98,1409.88,1599.72,2178.19,2580.90,3128.29,3661.92,4909.44,6394.14,6
2017-10-09,4764.70,1418.48,1609.47,2191.47,2596.63,3147.36,3680.45,4939.91,6433.42,6
2017-10-10,4749.29,1429.39,1621.85,2208.32,2616.60,3171.57,3703.59,4977.65,6483.19,6
2017-10-11,4822.01,1441.29,1635.36,2226.72,2638.40,3197.99,3728.23,5018.99,6537.92,6
2017-10-12,5445.00,1453.42,1649.13,2245.46,2660.61,3224.90,3753.80,5061.35,6594.15,7
2017-10-13,5653.60,1465.51,1662.84,2264.13,2682.73,3251.72,3780.45,5103.54,6649.79,7
2017-10-14,5801.29,1477.70,1676.68,2282.97,2705.05,3278.78,3807.69,5145.88,6705.60,7
2017-10-15,5679.70,1490.22,1690.88,2302.31,2727.97,3306.55,3835.61,5189.20,6762.49,7
2017-10-16,5745.72,1502.45,1704.76,2321.21,2750.36,3333.69,3865.60,5231.33,6818.05,7
2017-10-17,5597.31,1513.28,1717.04,2337.93,2770.17,3357.71,3892.36,5268.62,6867.22,7
2017-10-18,5582.05,1523.80,1728.97,2354.18,2789.43,3381.05,3919.04,5304.72,6914.76,7
2017-10-19,5698.69,1535.20,1741.91,2371.80,2810.30,3406.35,3947.45,5343.64,6965.31,7
2017-10-20,5977.29,1548.79,1757.33,2392.79,2835.18,3436.51,3980.59,5388.16,7021.85,7
2017-10-21,6013.46,1562.20,1772.55,2413.51,2859.73,3466.26,4013.72,5434.59,7077.44,7
2017-10-22,5969.00,1576.38,1788.64,2435.41,2885.68,3497.72,4049.47,5482.03,7133.44,7
2017-10-23,5871.17,1589.71,1803.77,2456.02,2910.10,3527.31,4082.06,5526.84,7185.08,7
2017-10-24,5523.40,1602.55,1818.33,2475.84,2933.59,3555.78,4114.53,5569.98,7233.94,6
2017-10-25,5735.88,1614.65,1832.06,2494.54,2955.74,3582.64,4145.60,5610.71,7280.31,7
2017-10-26,5890.00,1626.12,1845.07,2512.26,2976.73,3608.08,4175.04,5649.81,7323.80,7
2017-10-27,5771.89,1635.16,1855.33,2526.22,2993.28,3628.14,4198.25,5682.77,7359.41,7
2017-10-28,5730.69,1644.77,1866.23,2541.07,3010.87,3649.46,4222.93,5715.71,7396.60,7
2017-10-29,6137.37,1655.52,1878.43,2557.68,3030.55,3673.31,4250.53,5754.65,7438.14,7
2017-10-30,6119.99,1669.13,1893.88,2578.71,3055.47,3703.52,4285.48,5801.73,7486.57,7
2017-10-31,6434.21,1684.34,1911.13,2602.21,3083.31,3737.26,4324.52,5854.62,7539.13,7
2017-11-01,6741.59,1701.34,1930.43,2628.48,3114.44,3774.99,4368.18,5913.68,7596.21,7
2017-11-02,7030.00,1719.28,1950.78,2656.18,3147.27,3814.79,4414.23,5975.63,7656.08,7
2017-11-03,7146.82,1737.03,1970.93,2683.62,3179.78,3854.19,4459.82,6036.62,7715.83,7
2017-11-04,7388.83,1755.29,1991.64,2711.83,3213.20,3894.70,4506.71,6098.69,7778.90,7
2017-11-05,7372.72,1772.86,2011.57,2738.97,3245.36,3933.68,4551.80,6157.86,7842.83,7
2017-11-06,6967.68,1789.01,2029.90,2763.92,3274.93,3969.52,4593.28,6214.08,7906.79,7
2017-11-07,7130.28,1803.97,2046.87,2787.03,3302.31,4002.71,4631.68,6265.17,7967.65,7
2017-11-08,7450.32,1818.03,2062.82,2808.75,3328.04,4033.89,4667.77,6312.70,8026.39,7
2017-11-09,7148.00,1833.71,2080.62,2832.98,3356.75,4068.70,4708.04,6362.17,8093.48,7
2017-11-10,6588.18,1851.58,2100.90,2860.59,3389.47,4108.35,4753.93,6418.97,8170.17,7
2017-11-11,6355.13,1868.88,2120.53,2887.32,3421.13,4146.74,4798.34,6473.59,8244.37,6
2017-11-12,5870.37,1887.85,2142.05,2916.63,3455.86,4188.83,4847.05,6534.49,8326.33,6
2017-11-13,6525.17,1909.09,2166.15,2949.43,3494.74,4235.95,4901.57,6602.22,8417.98,6
2017-11-14,6609.00,1933.44,2193.78,2987.06,3539.31,4289.98,4964.10,6681.47,8524.61,6
2017-11-15,7294.00,1958.78,2222.54,3026.21,3585.71,4346.22,5029.17,6764.32,8635.95,7
2017-11-16,7846.96,1982.77,2249.75,3063.27,3629.62,4399.44,5090.76,6846.14,8742.39,7
2017-11-17,7674.99,2006.82,2277.04,3100.42,3673.64,4452.80,5152.49,6928.10,8849.90,7
2017-11-18,7771.03,2032.90,2306.63,3140.72,3721.39,4510.67,5219.46,7017.24,8967.13,7
2017-11-19,8016.58,2057.41,2334.44,3178.59,3766.25,4565.05,5282.39,7099.90,9076.57,7
2017-11-20,8226.17,2078.76,2358.67,3211.57,3805.33,4612.42,5337.20,7172.02,9172.04,7
2017-11-21,8095.23,2099.51,2382.21,3243.62,3843.31,4658.46,5390.47,7241.73,9264.81,7
2017-11-22,8214.69,2122.85,2408.69,3279.69,3886.05,4710.25,5450.41,7318.88,9367.95,7
2017-11-23,7989.00,2148.50,2437.80,3319.32,3933.00,4767.17,5516.26,7403.73,9481.80,7
2017-11-24,8199.19,2176.49,2469.56,3362.56,3984.24,4829.27,5588.13,7496.84,9606.95,7
2017-11-25,8717.99,2208.02,2505.33,3411.27,4041.96,4899.23,5669.08,7602.21,9749.03,7
2017-11-26,9271.06,2243.54,2545.63,3466.14,4106.97,4978.03,5760.27,7719.03,9910.29,7
2017-11-27,9708.07,2281.63,2588.86,3525.00,4176.71,5062.56,5858.08,7841.08,10083.76,7
2017-11-28,9868.82,2321.56,2634.16,3586.68,4249.80,5151.15,5960.59,7963.66,10266.20,7
2017-11-29,9824.68,2361.27,2679.22,3648.03,4322.50,5239.27,6062.55,8082.46,10449.63,7
2017-11-30,9947.67,2399.64,2722.75,3707.31,4392.73,5324.40,6161.06,8193.80,10627.17,7
2017-12-01,10840.45,2437.76,2766.01,3766.21,4462.52,5408.99,6258.94,8298.34,10803.60,8
2017-12-02,10872.00,2473.89,2807.00,3822.03,4528.66,5489.16,6351.71,8390.76,10970.62,7
2017-12-03,11250.00,2515.13,2853.79,3885.73,4604.14,5580.65,6457.57,8490.10,11161.69,8
2017-12-04,11613.07,2583.70,2931.60,3991.67,4729.67,5732.80,6633.64,8666.03,11478.30,8
2017-12-05,11677.00,2661.60,3019.98,4112.02,4872.27,5905.64,6833.64,8865.32,11838.12,7
2017-12-06,13623.50,2739.67,3108.56,4232.63,5015.18,6078.87,7034.08,9066.30,12198.87,8
2017-12-07,16599.99,2820.46,3200.23,4357.45,5163.07,6258.13,7241.51,9274.83,12571.64,8
2017-12-08,15800.00,2907.11,3298.56,4491.33,5321.70,6450.40,7464.00,9506.92,12972.19,8
2017-12-09,14607.49,3004.07,3408.57,4641.12,5499.18,6665.52,7712.92,9776.92,13416.90,8
2017-12-10,14691.00,3099.53,3516.88,4788.59,5673.93,6877.33,7958.01,10053.33,13832.51,8
2017-12-11,16470.00,3170.80,3597.75,4898.71,5804.40,7035.48,8141.01,10266.12,14122.63,8
2017-12-12,16650.01,3236.63,3672.45,5000.42,5924.91,7181.55,8310.03,10472.41,14363.06,8
2017-12-13,16250.00,3307.57,3752.93,5110.01,6054.76,7338.94,8492.16,10697.85,14604.48,8
2017-12-14,16404.99,3383.33,3838.90,5227.06,6193.46,7507.05,8686.69,10941.73,14846.79,8
2017-12-15,17471.50,3456.30,3921.69,5339.78,6327.02,7668.94,8874.02,11176.51,15070.31,8
2017-12-16,19187.78,3518.81,3992.62,5436.36,6441.45,7807.65,9034.52,11377.02,15246.63,8
2017-12-17,18953.00,3580.05,4062.11,5530.98,6553.57,7943.54,9191.77,11572.73,15434.86,8
2017-12-18,18940.57,3636.68,4126.36,5618.47,6657.23,8069.19,9337.15,11753.46,15615.01,8
2017-12-19,17700.00,3685.09,4181.29,5693.26,6745.85,8176.61,9460.70,11906.72,15779.61,8
2017-12-20,16466.98,3726.23,4227.97,5756.82,6821.16,8267.88,9565.10,12035.82,15931.61,8
2017-12-21,15600.01,3758.67,4264.78,5806.94,6880.54,8339.86,9647.09,12137.45,16064.26,7
2017-12-22,14009.79,3783.19,4292.60,5844.82,6925.43,8394.27,9708.44,12213.38,16164.57,7
2017-12-23,14619.00,3808.84,4321.70,5884.44,6972.38,8451.18,9772.61,12293.10,16270.12,7
2017-12-24,14157.87,3832.50,4348.55,5921.01,7015.70,8503.69,9831.75,12367.03,16368.25,7
2017-12-25,13911.28,3855.54,4374.69,5956.59,7057.87,8554.80,9889.32,12439.23,16463.32,7
2017-12-26,15764.44,3879.78,4402.20,5994.05,7102.25,8608.59,9950.56,12516.26,16564.44,7
2017-12-27,15364.93,3903.12,4428.67,6030.10,7144.96,8660.36,10009.46,12590.35,16661.52,7
2017-12-28,14470.07,3926.54,4455.25,6066.29,7187.85,8712.35,10067.90,12663.86,16758.87,7
2017-12-29,14340.00,3949.15,4480.91,6101.22,7229.24,8762.51,10124.25,12734.73,16877.26,7
2017-12-30,12640.00,3970.60,4505.24,6134.35,7268.49,8810.09,10177.04,12801.13,17015.74,6
2017-12-31,13880.00,3989.00,4526.12,6162.79,7302.19,8850.94,10221.88,12857.54,17146.67,7
2018-01-01,13443.41,4010.77,4550.82,6196.42,7342.03,8899.23,10275.07,12924.45,17321.31,7
2018-01-02,14678.94,4040.59,4584.65,6242.48,7396.61,8965.39,10348.73,13017.10,17520.58,7
2018-01-03,15155.62,4075.47,4624.23,6296.38,7460.47,9042.79,10435.75,13126.55,17741.99,7
2018-01-04,15143.67,4114.07,4668.03,6356.01,7531.13,9128.44,10529.83,13244.89,18003.38,7
2018-01-05,16928.00,4152.58,4711.72,6415.50,7601.62,9213.87,10623.79,13363.08,18250.68,7
2018-01-06,17149.67,4187.48,4751.33,6469.42,7665.51,9291.32,10708.89,13470.12,18473.15,7
2018-01-07,16124.02,4221.79,4790.26,6522.44,7728.33,9367.46,10792.42,13575.18,18696.35,7
2018-01-08,14999.99,4250.81,4823.19,6567.27,7781.45,9431.84,10862.07,13662.80,18866.92,7
2018-01-09,14403.51,4271.54,4846.71,6599.30,7819.40,9477.84,10910.02,13723.11,19012.64,7
2018-01-10,14890.02,4287.24,4864.52,6623.55,7848.13,9512.67,10945.05,13767.17,19137.49,7
2018-01-11,13243.83,4297.48,4876.14,6639.37,7866.87,9535.39,10969.21,13797.56,19215.15,6
2018-01-12,13781.41,4308.19,4888.29,6655.91,7886.48,9559.15,10994.63,13829.54,19283.92,6
2018-01-13,14197.78,4313.99,4894.87,6664.87,7897.09,9572.02,11007.25,13845.42,19313.50,7
2018-01-14,13647.99,4315.61,4896.71,6667.38,7900.07,9575.62,11008.59,13849.00,19314.71,6
2018-01-15,13607.04,4316.03,4897.19,6668.03,7900.84,9576.56,11007.20,13852.56,19310.89,6
2018-01-16,11386.34,4314.29,4895.21,6665.34,7897.65,9572.69,11000.84,13852.15,19297.07,6
2018-01-17,11191.35,4312.14,4892.77,6662.01,7893.71,9567.92,10993.37,13850.33,19281.73,6
2018-01-18,11247.57,4307.84,4887.89,6655.37,7885.84,9558.37,10980.32,13845.44,19256.25,6
2018-01-19,11552.00,4301.88,4881.13,6646.17,7874.93,9545.16,10963.03,13840.91,19222.78,6
2018-01-20,12775.99,4297.95,4876.67,6640.09,7867.73,9536.43,10951.17,13847.81,19199.61,6
2018-01-21,11558.87,4295.45,4873.83,6636.23,7863.15,9530.88,10943.71,13859.50,19184.19,6
2018-01-22,10808.99,4293.65,4871.79,6633.46,7859.87,9526.90,10937.99,13872.48,19172.35,5
2018-01-23,10851.82,4293.05,4871.11,6632.52,7858.77,9525.56,10935.46,13888.73,19165.63,5
2018-01-24,11400.96,4291.64,4869.51,6630.34,7856.18,9522.42,10930.83,13902.79,19155.06,6
2018-01-25,11155.54,4294.41,4872.65,6634.62,7861.25,9528.58,10936.82,13926.31,19164.17,6
2018-01-26,11092.95,4298.05,4876.78,6640.25,7867.92,9536.66,10945.02,13949.11,19177.67,6
2018-01-27,11446.54,4299.22,4878.11,6642.05,7870.06,9539.25,10946.91,13967.17,19179.18,6
2018-01-28,11685.58,4299.41,4878.33,6642.36,7870.42,9539.68,10945.91,13984.44,19175.69,6
2018-01-29,11162.62,4296.89,4875.47,6638.46,7865.80,9534.08,10937.66,13999.30,19159.03,6
2018-01-30,9971.00,4288.46,4865.97,6625.52,7850.47,9515.51,10914.31,14003.18,19114.91,5
2018-01-31,10149.00,4278.69,4854.99,6610.57,7832.75,9494.03,10887.70,14004.84,19064.48,5
2018-02-01,8998.99,4264.87,4840.53,6590.89,7809.44,9465.77,10851.09,14011.50,18996.07,4
2018-02-02,8838.83,4245.53,4820.41,6563.49,7776.97,9426.42,10800.44,14012.16,18903.04,4
2018-02-03,9225.86,4228.31,4803.17,6540.02,7749.16,9392.71,10755.21,14019.67,18821.65,4
2018-02-04,8191.00,4209.09,4783.71,6513.52,7717.77,9354.66,10705.28,14022.35,18731.31,4
2018-02-05,6874.27,4191.95,4766.69,6490.34,7690.30,9321.36,10660.56,14029.00,18651.79,3
2018-02-06,7737.37,4179.19,4754.58,6473.85,7670.76,9297.68,10627.09,14040.99,18593.49,4
2018-02-07,7588.01,4166.77,4742.87,6457.91,7651.87,9274.78,10594.54,14052.86,18536.98,3
2018-02-08,8259.76,4154.79,4730.56,6441.15,7632.01,9250.71,10562.87,14050.63,18482.08,4
2018-02-09,8693.98,4149.37,4725.13,6433.75,7623.24,9240.09,10547.98,14055.84,18457.27,4
2018-02-10,8560.00,4144.63,4720.01,6426.78,7614.99,9230.08,10535.00,14057.55,18434.74,4
2018-02-11,8067.00,4144.15,4719.53,6426.13,7614.21,9229.14,10532.94,14066.43,18431.86,4
2018-02-12,8899.00,4146.75,4722.57,6430.27,7619.12,9235.09,10539.51,14078.00,18443.17,4
2018-02-13,8522.99,4150.41,4726.89,6436.16,7626.10,9243.55,10548.93,14092.03,18459.49,4
2018-02-14,9490.98,4155.86,4733.22,6444.77,7636.30,9255.91,10562.88,14108.86,18484.36,5
2018-02-15,10018.00,4162.46,4740.82,6455.12,7648.57,9270.78,10579.86,14127.67,18514.55,5
2018-02-16,10196.00,4170.23,4749.75,6467.28,7662.98,9288.25,10599.90,14147.89,18550.37,5
2018-02-17,11101.00,4181.13,4762.25,6484.30,7683.15,9312.69,10627.97,14175.25,18600.86,6
2018-02-18,10421.06,4190.53,4773.25,6499.27,7700.88,9334.19,10652.28,14200.03,18644.73,5
2018-02-19,11173.00,4205.14,4789.95,6522.01,7727.82,9366.85,10689.70,14248.20,18709.75,6
2018-02-20,11233.41,4219.64,4806.44,6544.47,7754.44,9399.11,10726.77,14296.23,18774.12,6
2018-02-21,10449.40,4232.03,4821.04,6564.34,7777.98,9427.64,10759.51,14341.09,18828.26,5
2018-02-22,9843.34,4243.83,4835.02,6583.38,7800.54,9454.99,10790.87,14384.28,18879.71,5
2018-02-23,10166.10,4254.55,4847.78,6600.75,7821.12,9479.93,10819.50,14425.64,18925.93,5
2018-02-24,9689.99,4263.92,4858.99,6616.02,7839.21,9501.86,10844.70,14472.78,18965.91,5
2018-02-25,9590.04,4274.04,4871.13,6632.55,7858.79,9525.59,10872.00,14524.26,19008.89,5
2018-02-26,10324.70,4278.20,4876.62,6640.02,7867.65,9536.34,10884.07,14552.63,19027.19,5
2018-02-27,10566.30,4282.50,4882.24,6647.68,7876.72,9547.33,10896.52,14582.03,19046.13,5
2018-02-28,10314.90,4288.26,4889.10,6657.01,7887.78,9560.73,10911.86,14614.58,19071.89,5
2018-03-01,10903.13,4295.46,4897.59,6668.58,7901.49,9577.35,10930.99,14648.71,19104.34,5
2018-03-02,11029.99,4303.69,4907.32,6681.83,7917.19,9596.38,10952.90,14683.09,19141.50,6
2018-03-03,11445.00,4311.46,4916.39,6694.17,7931.82,9614.10,10973.70,14708.88,19175.72,6
2018-03-04,11463.27,4316.72,4922.47,6702.46,7941.63,9626.00,10987.81,14733.59,19198.44,6
2018-03-05,11419.24,4319.07,4925.23,6706.21,7946.07,9631.39,10994.54,14755.13,19207.21,6
2018-03-06,10723.76,4317.32,4923.32,6703.61,7943.00,9627.66,10990.83,14769.85,19195.95,5
2018-03-07,9913.03,4313.62,4919.09,6697.85,7936.17,9619.38,10981.85,14784.10,19175.49,5
2018-03-08,9285.32,4309.37,4914.20,6691.20,7928.29,9609.83,10971.40,14800.79,19152.34,4
2018-03-09,9230.00,4302.60,4906.41,6680.59,7915.72,9594.60,10954.39,14817.02,19117.34,4
2018-03-10,8791.47,4295.05,4897.91,6669.02,7902.01,9577.98,10935.37,14837.10,19079.35,4
2018-03-11,9535.04,4287.08,4890.98,6659.58,7890.83,9564.43,10919.92,14858.35,19039.31,4
2018-03-12,9120.75,4279.81,4884.98,6651.41,7881.15,9552.69,10906.59,14873.78,19002.47,4
2018-03-13,9142.32,4274.66,4881.50,6646.67,7875.52,9545.87,10898.68,14888.59,18976.48,4
2018-03-14,8196.69,4269.77,4878.31,6642.33,7870.38,9539.64,10891.43,14897.62,18951.74,4
2018-03-15,8265.05,4264.03,4874.07,6636.55,7863.54,9531.35,10881.99,14901.64,18922.68,4
2018-03-16,8258.54,4259.04,4870.67,6631.93,7858.06,9524.71,10874.49,14903.97,18897.18,4
2018-03-17,7860.83,4254.49,4867.73,6627.91,7853.31,9518.94,10868.06,14899.36,18873.84,4
2018-03-18,8188.24,4251.99,4865.01,6624.22,7848.92,9513.63,10862.26,14888.80,18860.18,4
2018-03-19,8596.93,4249.87,4862.44,6620.72,7844.78,9508.60,10857.06,14879.05,18847.82,4
2018-03-20,8904.02,4248.79,4861.01,6618.77,7842.47,9505.80,10854.55,14873.25,18840.49,4
2018-03-21,8893.79,4248.54,4860.55,6618.15,7841.74,9504.92,10854.23,14870.56,18837.08,4
2018-03-22,8704.67,4247.66,4859.52,6616.74,7840.07,9502.90,10852.41,14865.80,18831.05,4
2018-03-23,8920.79,4245.30,4856.84,6613.09,7835.75,9497.66,10846.87,14855.45,18817.94,4
2018-03-24,8547.00,4241.93,4853.10,6608.00,7829.71,9490.35,10838.96,14841.24,18799.94,4
2018-03-25,8453.90,4237.75,4848.39,6601.58,7822.11,9481.13,10828.90,14823.94,18778.01,4
2018-03-26,8149.66,4231.68,4841.70,6592.48,7811.32,9468.05,10814.05,14799.97,18747.65,4
2018-03-27,7791.70,4223.65,4832.73,6580.27,7796.85,9450.51,10794.19,14768.27,18707.50,3
2018-03-28,7932.41,4215.30,4823.35,6567.49,7781.71,9432.16,10773.51,14735.22,18665.63,4
2018-03-29,7088.38,4206.95,4813.78,6554.47,7766.28,9413.46,10752.67,14701.87,18623.38,3
2018-03-30,6850.00,4199.59,4805.27,6542.88,7752.54,9396.81,10734.28,14672.25,18585.87,3
2018-03-31,6928.62,4192.90,4797.36,6532.11,7739.79,9381.35,10717.33,14645.01,18551.36,3
2018-04-01,6813.52,4185.70,4788.99,6520.71,7726.28,9364.97,10699.14,14616.15,18514.81,3
2018-04-02,7052.76,4179.96,4782.28,6511.57,7715.45,9351.84,10684.74,14592.85,18485.29,3
2018-04-03,7416.27,4175.07,4776.35,6503.50,7705.89,9340.26,10672.46,14572.36,18459.33,3
2018-04-04,6799.95,4171.17,4770.37,6495.36,7696.24,9328.57,10662.58,14551.86,18433.37,3
2018-04-05,6771.69,4167.92,4765.22,6488.34,7687.93,9318.49,10654.36,14534.09,18410.86,3
2018-04-06,6618.33,4164.21,4759.40,6480.42,7678.55,9307.12,10644.92,14514.16,18385.62,3
2018-04-07,6904.90,4160.40,4753.38,6472.22,7668.82,9295.33,10635.25,14493.54,18359.49,3
2018-04-08,7027.26,4157.51,4748.41,6465.45,7660.80,9285.61,10627.86,14476.31,18337.67,3
2018-04-09,6780.10,4156.36,4745.34,6461.27,7655.85,9279.61,10624.78,14465.42,18323.86,3
2018-04-10,6835.67,4156.62,4744.06,6459.53,7653.78,9277.10,10625.16,14460.55,18317.70,3
2018-04-11,6940.94,4156.27,4743.28,6458.47,7652.54,9275.59,10624.04,14457.27,18313.55,3
2018-04-12,7923.78,4156.36,4743.48,6458.74,7652.85,9275.97,10625.11,14455.66,18311.51,4
2018-04-13,7896.92,4157.28,4744.70,6460.40,7654.82,9278.37,10628.39,14457.32,18313.60,4
2018-04-14,8000.41,4158.40,4746.20,6462.45,7657.25,9281.30,10632.19,14459.82,18316.77,4
2018-04-15,8354.22,4160.11,4748.34,6465.35,7660.69,9285.47,10637.33,14464.70,18322.95,4
2018-04-16,8048.15,4162.13,4751.00,6468.98,7664.99,9290.69,10641.74,14472.18,18332.43,4
2018-04-17,7890.87,4164.99,4754.52,6473.77,7670.66,9297.56,10648.15,14482.45,18345.44,4
2018-04-18,8172.84,4168.58,4758.82,6479.62,7677.60,9305.97,10656.22,14495.41,18361.86,4
2018-04-19,8271.31,4172.12,4762.63,6484.81,7683.75,9313.42,10663.15,14508.15,18378.00,4
2018-04-20,8861.00,4176.43,4767.37,6491.28,7691.41,9322.70,10671.69,14524.26,18398.40,4
2018-04-21,8920.71,4182.74,4774.53,6501.02,7702.95,9336.69,10685.38,14548.25,18428.79,4
2018-04-22,8789.96,4188.57,4781.07,6509.93,7713.50,9349.49,10697.90,14570.06,18456.42,4
2018-04-23,8946.95,4194.68,4788.25,6519.71,7725.09,9363.53,10712.72,14592.41,18484.73,4
2018-04-24,9648.00,4199.22,4793.76,6527.20,7733.97,9374.29,10723.81,14609.10,18505.87,5
2018-04-25,8864.99,4203.58,4799.12,6534.50,7742.61,9384.78,10734.72,14625.18,18526.24,4
2018-04-26,9274.48,4207.91,4804.44,6541.75,7751.21,9395.19,10745.57,14641.24,18546.59,4
2018-04-27,8921.43,4212.02,4809.46,6548.58,7759.30,9405.00,10756.08,14656.07,18565.38,4
2018-04-28,9345.11,4214.41,4812.52,6552.75,7764.24,9410.99,10762.19,14664.64,18576.22,4
2018-04-29,9393.99,4218.11,4817.48,6559.50,7772.24,9420.69,10771.75,14679.01,18594.43,4
2018-04-30,9242.17,4221.29,4821.38,6564.81,7778.53,9428.31,10780.01,14690.65,18609.17,4
2018-05-01,9066.90,4225.68,4826.52,6571.81,7786.83,9438.37,10791.41,14706.32,18629.02,4
2018-05-02,9222.00,4230.01,4831.54,6578.65,7794.93,9448.19,10802.51,14721.70,18648.51,4
2018-05-03,9732.43,4234.25,4836.40,6585.26,7802.76,9457.68,10813.37,14736.54,18667.31,5
2018-05-04,9696.57,4238.01,4840.77,6591.21,7809.81,9466.22,10823.02,14749.84,18684.16,5
2018-05-05,9823.28,4241.56,4844.86,6596.78,7816.41,9474.22,10832.12,14762.19,18699.79,5
2018-05-06,9623.54,4244.72,4848.15,6601.26,7821.72,9480.66,10840.21,14772.35,18712.67,5
2018-05-07,9359.52,4246.83,4850.49,6604.44,7825.50,9485.23,10845.56,14779.06,18721.17,4
2018-05-08,9167.69,4247.18,4850.96,6605.09,7826.26,9486.16,10846.38,14779.61,18721.86,4
2018-05-09,9308.49,4247.02,4850.83,6604.90,7826.04,9485.90,10845.91,14778.19,18720.07,4
2018-05-10,9020.99,4246.77,4850.63,6604.63,7825.72,9485.51,10845.23,14776.61,18718.86,4
2018-05-11,8411.42,4248.91,4854.11,6609.37,7831.33,9492.31,10850.71,14785.93,18730.67,4
2018-05-12,8481.60,4251.14,4857.69,6614.25,7837.12,9499.32,10856.48,14795.47,18743.32,4
2018-05-13,8696.58,4252.08,4859.73,6617.03,7840.41,9503.31,10858.96,14799.90,18754.32,4
2018-05-14,8674.36,4254.56,4864.03,6622.89,7847.35,9511.72,10865.30,14795.39,18759.19,4
2018-05-15,8474.99,4257.54,4868.94,6629.56,7855.26,9521.31,10872.99,14788.91,18765.47,4
2018-05-16,8346.59,4260.70,4874.05,6636.52,7863.51,9531.31,10881.14,14779.45,18770.63,4
2018-05-17,8067.03,4263.95,4879.30,6643.67,7871.98,9541.57,10889.46,14763.21,18778.18,4
2018-05-18,8248.87,4264.93,4881.01,6646.00,7874.74,9544.92,10891.88,14724.39,18775.91,4
2018-05-19,8231.20,4265.36,4882.13,6647.53,7876.55,9547.12,10892.92,14679.88,18774.74,4
2018-05-20,8518.48,4265.51,4883.03,6648.76,7878.00,9548.88,10899.21,14629.66,18770.63,4
2018-05-21,8391.76,4264.33,4881.72,6646.97,7875.88,9546.31,10915.99,14584.91,18772.76,4
2018-05-22,7984.08,4262.94,4880.20,6644.90,7873.43,9543.34,10941.96,14543.56,18775.25,4
2018-05-23,7502.89,4261.08,4879.49,6643.94,7872.29,9541.96,10975.82,14504.23,18777.52,3
2018-05-24,7586.88,4258.84,4878.28,6642.28,7870.33,9539.58,11015.76,14470.72,18775.07,3
2018-05-25,7471.18,4255.45,4875.73,6638.82,7866.22,9534.60,11061.40,14445.04,18764.47,3
2018-05-26,7335.99,4252.49,4873.63,6635.95,7862.82,9530.48,11112.83,14424.79,18751.78,3
2018-05-27,7347.39,4250.18,4872.20,6634.00,7860.52,9527.69,11167.89,14412.03,18739.14,3
2018-05-28,7112.50,4247.47,4870.27,6631.38,7857.41,9523.92,11220.57,14401.68,18724.96,3
2018-05-29,7469.45,4245.02,4868.63,6629.14,7854.76,9520.71,11272.42,14392.30,18711.95,3
2018-05-30,7375.73,4242.95,4866.05,6625.64,7850.61,9515.67,11315.12,14384.32,18700.67,3
2018-05-31,7492.28,4241.22,4863.91,6622.72,7847.16,9511.49,11346.51,14377.55,18691.14,3
2018-06-01,7511.60,4240.11,4862.46,6620.75,7844.81,9508.65,11365.16,14373.11,18684.55,3
2018-06-02,7642.00,4238.90,4860.88,6618.60,7842.26,9505.56,11376.25,14368.25,18677.40,3
2018-06-03,7703.67,4237.82,4859.54,6616.77,7840.10,9504.51,11375.69,14363.89,18671.24,3
2018-06-04,7488.26,4236.98,4858.43,6615.25,7838.30,9509.19,11360.82,14360.40,18666.07,3
2018-06-05,7617.98,4236.04,4857.23,6613.62,7836.37,9521.86,11333.90,14356.55,18660.47,3
2018-06-06,7658.57,4234.74,4855.70,6611.55,7833.91,9543.62,11302.17,14351.30,18653.24,3
2018-06-07,7689.28,4231.76,4853.90,6609.08,7830.99,9571.56,11265.54,14339.75,18637.91,3
2018-06-08,7618.11,4228.16,4853.12,6608.03,7829.74,9618.55,11220.46,14325.93,18619.70,3
2018-06-09,7492.70,4223.68,4851.35,6605.62,7826.89,9657.83,11169.25,14308.85,18597.24,3
2018-06-10,6781.17,4217.31,4847.35,6600.17,7820.43,9685.92,11111.44,14284.65,18565.36,3
2018-06-11,6880.61,4210.69,4843.12,6594.42,7813.61,9705.64,11052.47,14259.56,18532.52,3
2018-06-12,6557.67,4203.59,4838.31,6587.87,7805.85,9712.72,10992.13,14232.75,18497.46,2
2018-06-13,6307.40,4196.63,4833.58,6581.42,7798.22,9707.08,10933.48,14206.48,18463.07,2
2018-06-14,6646.10,4190.88,4828.60,6574.64,7790.18,9691.55,10880.69,14184.84,18434.66,3
2018-06-15,6390.60,4185.89,4822.77,6566.70,7780.77,9654.73,10839.51,14166.05,18409.95,2
2018-06-16,6487.92,4181.77,4817.94,6560.13,7772.99,9622.89,10806.26,14150.55,18389.66,2
2018-06-17,6453.41,4179.52,4815.08,6556.23,7768.37,9597.99,10783.61,14142.09,18377.79,2
2018-06-18,6707.50,4177.47,4812.70,6552.99,7764.53,9573.58,10764.39,14134.23,18367.75,3
2018-06-19,6736.52,4174.91,4809.67,6548.86,7759.64,9548.29,10747.61,14124.37,18354.80,3
2018-06-20,6756.58,4172.16,4806.43,6544.45,7754.41,9523.87,10733.97,14113.81,18340.83,3
2018-06-21,6718.33,4169.27,4802.93,6539.68,7749.64,9498.79,10722.87,14102.58,18325.71,3
2018-06-22,6050.45,4166.24,4799.28,6534.72,7746.83,9474.37,10714.36,14090.87,18309.95,2
2018-06-23,6177.38,4162.95,4795.27,6529.25,7746.28,9449.83,10705.87,14078.09,18292.54,2
2018-06-24,6153.40,4154.94,4786.05,6516.70,7734.48,9418.61,10685.21,14047.53,18252.97,2
2018-06-25,6253.61,4145.94,4775.42,6502.23,7722.83,9385.51,10661.99,14013.41,18207.76,2
2018-06-26,6068.00,4138.25,4766.24,6489.74,7715.15,9357.04,10642.13,13984.16,18168.69,2
2018-06-27,6135.64,4130.84,4757.49,6477.82,7713.29,9329.66,10623.14,13955.96,18131.11,2
2018-06-28,5848.33,4122.56,4747.84,6464.68,7712.32,9303.35,10602.00,13924.40,18089.43,2
2018-06-29,6204.24,4114.80,4738.83,6452.40,7711.67,9279.90,10582.27,13894.76,18050.21,2
2018-06-30,6385.71,4107.22,4730.09,6440.50,7710.83,9259.16,10563.02,13865.74,18012.05,2
2018-07-01,6349.99,4104.56,4727.02,6436.33,7723.57,9248.18,10556.58,13855.29,17997.78,2
2018-07-02,6612.98,4102.95,4724.99,6433.56,7737.62,9241.42,10552.92,13848.77,17987.83,3
2018-07-03,6507.99,4100.94,4722.60,6430.31,7751.35,9235.14,10549.01,13840.72,17976.29,3
2018-07-04,6584.25,4099.00,4720.20,6427.04,7761.97,9230.45,10545.00,13832.96,17965.17,3
2018-07-05,6533.69,4097.85,4718.67,6424.96,7772.41,9227.46,10543.97,13828.24,17957.95,3
2018-07-06,6596.53,4096.49,4716.78,6422.38,7783.17,9223.76,10542.66,13822.78,17949.33,3
2018-07-07,6759.99,4094.90,4714.54,6419.34,7792.85,9219.38,10541.68,13816.42,17939.43,3
2018-07-08,6706.60,4092.75,4711.68,6415.45,7801.79,9213.80,10539.97,13808.04,17927.00,3
2018-07-09,6666.75,4090.09,4708.36,6410.93,7809.00,9207.31,10537.77,13797.76,17912.60,3
2018-07-10,6299.46,4087.21,4704.85,6406.14,7815.66,9200.43,10535.33,13786.65,17897.32,2
2018-07-11,6380.00,4084.13,4701.10,6401.03,7819.51,9193.09,10532.60,13774.80,17880.95,2
2018-07-12,6243.88,4081.65,4698.10,6396.95,7822.51,9187.24,10530.38,13765.24,17867.51,2
2018-07-13,6215.59,4079.39,4695.50,6393.41,7823.51,9182.15,10528.51,13756.52,17855.61,2
2018-07-14,6243.98,4078.61,4694.64,6392.24,7826.26,9180.46,10528.50,13753.33,17850.93,2
2018-07-15,6349.30,4078.50,4694.53,6392.09,7828.77,9180.25,10529.46,13752.60,17849.47,2
2018-07-16,6721.04,4079.37,4695.60,6393.54,7831.57,9182.34,10531.91,13755.47,17852.90,3
2018-07-17,7310.71,4081.00,4697.54,6396.19,7833.12,9186.14,10535.20,13761.21,17859.99,3
2018-07-18,7374.88,4083.01,4700.06,6399.63,7834.99,9191.08,10539.45,13768.28,17869.09,3
2018-07-19,7471.42,4085.15,4702.70,6403.22,7836.57,9196.23,10543.92,13775.78,17878.99,3
2018-07-20,7330.84,4087.63,4705.72,6407.33,7839.20,9202.14,10548.89,13784.53,17890.56,3
2018-07-21,7409.92,4090.50,4709.23,6412.10,7843.31,9208.99,10554.64,13794.69,17904.03,3
2018-07-22,7396.60,4093.60,4713.04,6417.29,7846.80,9216.45,10560.73,13805.67,17918.72,3
2018-07-23,7719.62,4096.23,4716.29,6421.72,7849.38,9222.81,10566.00,13814.96,17931.16,3
2018-07-24,8403.83,4099.35,4720.14,6426.96,7850.54,9230.34,10571.88,13826.12,17945.88,4
2018-07-25,8174.06,4102.66,4724.34,6432.68,7852.50,9238.56,10577.76,13838.04,17961.18,4
2018-07-26,7926.00,4106.37,4728.91,6438.91,7855.49,9247.50,10584.60,13851.31,17977.95,4
2018-07-27,8183.05,4109.77,4733.10,6444.60,7857.74,9255.67,10590.93,13863.45,17993.10,4
2018-07-28,8237.74,4111.75,4735.61,6448.03,7854.84,9260.60,10595.12,13870.37,18001.45,4
2018-07-29,8216.74,4113.12,4737.45,6450.53,7850.37,9264.19,10598.25,13875.12,18006.85,4
2018-07-30,8160.21,4117.24,4739.11,6452.79,7844.48,9267.43,10608.82,13889.03,18011.43,4
2018-07-31,7725.43,4120.46,4739.74,6453.65,7838.04,9268.66,10618.27,13899.56,18011.48,3
2018-08-01,7602.01,4122.64,4738.94,6452.55,7828.47,9267.09,10626.42,13906.21,18006.76,3
2018-08-02,7536.37,4124.13,4737.38,6450.44,7816.83,9264.06,10633.13,13910.44,17999.07,3
2018-08-03,7416.98,4124.86,4735.03,6447.24,7802.01,9259.46,10638.99,13911.78,17987.80,3
2018-08-04,7009.99,4125.20,4732.24,6443.44,7782.98,9254.00,10644.19,13911.70,17974.73,3
2018-08-05,7032.61,4124.70,4728.40,6438.21,7760.98,9246.49,10648.43,13908.46,17957.57,3
2018-08-06,6936.11,4120.89,4724.11,6432.36,7738.65,9238.09,10644.93,13894.94,17938.33,3
2018-08-07,6717.68,4116.76,4719.29,6425.80,7715.52,9228.67,10641.29,13882.35,17917.50,3
2018-08-08,6283.59,4112.85,4714.70,6419.55,7691.17,9219.70,10637.85,13872.50,17897.69,2
2018-08-09,6543.76,4108.92,4710.19,6413.71,7667.56,9210.87,10634.26,13864.14,17877.82,3
2018-08-10,6139.99,4105.17,4706.01,6409.54,7643.99,9202.70,10631.50,13858.37,17859.15,2
2018-08-11,6239.98,4101.07,4701.44,6405.79,7623.04,9193.76,10628.68,13853.98,17838.69,2
2018-08-12,6310.82,4097.30,4697.34,6403.81,7605.31,9185.74,10626.54,13853.10,17819.89,2
2018-08-13,6252.63,4093.90,4693.70,6403.08,7589.61,9178.63,10624.96,13854.32,17803.44,2
2018-08-14,6193.62,4091.31,4691.14,6404.15,7577.91,9173.63,10624.97,13857.52,17791.60,2
2018-08-15,6272.30,4089.01,4688.87,6406.49,7569.82,9169.19,10625.18,13861.29,17780.97,2
2018-08-16,6313.51,4087.08,4686.78,6409.20,7562.79,9165.11,10626.75,13865.60,17771.74,2
2018-08-17,6580.15,4085.14,4684.52,6411.27,7557.74,9160.69,10627.80,13869.91,17762.42,3
2018-08-18,6399.28,4084.19,4683.31,6414.61,7555.79,9158.32,10630.76,13876.17,17757.72,2
2018-08-19,6481.99,4083.49,4682.38,6418.14,7554.28,9156.50,10634.60,13883.06,17754.71,3
2018-08-20,6260.82,4083.11,4681.80,6422.24,7553.34,9155.36,10639.27,13890.66,17753.40,2
2018-08-21,6479.27,4082.67,4681.05,6426.27,7552.14,9153.90,10643.08,13898.12,17751.40,3
2018-08-22,6355.76,4082.56,4680.80,6430.62,7551.74,9153.41,10648.74,13906.51,17751.94,2
2018-08-23,6525.01,4082.33,4680.62,6434.98,7551.44,9153.05,10654.13,13915.04,17752.74,3
2018-08-24,6692.94,4082.77,4681.26,6439.91,7552.48,9154.31,10661.30,13925.08,17757.13,3
2018-08-25,6732.40,4083.56,4682.44,6445.07,7554.38,9156.62,10668.90,13936.21,17763.75,3
2018-08-26,6700.46,4084.92,4684.37,6451.04,7557.50,9160.40,10677.67,13948.70,17773.26,3
2018-08-27,6904.51,4086.31,4686.37,6456.90,7560.71,9164.29,10686.45,13961.33,17782.85,3
2018-08-28,7080.94,4087.58,4688.21,6462.08,7563.68,9167.90,10695.12,13973.71,17791.71,3
2018-08-29,7032.96,4088.96,4690.08,6467.12,7566.70,9171.55,10702.58,13986.24,17800.15,3
2018-08-30,6984.01,4090.44,4692.04,6471.94,7569.87,9175.40,10709.58,13999.09,17808.72,3
2018-08-31,7017.35,4091.72,4693.69,6476.00,7572.52,9178.60,10715.02,14011.54,17815.63,3
2018-09-01,7185.01,4092.82,4695.13,6479.13,7574.85,9181.43,10719.42,14023.67,17821.29,3
2018-09-02,7290.31,4092.86,4695.27,6480.30,7575.07,9181.70,10721.14,14033.44,17821.25,3
2018-09-03,7258.99,4092.20,4694.48,6480.13,7573.81,9180.17,10721.24,14039.08,17817.04,3
2018-09-04,7361.00,4091.05,4693.20,6479.46,7571.74,9177.66,10720.54,14041.55,17810.71,3
2018-09-05,6679.30,4089.29,4691.21,6477.72,7568.53,9173.77,10718.97,14040.71,17801.48,3
2018-09-06,6493.09,4087.03,4688.70,6475.60,7564.47,9168.85,10716.77,14036.92,17789.92,3
2018-09-07,6400.00,4084.39,4685.80,6473.64,7559.79,9163.18,10714.29,14030.42,17776.62,2
2018-09-08,6178.31,4080.86,4681.87,6470.68,7553.46,9155.50,10710.85,14019.56,17759.18,2
2018-09-09,6236.04,4077.89,4678.52,6468.46,7548.05,9148.95,10708.22,14007.93,17744.34,2
2018-09-10,6301.99,4074.77,4675.09,6464.59,7542.53,9142.25,10706.88,13995.58,17728.71,2
2018-09-11,6279.99,4072.09,4672.14,6461.71,7537.77,9136.48,10706.07,13984.91,17715.19,2
2018-09-12,6322.45,4069.70,4669.55,6459.42,7533.58,9131.41,10705.62,13975.44,17703.20,2
2018-09-13,6485.70,4067.54,4667.19,6457.32,7529.77,9126.79,10705.37,13966.85,17692.31,3
2018-09-14,6476.51,4065.38,4664.75,6454.99,7525.83,9122.01,10704.94,13958.09,17681.22,3
2018-09-15,6520.15,4063.71,4662.89,6453.67,7522.84,9118.38,10704.80,13951.15,17672.42,3
2018-09-16,6499.98,4062.28,4661.31,6452.49,7520.28,9115.29,10704.82,13945.06,17664.71,3
2018-09-17,6254.52,4061.43,4660.41,6453.41,7518.84,9113.54,10703.97,13941.57,17660.29,2
2018-09-18,6332.34,4059.96,4658.83,6452.30,7516.29,9110.45,10702.81,13935.64,17654.18,2
2018-09-19,6388.40,4058.48,4657.23,6451.94,7513.71,9107.32,10701.71,13929.55,17647.97,2
2018-09-20,6492.98,4057.08,4655.72,6451.52,7511.27,9104.36,10700.81,13923.68,17641.97,3
2018-09-21,6749.45,4055.85,4654.41,6450.75,7509.16,9101.80,10700.06,13918.54,17650.87,3
2018-09-22,6710.01,4053.98,4652.35,6447.86,7505.83,9097.77,10699.02,13911.01,17658.58,3
2018-09-23,6702.22,4052.13,4650.30,6443.35,7502.52,9093.75,10697.97,13903.57,17666.74,3
2018-09-24,6581.52,4050.59,4648.59,6439.07,7499.76,9090.41,10697.20,13897.33,17676.52,3
2018-09-25,6428.99,4049.71,4647.66,6435.50,7498.27,9088.60,10697.49,13893.60,17688.17,2
2018-09-26,6461.51,4048.71,4646.59,6430.18,7496.54,9086.51,10697.58,13889.47,17699.61,3
2018-09-27,6681.62,4047.59,4645.44,6423.50,7494.68,9084.25,10697.63,13885.04,17710.97,3
2018-09-28,6610.76,4046.22,4644.04,6416.06,7492.43,9081.52,10697.56,13879.64,17721.69,3
2018-09-29,6579.38,4045.31,4643.15,6409.26,7490.99,9079.78,10697.91,13875.93,17733.52,3
2018-09-30,6597.81,4044.19,4642.07,6402.84,7489.25,9077.67,10698.10,13871.46,17744.77,3
2018-10-01,6571.20,4043.00,4640.76,6394.77,7487.14,9075.11,10698.43,13866.05,17755.20,3
2018-10-02,6500.00,4041.77,4639.47,6386.95,7485.05,9072.58,10698.01,13860.67,17765.75,3
2018-10-03,6456.77,4040.65,4638.37,6378.93,7483.27,9070.42,10697.82,13855.68,17776.53,3
2018-10-04,6547.56,4039.61,4637.34,6371.61,7481.61,9068.42,10697.55,13850.85,17787.39,3
2018-10-05,6582.12,4038.99,4636.82,6364.83,7480.77,9067.40,10697.84,13847.69,17799.24,3
2018-10-06,6544.08,4038.60,4636.54,6358.55,7480.32,9066.85,10698.34,13845.39,17811.69,3
2018-10-07,6577.63,4038.43,4636.47,6352.58,7480.20,9066.71,10699.44,13843.82,17824.56,3
2018-10-08,6604.75,4035.58,4633.47,6343.31,7475.38,9061.45,10697.37,13832.21,17830.70,3
2018-10-09,6588.80,4032.54,4630.19,6333.51,7470.08,9055.92,10695.16,13819.82,17836.41,3
2018-10-10,6517.55,4029.45,4626.74,6323.80,7464.51,9050.25,10692.92,13807.06,17842.01,3
2018-10-11,6152.76,4026.14,4623.02,6313.88,7458.52,9044.34,10690.51,13793.49,17847.04,2
2018-10-12,6185.15,4022.79,4619.24,6304.55,7452.42,9038.89,10688.47,13779.70,17851.66,2
2018-10-13,6199.69,4019.22,4615.15,6294.79,7445.81,9033.71,10686.44,13764.81,17855.76,2
2018-10-14,6183.00,4015.49,4610.85,6285.41,7438.87,9028.57,10683.95,13749.28,17859.53,2
2018-10-15,6441.74,4014.17,4609.22,6280.55,7436.24,9028.43,10684.20,13743.12,17869.34,3
2018-10-16,6461.20,4013.20,4608.00,6277.04,7434.28,9029.24,10685.44,13738.32,17879.96,3
2018-10-17,6437.29,4009.47,4603.66,6269.90,7427.27,9027.91,10683.97,13722.87,17881.96,3
2018-10-18,6396.18,4005.96,4599.49,6263.43,7420.55,9026.72,10682.78,13708.15,17883.83,3
2018-10-19,6383.46,4002.29,4595.10,6256.70,7413.46,9024.87,10680.99,13692.70,17871.05,3
2018-10-20,6412.86,3998.73,4590.87,6250.94,7406.64,9022.87,10678.91,13677.92,17857.52,3
2018-10-21,6413.38,3995.35,4586.83,6245.44,7400.12,9020.94,10676.98,13663.76,17843.60,3
2018-10-22,6406.06,3991.97,4582.81,6239.97,7393.63,9019.03,10675.00,13649.72,17828.72,3
2018-10-23,6393.41,3987.94,4577.97,6233.39,7385.84,9016.11,10672.05,13632.95,17810.09,3
2018-10-24,6411.96,3987.10,4576.39,6231.23,7383.28,9015.36,10672.68,13627.27,17799.67,3
2018-10-25,6393.53,3986.19,4574.79,6229.06,7380.71,9014.57,10673.14,13621.54,17789.16,3
2018-10-26,6406.10,3985.20,4573.11,6226.77,7377.99,9013.53,10673.24,13615.63,17778.34,3
2018-10-27,6407.66,3984.24,4571.45,6224.50,7375.31,9012.34,10673.16,13609.88,17767.66,3
2018-10-28,6405.57,3983.07,4569.60,6221.98,7372.32,9011.22,10673.02,13603.47,17756.22,3
2018-10-29,6266.52,3981.77,4567.66,6219.35,7369.20,9010.06,10672.72,13596.73,17744.38,3
2018-10-30,6269.46,3980.97,4566.32,6217.52,7367.04,9009.38,10672.82,13592.15,17735.38,3
2018-10-31,6303.27,3979.83,4564.98,6215.69,7364.87,9008.66,10671.99,13587.58,17726.41,3
2018-11-01,6340.99,3978.79,4563.78,6214.06,7362.93,9008.12,10671.39,13583.30,17717.87,3
2018-11-02,6350.43,3977.93,4562.79,6212.71,7361.34,9007.84,10671.11,13579.69,17710.24,3
2018-11-03,6335.00,3977.24,4562.00,6211.64,7360.07,9007.88,10671.20,13576.69,17703.48,3
2018-11-04,6421.76,3976.86,4561.59,6211.07,7359.40,9008.24,10671.59,13575.04,17698.48,3
2018-11-05,6403.20,3976.73,4561.48,6210.93,7359.22,9008.86,10672.22,13574.41,17694.83,3
2018-11-06,6447.50,3976.56,4561.38,6210.80,7359.07,9009.37,10672.78,13573.62,17690.93,3
2018-11-07,6501.00,3976.39,4561.33,6210.72,7358.98,9010.04,10673.41,13572.90,17687.19,3
2018-11-08,6405.49,3976.22,4561.22,6210.58,7358.81,9010.57,10673.95,13572.12,17683.32,3
2018-11-09,6325.00,3976.03,4561.09,6210.39,7358.59,9011.20,10674.61,13571.23,17679.36,3
2018-11-10,6349.32,3975.60,4560.65,6209.80,7357.89,9011.73,10675.23,13569.23,17674.02,3
2018-11-11,6357.54,3973.83,4558.75,6207.21,7354.82,9011.23,10674.55,13562.09,17662.04,3
2018-11-12,6318.00,3968.11,4552.35,6198.50,7344.50,9008.65,10670.10,13545.32,17630.06,3
2018-11-13,6260.91,3961.58,4544.97,6188.45,7332.59,9005.15,10663.09,13527.27,17593.91,3
2018-11-14,5595.91,3954.78,4537.29,6177.99,7320.20,9001.32,10655.32,13508.81,17556.49,2
2018-11-15,5585.00,3947.81,4529.45,6167.32,7307.56,8997.34,10647.16,13490.19,17518.44,2
2018-11-16,5508.71,3938.51,4519.02,6153.12,7290.73,8990.96,10631.77,13474.79,17468.68,2
2018-11-17,5503.36,3924.91,4503.71,6132.28,7266.03,8980.11,10602.33,13452.26,17397.37,2
2018-11-18,5559.26,3911.63,4488.66,6111.78,7241.74,8968.91,10570.93,13433.20,17327.34,2
2018-11-19,4735.44,3901.15,4476.71,6095.51,7222.47,8958.46,10539.58,13421.42,17271.35,2
2018-11-20,4352.00,3890.61,4464.68,6079.13,7203.06,8947.74,10507.73,13409.65,17215.12,1
2018-11-21,4538.01,3879.11,4451.53,6061.22,7181.84,8935.75,10472.82,13395.38,17153.91,2
2018-11-22,4275.23,3866.40,4436.91,6041.31,7158.25,8920.31,10434.10,13379.10,17086.39,1
2018-11-23,4288.26,3854.28,4422.92,6022.27,7135.69,8902.43,10396.94,13362.17,17021.94,1
2018-11-24,3785.65,3844.93,4412.20,6007.67,7118.39,8884.39,10368.28,13348.86,16971.64,0
2018-11-25,3938.89,3836.15,4402.22,5994.08,7102.28,8866.37,10341.26,13335.33,16924.64,1
2018-11-26,3727.34,3829.03,4394.07,5982.98,7089.13,8850.04,10318.76,13325.46,16885.70,0
2018-11-27,3771.01,3820.04,4385.09,5970.76,7074.66,8829.39,10289.76,13310.28,16843.21,0
2018-11-28,4220.16,3812.41,4378.45,5961.71,7063.93,8812.19,10264.54,13301.71,16812.12,1
2018-11-29,4249.80,3805.81,4373.02,5954.32,7055.18,8797.78,10242.54,13293.72,16786.40,1
2018-11-30,3971.06,3797.59,4369.35,5949.32,7049.26,8789.08,10222.50,13287.18,16774.79,1
2018-12-01,4140.39,3784.55,4364.80,5946.97,7062.06,8790.64,10201.72,13300.40,16791.48,1
2018-12-02,4102.05,3764.03,4351.48,5934.82,7070.92,8775.36,10161.68,13287.82,16775.61,1
2018-12-03,3834.34,3736.48,4332.55,5915.60,7076.40,8748.32,10108.00,13256.74,16736.37,1
2018-12-04,3903.52,3708.93,4314.47,5896.57,7083.68,8722.56,10058.96,13226.16,16697.77,1
2018-12-05,3696.69,3679.89,4295.53,5875.57,7089.02,8693.68,10008.51,13189.75,16651.80,1
2018-12-06,3437.26,3650.90,4276.84,5854.73,7094.64,8665.11,9958.43,13153.86,16606.48,0
2018-12-07,3380.68,3624.60,4257.59,5832.71,7099.85,8632.86,9908.79,13110.02,16551.14,0
2018-12-08,3398.80,3603.26,4238.72,5808.43,7086.24,8588.42,9860.63,13040.80,16463.75,0
2018-12-09,3529.75,3589.50,4228.57,5793.83,7075.71,8560.04,9832.23,12996.00,16407.19,0
2018-12-10,3408.00,3581.93,4223.22,5784.95,7066.13,8540.86,9815.48,12965.06,16368.13,0
2018-12-11,3353.42,3576.60,4218.42,5777.28,7055.25,8522.61,9801.68,12935.50,16330.81,0
2018-12-12,3430.18,3572.40,4213.48,5769.79,7043.73,8504.26,9788.71,12905.79,16293.31,0
2018-12-13,3262.73,3568.22,4208.56,5762.11,7031.48,8485.19,9775.78,12875.00,16254.42,0
2018-12-14,3195.75,3564.67,4204.38,5755.71,7019.53,8468.07,9765.79,12847.20,16219.33,0
2018-12-15,3179.54,3562.28,4202.06,5750.45,7008.00,8454.16,9758.62,12824.43,16190.58,0
2018-12-16,3193.78,3559.89,4199.74,5745.31,6996.52,8440.31,9751.46,12801.86,16162.09,0
2018-12-17,3496.73,3557.98,4198.03,5741.17,6987.20,8429.07,9746.10,12783.33,16138.69,0
2018-12-18,3667.16,3556.29,4195.86,5737.42,6978.61,8418.71,9741.40,12766.18,16117.05,1
2018-12-19,3684.50,3554.77,4193.80,5734.17,6971.16,8409.72,9737.70,12751.13,16098.05,1
2018-12-20,4073.77,3553.35,4191.45,5731.07,6964.04,8401.13,9734.33,12736.65,16079.76,1
2018-12-21,3841.08,3551.92,4188.89,5728.05,6956.97,8392.60,9731.07,12722.27,16061.61,1
2018-12-22,3980.90,3550.67,4186.25,5725.54,6951.58,8386.10,9729.19,12710.90,16047.26,1
2018-12-23,3943.83,3549.60,4183.80,5723.26,6947.13,8380.73,9728.11,12701.14,16034.93,1
2018-12-24,4036.00,3548.07,4180.24,5720.10,6940.85,8373.16,9725.50,12687.93,16018.26,1
2018-12-25,3779.99,3546.81,4176.99,5717.12,6934.96,8366.05,9723.17,12675.46,16002.51,1
2018-12-26,3810.01,3545.15,4172.19,5713.14,6926.44,8355.78,9718.69,12658.18,15980.70,1
2018-12-27,3591.69,3543.48,4167.39,5709.21,6918.02,8345.62,9714.25,12641.10,15959.14,1
2018-12-28,3884.97,3541.71,4162.17,5704.79,6908.62,8334.28,9708.99,12622.16,15935.23,1
2018-12-29,3725.48,3540.10,4157.37,5700.72,6899.94,8323.80,9704.30,12604.59,15913.04,1
2018-12-30,3835.79,3538.58,4152.78,5696.82,6891.61,8313.75,9699.89,12587.69,15891.71,1
2018-12-31,3693.30,3537.15,4148.43,5693.05,6883.59,8304.08,9695.77,12571.36,15871.09,1
2019-01-01,3823.44,3535.70,4144.49,5689.67,6876.61,8295.66,9692.47,12556.92,15852.86,1
2019-01-02,3885.87,3534.67,4141.97,5687.17,6872.02,8290.12,9691.12,12546.85,15840.15,1
2019-01-03,3787.81,3533.65,4139.67,5684.81,6867.74,8284.96,9690.07,12537.35,15828.16,1
2019-01-04,3817.71,3532.82,4137.85,5683.10,6864.58,8281.15,9689.91,12530.04,15818.93,1
2019-01-05,3791.84,3531.90,4135.66,5681.15,6860.80,8276.59,9689.27,12521.60,15808.26,1
2019-01-06,4040.71,3530.98,4133.47,5679.29,6857.12,8272.15,9688.70,12513.35,15797.85,1
2019-01-07,4005.45,3529.42,4129.19,5676.03,6850.03,8263.60,9685.33,12498.80,15779.49,1
2019-01-08,3994.90,3527.06,4120.62,5670.50,6835.88,8246.52,9672.72,12471.63,15745.19,1
2019-01-09,4002.13,3524.64,4111.96,5664.85,6821.46,8229.13,9659.25,12443.98,15710.28,1
2019-01-10,3627.51,3522.30,4103.19,5659.06,6806.69,8211.31,9644.71,12415.72,15674.60,1
2019-01-11,3632.02,3519.98,4094.06,5653.55,6791.79,8193.34,9629.40,12387.50,15638.97,1
2019-01-12,3617.13,3517.32,4083.29,5650.79,6776.92,8175.39,9613.15,12361.47,15606.10,1
2019-01-13,3515.95,3514.39,4072.22,5648.44,6761.98,8157.37,9596.43,12335.66,15573.53,1
2019-01-14,3664.28,3512.06,4063.56,5647.71,6750.94,8144.05,9582.17,12317.11,15550.10,1
2019-01-15,3576.93,3510.37,4059.13,5649.18,6746.86,8139.14,9576.39,12310.99,15542.37,1
2019-01-16,3605.91,3508.65,4054.67,5650.72,6742.87,8134.32,9570.72,12305.02,15534.84,1
2019-01-17,3638.01,3506.86,4050.17,5652.25,6739.01,8129.67,9565.24,12299.27,15527.58,1
2019-01-18,3609.21,3505.13,4045.80,5653.21,6735.14,8124.99,9559.75,12293.24,15519.97,1
2019-01-19,3681.00,3502.84,4042.57,5650.03,6730.05,8118.85,9552.52,12282.80,15506.79,1
2019-01-20,3536.72,3500.76,4039.33,5646.00,6724.48,8112.14,9544.62,12271.11,15492.03,1
2019-01-21,3531.51,3499.06,4036.22,5642.00,6719.20,8105.77,9537.13,12259.93,15477.92,1
2019-01-22,3576.81,3497.47,4032.99,5637.69,6713.73,8099.16,9529.35,12248.38,15463.33,1
2019-01-23,3552.32,3495.85,4029.70,5633.19,6708.15,8092.63,9521.44,12236.62,15448.49,1
2019-01-24,3570.73,3494.43,4026.44,5628.62,6702.61,8086.69,9513.58,12224.96,15433.76,1
2019-01-25,3560.00,3492.48,4022.82,5623.25,6696.21,8080.90,9504.50,12211.57,15416.86,1
2019-01-26,3555.56,3491.39,4019.79,5618.69,6690.78,8077.31,9496.78,12199.99,15402.24,1
2019-01-27,3533.23,3490.26,4016.34,5613.55,6684.67,8074.04,9488.11,12187.35,15386.28,1
2019-01-28,3429.50,3489.04,4012.66,5608.11,6678.18,8071.03,9478.90,12174.04,15369.48,0
2019-01-29,3390.50,3487.84,4009.00,5602.70,6671.74,8068.74,9469.76,12160.84,15352.82,0
2019-01-30,3437.35,3486.67,4005.52,5597.50,6665.55,8066.96,9460.98,12148.14,15336.78,0
2019-01-31,3413.11,3485.24,4002.30,5592.38,6659.46,8065.22,9452.32,12135.62,15320.97,0
2019-02-01,3434.83,3483.75,3999.43,5587.56,6653.71,8063.64,9444.17,12123.75,15305.99,0
2019-02-02,3462.82,3482.24,3996.77,5583.34,6648.68,8062.44,9437.03,12113.21,15292.69,0
2019-02-03,3414.82,3480.24,3994.24,5579.17,6643.72,8061.22,9429.99,12102.73,15279.45,0
2019-02-04,3410.87,3477.79,3991.69,5574.87,6638.60,8059.90,9422.72,12091.93,15265.82,0
2019-02-05,3431.39,3475.39,3989.49,5571.03,6634.03,8058.89,9416.24,12082.18,15253.51,0
2019-02-06,3364.62,3473.11,3987.37,5567.37,6629.67,8058.01,9410.05,12072.84,15241.72,0
2019-02-07,3359.33,3471.00,3985.26,5563.99,6625.64,8057.33,9404.33,12064.12,15230.71,0
2019-02-08,3622.94,3469.18,3983.40,5561.07,6622.17,8056.97,9399.40,12056.45,15221.03,1
2019-02-09,3622.62,3467.27,3981.46,5558.01,6618.52,8056.54,9394.22,12048.46,15210.94,1
2019-02-10,3650.37,3464.69,3978.92,5553.88,6613.60,8055.49,9387.24,12038.08,15197.83,1
2019-02-11,3588.70,3462.41,3976.64,5550.22,6609.25,8054.76,9381.06,12028.74,15186.04,1
2019-02-12,3585.94,3459.96,3974.15,5546.29,6604.57,8053.87,9374.42,12018.78,15173.47,1
2019-02-13,3574.93,3457.07,3971.31,5541.67,6599.06,8052.54,9366.60,12007.26,15158.93,1
2019-02-14,3560.46,3454.05,3968.31,5536.82,6593.29,8051.05,9358.42,11995.25,15143.77,1
2019-02-15,3566.29,3451.29,3965.58,5532.40,6588.03,8049.87,9350.94,11984.19,15129.80,1
2019-02-16,3579.92,3448.61,3963.23,5528.08,6582.89,8048.78,9343.64,11973.40,15116.18,1
2019-02-17,3625.60,3447.61,3962.19,5526.47,6580.96,8049.50,9340.91,11968.88,15110.47,1
2019-02-18,3869.80,3446.40,3960.95,5524.53,6578.66,8050.10,9337.64,11963.71,15103.95,1
2019-02-19,3888.46,3445.40,3959.90,5522.94,6576.76,8050.96,9334.94,11959.33,15098.42,1
2019-02-20,3936.53,3444.66,3959.04,5521.74,6575.33,8052.14,9332.92,11955.86,15094.03,1
2019-02-21,3900.40,3443.60,3957.99,5520.05,6573.32,8053.04,9330.07,11951.30,15088.27,1
2019-02-22,3939.82,3442.20,3956.59,5517.81,6570.65,8053.60,9326.27,11945.50,15080.96,1
2019-02-23,4113.53,3440.95,3955.00,5515.81,6568.28,8054.29,9322.91,11940.25,15074.33,2
2019-02-24,3730.68,3439.14,3953.23,5512.92,6564.83,8054.29,9318.01,11932.65,15064.73,1
2019-02-25,3820.71,3437.25,3950.96,5509.89,6561.23,8054.37,9312.90,11925.43,15055.61,1
2019-02-26,3795.06,3435.26,3948.60,5506.70,6557.43,8054.31,9307.50,11917.82,15046.01,1
2019-02-27,3798.47,3433.32,3946.32,5503.59,6553.72,8054.30,9302.25,11910.49,15036.75,1
2019-02-28,3791.36,3431.80,3944.43,5501.15,6550.81,8054.69,9298.11,11904.61,15029.33,1
2019-03-01,3807.05,3429.99,3942.23,5498.25,6547.36,8054.78,9293.21,11897.71,15020.62,1
2019-03-02,3810.46,3428.39,3940.29,5495.69,6544.32,8055.09,9288.90,11891.58,15012.89,1
2019-03-03,3789.52,3426.86,3938.36,5493.24,6541.40,8055.48,9284.75,11885.69,15005.45,1
2019-03-04,3698.66,3425.73,3937.27,5491.42,6539.22,8056.07,9281.67,11880.44,14998.82,1
2019-03-05,3844.07,3424.47,3936.08,5489.41,6536.83,8056.55,9278.27,11874.81,14991.71,1
2019-03-06,3851.55,3423.40,3935.04,5487.69,6534.78,8057.18,9275.36,11869.65,14985.20,1
2019-03-07,3856.64,3422.26,3933.82,5485.86,6532.61,8057.73,9272.28,11864.35,14978.50,1
2019-03-08,3844.64,3421.49,3933.01,5484.63,6531.14,8058.13,9270.20,11860.34,14973.44,1
2019-03-09,3916.43,3420.35,3931.84,5482.80,6528.96,8057.60,9267.10,11854.99,14966.69,1
2019-03-10,3897.92,3419.21,3930.63,5480.97,6526.78,8056.69,9264.00,11849.68,14959.99,1
2019-03-11,3849.25,3417.97,3929.36,5478.98,6524.42,8055.25,9260.65,11844.03,14952.85,1
2019-03-12,3859.74,3416.92,3928.25,5477.28,6522.39,8053.65,9257.77,11839.00,14946.51,1
2019-03-13,3848.48,3415.60,3926.83,5475.06,6519.74,8051.16,9254.02,11832.92,14938.82,1
2019-03-14,3854.77,3414.41,3925.56,5473.05,6517.36,8048.59,9250.63,11827.25,14931.67,1
2019-03-15,3901.21,3413.37,3924.43,5471.27,6515.23,8046.33,9247.61,11822.10,14925.16,1
2019-03-16,3990.00,3412.67,3923.60,5470.05,6513.79,8044.72,9245.56,11818.21,14920.25,2
2019-03-17,3965.50,3412.10,3922.91,5468.98,6512.51,8043.42,9243.75,11814.64,14915.75,2
2019-03-18,3969.59,3411.52,3922.17,5467.79,6511.09,8042.07,9241.74,11810.92,14911.04,2
2019-03-19,3998.13,3410.91,3921.42,5466.51,6509.56,8040.62,9239.57,11806.92,14906.00,2
2019-03-20,4031.59,3410.54,3920.94,5465.63,6508.52,8039.75,9238.09,11803.75,14902.00,2
2019-03-21,3974.21,3410.14,3920.43,5464.64,6507.33,8038.80,9236.40,11800.30,14897.64,2
2019-03-22,3982.07,3409.62,3919.80,5463.44,6505.90,8037.59,9234.37,11796.36,14892.67,2
2019-03-23,3982.52,3408.90,3918.97,5461.80,6503.96,8035.87,9231.61,11791.51,14886.55,2
2019-03-24,3969.99,3408.21,3918.20,5460.32,6502.19,8034.26,9229.10,11786.97,14880.81,2
2019-03-25,3910.51,3408.02,3918.02,5459.18,6500.83,8033.81,9227.18,11783.08,14875.90,1
2019-03-26,3922.58,3408.19,3918.23,5458.66,6500.22,8034.20,9226.30,11780.80,14873.03,2
2019-03-27,4025.50,3408.41,3918.50,5458.27,6499.75,8034.72,9225.64,11778.80,14870.50,2
2019-03-28,4012.23,3408.33,3918.43,5457.15,6498.42,8034.55,9223.75,11775.19,14865.94,2
2019-03-29,4090.00,3408.52,3918.65,5456.53,6497.68,8034.99,9222.71,11772.72,14862.82,2
2019-03-30,4094.92,3410.87,3921.32,5459.73,6501.50,8040.54,9228.12,11779.06,14870.83,2
2019-03-31,4096.08,3413.81,3924.64,5463.94,6506.50,8047.47,9235.22,11787.82,14881.89,2
2019-04-01,4136.32,3416.79,3928.01,5468.85,6512.35,8054.49,9243.52,11798.19,14894.98,2
2019-04-02,4899.63,3419.63,3931.24,5473.52,6517.91,8061.19,9251.42,11807.92,14907.26,2
2019-04-03,4978.23,3422.63,3934.64,5478.38,6523.70,8068.24,9259.63,11818.04,14920.04,2
2019-04-04,4907.94,3426.16,3938.67,5484.44,6530.91,8076.56,9269.87,11830.78,14936.12,2
2019-04-05,5039.73,3430.11,3943.18,5491.21,6538.98,8085.89,9281.32,11845.17,14954.29,2
2019-04-06,5041.39,3432.35,3945.75,5494.96,6543.45,8091.17,9287.66,11852.40,14963.42,2
2019-04-07,5190.85,3434.38,3948.07,5498.42,6547.56,8095.96,9293.51,11858.85,14971.56,2
2019-04-08,5287.88,3435.90,3949.79,5500.96,6550.59,8099.54,9297.79,11863.23,14977.09,2
2019-04-09,5192.60,3437.45,3951.55,5503.79,6553.96,8103.18,9302.58,11868.21,14983.38,2
2019-04-10,5323.47,3438.89,3953.17,5506.61,6557.31,8106.59,9307.34,11873.22,14989.71,2
2019-04-11,5040.20,3439.72,3954.08,5508.14,6559.14,8108.53,9309.94,11875.72,14992.86,2
2019-04-12,5076.35,3440.13,3954.52,5508.62,6559.71,8109.51,9310.75,11875.73,14992.87,2
2019-04-13,5063.63,3440.59,3955.01,5509.20,6560.40,8110.59,9311.72,11875.94,14993.13,2
2019-04-14,5162.72,3440.97,3955.41,5509.51,6560.77,8111.48,9312.25,11875.56,14992.66,2
2019-04-15,5027.31,3441.68,3956.21,5510.42,6561.85,8113.15,9313.79,11876.50,14993.84,2
2019-04-16,5202.43,3443.49,3958.29,5513.08,6565.02,8117.43,9318.28,11881.46,15000.11,2
2019-04-17,5233.72,3445.53,3960.64,5515.70,6568.15,8122.23,9322.72,11886.30,15006.22,2
2019-04-18,5281.58,3447.97,3963.44,5519.23,6572.34,8127.98,9328.68,11892.80,15014.42,2
2019-04-19,5289.91,3450.55,3967.80,5523.34,6577.24,8134.07,9335.63,11900.76,15024.48,2
2019-04-20,5318.89,3453.39,3972.44,5527.84,6582.60,8140.77,9343.24,11909.63,15035.67,2
2019-04-21,5295.65,3455.35,3976.07,5530.68,6585.98,8145.38,9348.03,11915.00,15042.45,2
2019-04-22,5386.80,3456.86,3979.19,5532.52,6588.17,8148.95,9351.22,11918.14,15046.42,2
2019-04-23,5531.32,3456.60,3980.23,5531.11,6586.50,8148.33,9349.26,11913.95,15041.13,3
2019-04-24,5440.95,3456.00,3980.87,5529.46,6584.52,8146.91,9346.90,11909.22,15035.15,2
2019-04-25,5132.55,3455.55,3981.69,5527.84,6582.60,8145.85,9344.96,11904.56,15029.27,2
2019-04-26,5155.19,3454.68,3980.63,5525.40,6579.70,8143.81,9341.90,11898.05,15021.05,2
2019-04-27,5168.91,3453.67,3979.41,5522.59,6576.34,8141.43,9338.40,11890.63,15011.68,2
2019-04-28,5160.98,3451.70,3977.09,5517.93,6570.80,8136.79,9332.76,11879.16,14997.21,2
2019-04-29,5149.11,3449.91,3975.22,5514.04,6566.17,8133.06,9328.48,11869.40,14984.88,2
2019-04-30,5269.00,3448.80,3974.55,5512.11,6563.87,8131.78,9327.01,11863.86,14977.88,2
2019-05-01,5318.42,3447.69,3974.26,5510.80,6562.31,8131.28,9326.44,11859.68,14972.60,2
2019-05-02,5385.00,3446.54,3974.17,5510.03,6561.39,8131.18,9326.32,11856.69,14968.83,2
2019-05-03,5658.22,3445.85,3975.09,5510.93,6562.46,8133.11,9328.53,11857.43,14969.77,3
2019-05-04,5764.65,3444.38,3975.88,5511.79,6563.48,8134.80,9330.48,11858.24,14970.78,3
2019-05-05,5709.32,3444.03,3979.19,5516.85,6569.51,8141.61,9338.29,11868.08,14983.21,3
2019-05-06,5685.46,3443.72,3983.05,5522.83,6576.63,8149.56,9347.40,11880.13,14998.42,3
2019-05-07,5751.54,3443.83,3987.02,5528.78,6583.72,8157.73,9356.78,11892.42,15013.94,3
2019-05-08,5940.89,3446.94,3993.74,5538.89,6595.76,8171.48,9372.55,11914.32,15041.60,3
2019-05-09,6156.70,3451.42,4001.63,5550.67,6609.78,8187.64,9391.08,11940.07,15074.11,3
2019-05-10,6342.84,3459.09,4012.38,5567.02,6629.25,8209.61,9416.97,11976.46,15120.04,3
2019-05-11,7217.47,3470.17,4026.10,5588.35,6654.65,8237.65,9451.27,12025.08,15181.43,4
2019-05-12,6974.35,3485.44,4040.82,5614.57,6685.88,8271.83,9494.11,12085.09,15257.18,4
2019-05-13,7810.05,3504.42,4060.84,5645.61,6722.84,8309.09,9545.18,12155.92,15346.61,4
2019-05-14,7986.00,3522.81,4080.18,5675.59,6758.54,8345.50,9594.35,12224.00,15432.56,4
2019-05-15,8208.69,3538.37,4096.59,5701.10,6788.92,8376.43,9636.69,12281.67,15505.36,4
2019-05-16,7880.00,3554.55,4112.95,5726.64,6819.33,8406.45,9679.25,12339.32,15578.14,4
2019-05-17,7351.71,3569.68,4126.53,5747.70,6844.41,8430.73,9714.84,12386.57,15637.79,4
2019-05-18,7260.12,3582.96,4137.65,5764.55,6864.47,8449.82,9743.32,12423.30,15684.16,4
2019-05-19,8200.00,3592.44,4147.09,5775.35,6877.33,8461.98,9761.57,12446.15,15713.02,4
2019-05-20,8005.64,3599.12,4151.43,5781.63,6884.82,8471.21,9772.20,12458.63,15728.77,4
2019-05-21,7955.16,3607.05,4157.07,5790.10,6894.90,8481.91,9786.51,12476.05,15750.76,4
2019-05-22,7624.95,3615.57,4163.31,5799.49,6906.08,8493.33,9802.37,12495.58,15775.42,4
2019-05-23,7880.22,3623.39,4169.54,5808.76,6917.25,8504.79,9818.23,12515.06,15800.02,4
2019-05-24,7999.02,3630.17,4176.59,5818.49,6929.96,8517.14,9836.27,12537.32,15828.12,4
2019-05-25,8064.64,3636.83,4184.38,5828.60,6944.09,8530.32,9856.33,12562.18,15859.50,4
2019-05-26,8733.26,3650.03,4201.54,5847.75,6974.19,8552.35,9899.05,12618.20,15930.22,5
2019-05-27,8770.73,3662.81,4218.26,5866.00,7003.41,8573.94,9940.52,12672.47,15998.74,5
2019-05-28,8717.96,3675.55,4235.08,5883.54,7032.56,8595.59,9981.90,12726.63,16067.12,5
2019-05-29,8663.41,3688.26,4251.93,5900.58,7061.61,8617.21,10023.13,12780.49,16135.11,5
2019-05-30,8277.76,3700.28,4268.14,5916.14,7089.28,8638.09,10062.41,12831.64,16199.69,4
2019-05-31,8547.20,3711.56,4283.42,5931.36,7115.08,8658.02,10099.03,12879.67,16260.33,4
2019-06-01,8556.27,3719.02,4293.67,5943.31,7132.32,8673.44,10123.50,12912.10,16301.27,4
2019-06-02,8734.49,3720.36,4294.02,5946.90,7132.57,8679.64,10123.86,12912.00,16301.14,5
2019-06-03,8103.64,3721.49,4294.14,5950.39,7132.45,8685.60,10123.68,12911.28,16300.24,4
2019-06-04,7665.53,3721.80,4293.55,5953.21,7131.24,8690.86,10121.96,12908.43,16296.64,4
2019-06-05,7785.94,3721.54,4292.39,5955.56,7129.12,8695.56,10118.96,12903.86,16290.87,4
2019-06-06,7806.07,3720.70,4290.58,5957.46,7125.87,8699.54,10114.35,12897.28,16282.56,4
2019-06-07,8001.25,3720.15,4289.40,5959.44,7123.80,8704.00,10111.40,12892.59,16276.63,4
2019-06-08,7932.27,3722.64,4291.97,5963.43,7127.89,8711.59,10117.21,12898.93,16284.64,4
2019-06-09,7632.99,3725.26,4296.18,5967.63,7134.55,8720.38,10126.67,12909.35,16297.80,4
2019-06-10,8021.10,3728.74,4301.38,5972.10,7142.08,8729.66,10137.35,12921.28,16312.86,4
2019-06-11,7919.10,3733.24,4307.52,5978.47,7151.52,8740.24,10150.75,12937.58,16333.43,4
2019-06-12,8176.27,3738.45,4314.41,5985.39,7162.10,8751.53,10165.77,12955.99,16356.68,4
2019-06-13,8238.00,3744.69,4322.45,5993.39,7174.69,8764.08,10183.64,12978.23,16384.76,4
2019-06-14,8697.54,3752.08,4331.53,6002.09,7188.84,8777.62,10203.72,13003.30,16416.41,4
2019-06-15,8857.19,3760.03,4341.22,6011.28,7203.94,8791.80,10225.16,13030.17,16450.32,5
2019-06-16,8974.19,3769.07,4351.66,6021.67,7220.54,8806.99,10248.72,13060.18,16488.22,5
2019-06-17,9333.48,3778.71,4362.79,6033.08,7238.88,8823.29,10274.75,13093.52,16530.30,5
2019-06-18,9078.84,3789.31,4375.03,6046.70,7258.64,8840.43,10302.80,13129.06,16575.18,5
2019-06-19,9278.27,3802.10,4390.05,6062.24,7282.94,8860.31,10337.28,13173.56,16631.35,5
2019-06-20,9534.99,3815.32,4405.76,6077.74,7308.28,8880.94,10373.25,13219.95,16689.92,5
2019-06-21,10222.12,3828.82,4422.07,6093.10,7334.67,8902.33,10410.71,13268.32,16750.99,5
2019-06-22,10661.30,3844.92,4441.72,6111.79,7366.59,8928.42,10456.01,13327.60,16825.83,6
2019-06-23,10831.95,3867.86,4468.24,6138.53,7413.40,8973.58,10522.46,13415.80,16937.18,6
2019-06-24,11029.63,3890.64,4494.70,6166.18,7460.13,9019.69,10588.79,13504.50,17049.17,6
2019-06-25,11751.01,3916.34,4523.00,6195.82,7513.06,9075.27,10663.92,13605.75,17176.98,6
2019-06-26,12920.54,3940.56,4549.02,6224.68,7563.13,9130.28,10734.99,13701.30,17297.61,6
2019-06-27,11153.74,3964.30,4574.64,6255.31,7612.70,9185.77,10805.34,13796.97,17418.39,6
2019-06-28,12354.43,3986.04,4597.67,6284.40,7657.90,9238.18,10869.50,13884.18,17528.50,6
2019-06-29,11858.62,4005.66,4617.61,6310.89,7698.56,9287.23,10927.22,13962.45,17627.32,6
2019-06-30,10760.10,4019.45,4631.85,6330.07,7726.85,9321.36,10967.37,14016.27,17695.26,5
2019-07-01,10577.43,4033.36,4646.11,6349.08,7755.38,9355.77,11007.86,14070.36,17763.55,5
2019-07-02,10828.90,4042.24,4656.11,6361.99,7773.92,9377.62,11033.56,14103.74,17805.69,5
2019-07-03,11967.43,4050.20,4665.34,6373.47,7790.15,9397.20,11056.60,14133.29,17843.00,6
2019-07-04,11146.34,4057.69,4673.69,6382.51,7804.97,9415.07,11077.64,14158.86,17875.28,6
2019-07-05,10997.84,4067.74,4684.97,6394.21,7825.25,9439.54,11106.43,14194.87,17920.74,5
2019-07-06,11240.00,4078.85,4697.77,6407.92,7847.96,9466.94,11137.40,14235.38,17971.89,6
2019-07-07,11469.96,4091.06,4711.79,6424.62,7872.95,9497.09,11167.92,14280.46,18028.80,6
2019-07-08,12286.14,4102.12,4724.48,6439.63,7895.51,9524.30,11195.78,14320.67,18079.55,6
2019-07-09,12567.23,4114.91,4739.13,6457.04,7921.40,9556.06,11227.72,14367.92,18139.21,6
2019-07-10,12098.95,4127.42,4753.42,6474.45,7947.03,9586.98,11259.66,14413.90,18197.26,6
2019-07-11,11349.24,4138.53,4766.07,6490.07,7969.58,9614.17,11289.50,14454.13,18248.05,6
2019-07-12,11808.91,4147.55,4776.28,6503.77,7987.73,9636.06,11313.29,14485.93,18288.20,6
2019-07-13,11378.79,4153.23,4782.68,6512.31,7998.67,9649.27,11330.08,14504.12,18311.16,6
2019-07-14,10191.87,4156.21,4785.95,6516.63,8003.69,9655.33,11342.17,14511.30,18320.23,5
2019-07-15,10850.00,4161.10,4791.37,6523.94,8012.98,9666.53,11357.62,14526.54,18339.47,5
2019-07-16,9412.81,4164.96,4795.60,6529.71,8018.87,9674.92,11370.95,14537.77,18353.64,4
2019-07-17,9699.35,4169.12,4800.24,6536.02,8024.59,9684.17,11384.65,14550.66,18369.92,5
2019-07-18,10648.60,4174.80,4806.60,6544.68,8032.51,9697.38,11400.97,14569.84,18394.13,5
2019-07-19,10535.43,4179.81,4812.09,6552.16,8038.49,9708.60,11415.93,14585.86,18414.36,5
2019-07-20,10750.11,4185.40,4818.20,6560.48,8046.22,9721.41,11431.00,14604.16,18437.46,5
2019-07-21,10600.24,4190.96,4824.70,6569.93,8054.94,9735.47,11447.54,14625.37,18464.23,5
2019-07-22,10328.83,4194.60,4829.02,6576.40,8058.54,9744.53,11460.08,14638.64,18480.99,5
2019-07-23,9847.02,4197.67,4832.68,6581.89,8061.66,9752.29,11471.18,14649.47,18494.66,5
2019-07-24,9763.67,4200.04,4835.52,6586.18,8064.22,9758.15,11479.70,14657.12,18504.33,5
2019-07-25,9883.96,4201.93,4837.85,6589.45,8066.36,9762.40,11486.07,14662.15,18510.67,5
2019-07-26,9846.94,4210.96,4849.39,6613.49,8092.25,9789.18,11507.89,14712.78,18574.58,5
2019-07-27,9481.37,4222.25,4862.76,6638.57,8119.14,9818.14,11532.29,14766.25,18642.10,4
2019-07-28,9533.19,4233.68,4875.91,6661.56,8144.43,9845.11,11554.59,14814.99,18703.63,4
2019-07-29,9495.39,4245.61,4889.58,6684.90,8171.61,9873.18,11578.26,14865.38,18767.25,4
2019-07-30,9593.62,4258.35,4904.19,6708.34,8200.12,9902.28,11603.34,14917.27,18832.76,4
2019-07-31,10085.34,4272.00,4919.87,6732.46,8229.68,9933.40,11631.19,14972.17,18902.07,5
2019-08-01,10407.71,4286.23,4936.23,6757.25,8260.18,9965.76,11660.95,15029.17,18974.03,5
2019-08-02,10529.51,4297.12,4947.88,6766.01,8273.04,9984.01,11680.61,15054.95,19006.57,5
2019-08-03,10821.52,4308.59,4960.92,6777.40,8289.11,10006.83,11703.59,15089.13,19049.73,5
2019-08-04,10986.96,4320.96,4974.87,6790.72,8306.39,10033.05,11728.97,15128.86,19099.89,5
2019-08-05,11800.00,4334.94,4990.17,6806.24,8324.71,10062.48,11756.62,15173.70,19156.49,6
2019-08-06,11470.00,4349.02,5005.06,6822.46,8342.39,10092.15,11784.61,15218.83,19213.47,5
2019-08-07,11971.57,4362.40,5019.16,6838.48,8359.44,10120.43,11811.74,15261.86,19267.79,6
2019-08-08,11983.43,4375.74,5033.12,6854.86,8376.59,10149.09,11839.20,15305.42,19322.79,6
2019-08-09,11859.32,4385.88,5043.26,6867.45,8388.74,10170.83,11862.45,15336.95,19362.59,5
2019-08-10,11273.20,4394.32,5051.47,6878.10,8398.39,10188.61,11883.17,15361.79,19393.95,5
2019-08-11,11528.73,4400.87,5057.59,6886.43,8406.08,10201.79,11900.56,15379.21,19415.94,5
2019-08-12,11385.11,4405.10,5061.48,6891.74,8411.23,10210.37,11914.58,15388.66,19427.88,5
2019-08-13,10862.28,4408.36,5064.76,6896.19,8415.85,10218.61,11927.49,15396.05,19437.20,5
2019-08-14,10022.99,4411.56,5067.82,6900.37,8420.17,10227.78,11940.05,15402.88,19445.83,4
2019-08-15,10301.44,4414.24,5070.26,6903.68,8423.55,10235.94,11951.66,15407.49,19451.65,5
2019-08-16,10354.34,4416.94,5072.73,6907.05,8427.06,10245.13,11963.17,15412.26,19457.67,5
2019-08-17,10210.89,4419.88,5075.36,6910.63,8430.46,10256.03,11975.02,15417.66,19464.49,4
2019-08-18,10318.99,4422.44,5077.57,6913.64,8433.27,10265.97,11986.34,15421.47,19469.30,5
2019-08-19,10927.30,4424.82,5079.53,6916.31,8435.83,10275.42,11997.24,15424.38,19472.97,5
2019-08-20,10772.22,4429.78,5084.14,6922.58,8441.59,10292.29,12011.81,15436.97,19488.87,5
2019-08-21,10134.75,4434.78,5088.97,6929.16,8447.43,10310.58,12026.52,15449.99,19505.31,4
2019-08-22,10112.01,4439.68,5093.81,6935.76,8453.47,10328.83,12041.11,15463.06,19521.80,4
2019-08-23,10401.60,4444.41,5098.53,6942.18,8459.27,10346.18,12055.50,15475.72,19537.79,5
2019-08-24,10149.70,4448.75,5102.74,6947.91,8465.01,10360.99,12068.93,15486.64,19551.57,4
2019-08-25,10136.75,4453.11,5106.98,6953.69,8470.70,10376.78,12082.34,15497.66,19565.49,4
2019-08-26,10360.97,4456.93,5110.78,6958.86,8476.04,10390.72,12094.89,15507.00,19577.28,4
2019-08-27,10167.29,4457.89,5111.56,6959.92,8477.79,10395.43,12103.13,15505.40,19575.25,4
2019-08-28,9711.78,4458.75,5112.07,6960.62,8479.35,10397.58,12111.09,15503.29,19572.59,4
2019-08-29,9490.00,4459.82,5112.75,6961.53,8480.92,10399.75,12118.67,15501.76,19570.66,4
2019-08-30,9579.75,4461.24,5113.81,6962.99,8482.80,10403.22,12126.85,15501.64,19570.51,4
2019-08-31,9594.15,4463.08,5115.52,6965.31,8484.81,10409.38,12136.19,15503.66,19573.06,4
2019-09-01,9767.53,4465.67,5118.02,6968.72,8487.72,10417.54,12146.34,15508.54,19579.22,4
2019-09-02,10384.48,4469.34,5121.78,6973.83,8492.05,10430.38,12158.02,15517.93,19591.08,4
2019-09-03,10617.61,4476.21,5131.37,6986.90,8507.66,10450.90,12177.41,15548.29,19629.40,5
2019-09-04,10586.26,4483.58,5141.55,7000.75,8523.82,10473.14,12197.72,15580.58,19670.17,5
2019-09-05,10573.66,4490.92,5151.69,7014.56,8539.92,10495.61,12218.66,15612.72,19710.75,5
2019-09-06,10311.09,4497.48,5160.96,7027.19,8555.49,10515.66,12238.24,15641.83,19747.50,4
2019-09-07,10484.39,4503.07,5169.11,7038.28,8569.91,10532.49,12256.11,15667.07,19779.36,4
2019-09-08,10400.18,4510.12,5178.89,7051.60,8586.44,10553.81,12276.50,15698.22,19818.69,4
2019-09-09,10307.45,4517.08,5188.52,7064.71,8602.64,10574.03,12297.14,15728.94,19857.47,4
2019-09-10,10096.00,4521.25,5192.78,7070.51,8608.05,10587.99,12310.85,15740.31,19871.83,4
2019-09-11,10154.46,4525.26,5196.77,7075.95,8613.26,10601.39,12324.17,15750.82,19885.09,4
2019-09-12,10420.34,4529.16,5200.58,7081.14,8618.49,10614.25,12336.81,15760.79,19897.69,4
2019-09-13,10368.65,4533.06,5204.40,7086.34,8623.41,10628.65,12348.55,15770.72,19910.22,4
2019-09-14,10355.37,4537.25,5208.47,7091.88,8628.77,10644.16,12359.75,15781.54,19923.88,4
2019-09-15,10305.74,4540.00,5211.17,7095.56,8632.72,10654.43,12369.00,15787.49,19931.38,4
2019-09-16,10269.98,4542.53,5213.56,7098.81,8636.27,10664.02,12377.02,15792.39,19937.57,4
2019-09-17,10195.73,4544.77,5215.61,7101.59,8639.64,10672.70,12383.50,15796.13,19942.30,4
2019-09-18,10152.09,4546.77,5217.42,7104.06,8642.84,10680.61,12388.52,15799.12,19946.07,4
2019-09-19,10271.53,4548.69,5219.16,7106.43,8645.70,10688.45,12392.83,15801.75,19949.39,4
2019-09-20,10169.02,4550.12,5220.43,7108.16,8648.33,10693.30,12395.81,15802.71,19950.60,4
2019-09-21,9985.28,4549.37,5219.49,7106.87,8650.66,10687.05,12392.26,15795.84,19941.93,4
2019-09-22,10020.58,4546.64,5216.09,7102.25,8650.50,10673.42,12382.22,15780.16,19922.13,4
2019-09-23,9682.19,4541.20,5209.65,7094.52,8648.08,10653.44,12363.87,15753.66,19888.68,4
2019-09-24,8536.82,4535.69,5203.12,7086.82,8645.58,10632.76,12345.24,15726.91,19854.91,3
2019-09-25,8432.16,4529.69,5196.12,7078.86,8642.73,10610.78,12325.34,15698.60,19819.17,3
2019-09-26,8055.03,4523.27,5188.75,7070.54,8639.66,10587.38,12304.39,15669.08,19781.90,3
2019-09-27,8187.72,4517.01,5181.58,7062.75,8636.74,10564.40,12283.96,15640.34,19745.62,3
2019-09-28,8218.07,4512.09,5175.79,7057.24,8632.71,10549.90,12267.80,15616.41,19715.41,3
2019-09-29,8047.60,4508.45,5171.47,7053.78,8629.41,10540.93,12255.76,15597.78,19691.89,3
2019-09-30,8298.45,4506.89,5169.52,7052.80,8627.27,10539.63,12250.25,15587.68,19679.14,3
2019-10-01,8319.01,4505.00,5167.25,7051.44,8624.34,10537.99,12243.96,15576.45,19664.95,3
2019-10-02,8373.42,4503.46,5165.42,7050.22,8621.68,10537.59,12238.83,15566.69,19652.63,3
2019-10-03,8239.92,4501.93,5163.54,7048.91,8618.66,10537.15,12233.56,15556.72,19640.04,3
2019-10-04,8152.07,4500.60,5161.83,7047.70,8615.56,10537.01,12228.78,15547.41,19628.30,3
2019-10-05,8145.17,4499.82,5160.69,7047.16,8613.23,10537.19,12225.48,15540.33,19619.35,3
2019-10-06,7854.12,4499.37,5159.90,7046.88,8611.50,10538.28,12223.03,15534.37,19611.83,3
2019-10-07,8205.53,4499.36,5159.54,7046.89,8610.56,10537.46,12221.69,15529.88,19606.16,3
2019-10-08,8178.54,4499.28,5159.09,7046.81,8609.45,10537.39,12220.11,15525.11,19600.14,3
2019-10-09,8586.34,4499.32,5158.79,7046.88,8608.49,10537.15,12218.76,15520.67,19594.53,3
2019-10-10,8582.11,4499.52,5158.73,7047.10,8608.03,10539.76,12218.10,15517.11,19590.04,3
2019-10-11,8265.55,4501.32,5162.56,7052.73,8612.87,10543.94,12224.96,15525.83,19601.05,3
2019-10-12,8303.43,4502.64,5166.48,7057.91,8616.47,10547.98,12230.07,15532.30,19609.22,3
2019-10-13,8282.96,4503.32,5169.97,7062.55,8618.68,10549.71,12233.21,15536.25,19614.20,3
2019-10-14,8362.99,4503.79,5173.50,7067.17,8620.47,10550.02,12235.76,15539.57,19618.39,3
2019-10-15,8155.13,4504.35,5177.46,7071.99,8622.34,10548.72,12238.42,15543.17,19622.95,3
2019-10-16,7995.89,4504.93,5181.25,7076.74,8624.12,10547.59,12240.94,15546.60,19627.28,3
2019-10-17,8073.32,4505.73,5185.20,7081.77,8626.33,10545.21,12244.07,15550.93,19632.74,3
2019-10-18,7955.08,4504.31,5186.11,7082.00,8622.18,10540.58,12238.18,15541.79,19621.20,3
2019-10-19,7960.49,4503.12,5186.81,7082.14,8618.84,10536.21,12233.44,15533.88,19611.21,3
2019-10-20,8235.74,4501.09,5186.23,7081.39,8613.65,10528.69,12226.08,15522.46,19596.79,3
2019-10-21,8213.65,4497.83,5183.85,7079.51,8605.98,10517.44,12215.19,15506.37,19576.48,3
2019-10-22,8025.90,4496.17,5183.06,7079.36,8601.66,10511.43,12209.06,15496.74,19564.33,3
2019-10-23,7470.77,4496.30,5184.71,7081.30,8601.30,10512.25,12208.54,15494.74,19561.80,3
2019-10-24,7435.00,4496.88,5186.93,7083.76,8601.86,10514.51,12209.34,15494.48,19561.47,3
2019-10-25,8662.66,4498.84,5189.15,7086.74,8605.21,10519.09,12214.10,15498.87,19567.02,4
2019-10-26,9252.75,4502.07,5192.42,7091.30,8611.21,10526.98,12222.62,15508.46,19579.12,4
2019-10-27,9557.08,4506.60,5197.25,7097.28,8620.24,10539.60,12235.43,15523.69,19598.35,4
2019-10-28,9216.44,4512.63,5204.34,7105.00,8632.46,10557.48,12252.77,15545.08,19625.36,4
2019-10-29,9426.94,4518.38,5211.08,7113.35,8643.63,10572.64,12268.63,15565.28,19650.85,4
2019-10-30,9159.94,4522.42,5215.69,7119.92,8651.27,10581.06,12279.47,15578.62,19667.70,4
2019-10-31,9150.07,4525.88,5219.66,7125.87,8657.69,10587.40,12288.58,15589.64,19681.61,4
2019-11-01,9250.45,4528.88,5223.20,7130.96,8663.17,10593.37,12296.37,15598.56,19692.86,4
2019-11-02,9304.75,4529.05,5223.24,7134.08,8662.24,10590.63,12295.04,15596.01,19689.64,4
2019-11-03,9207.00,4529.20,5223.13,7137.81,8661.05,10588.71,12293.36,15593.52,19686.51,4
2019-11-04,9410.76,4529.25,5222.68,7141.40,8659.84,10589.49,12291.64,15590.89,19683.19,4
2019-11-05,9320.14,4527.61,5220.14,7142.15,8655.64,10588.59,12285.67,15581.52,19671.35,4
2019-11-06,9344.78,4525.69,5217.26,7142.52,8650.86,10587.67,12278.89,15571.00,19658.08,4
2019-11-07,9199.36,4523.94,5214.61,7142.95,8646.46,10587.89,12272.64,15561.15,19645.65,4
2019-11-08,8767.37,4521.76,5211.40,7142.97,8641.15,10587.14,12265.11,15549.63,19631.09,4
2019-11-09,8812.21,4521.44,5210.73,7143.68,8640.03,10593.18,12263.52,15545.17,19625.47,4
2019-11-10,9024.49,4521.94,5211.49,7146.13,8641.30,10599.46,12265.32,15545.79,19626.25,4
2019-11-11,8720.36,4522.19,5211.89,7147.97,8641.95,10602.85,12266.25,15545.04,19625.30,4
2019-11-12,8813.91,4522.87,5212.82,7150.31,8643.50,10607.31,12268.44,15546.08,19626.61,4
2019-11-13,8755.24,4523.52,5213.77,7152.62,8645.06,10611.88,12270.66,15547.16,19627.97,4
2019-11-14,8636.90,4524.01,5214.50,7154.77,8646.29,10616.09,12272.40,15547.63,19628.57,3
2019-11-15,8463.49,4523.99,5214.58,7156.78,8646.41,10620.32,12272.58,15546.31,19626.90,3
2019-11-16,8484.63,4523.67,5214.45,7158.60,8646.20,10624.33,12272.27,15544.38,19624.47,3
2019-11-17,8499.31,4522.06,5212.46,7157.58,8642.90,10627.39,12267.60,15535.58,19613.35,3
2019-11-18,8170.65,4519.48,5209.26,7155.78,8637.60,10628.81,12260.07,15523.13,19597.64,3
2019-11-19,8121.63,4515.07,5204.02,7152.95,8628.91,10625.60,12247.74,15504.73,19574.42,3
2019-11-20,8088.44,4509.64,5197.67,7149.68,8618.37,10619.65,12232.78,15483.23,19547.26,3
2019-11-21,7611.51,4503.44,5190.83,7146.76,8607.04,10611.61,12216.69,15460.87,19519.04,3
2019-11-22,7285.85,4496.92,5183.82,7143.57,8595.41,10601.74,12200.18,15437.91,19490.05,3
2019-11-23,7320.39,4489.60,5176.04,7139.88,8582.52,10589.36,12181.89,15412.70,19458.22,3
2019-11-24,6908.36,4482.15,5168.33,7136.48,8569.72,10575.73,12163.72,15387.88,19426.89,2
2019-11-25,7122.14,4475.49,5161.78,7133.75,8563.09,10562.49,12148.31,15366.61,19400.03,2
2019-11-26,7159.22,4470.79,5157.59,7132.15,8563.12,10553.21,12138.45,15352.23,19381.88,3
2019-11-27,7527.84,4466.55,5153.97,7130.78,8568.21,10544.79,12129.94,15339.46,19365.76,3
2019-11-28,7436.72,4462.74,5150.43,7128.88,8575.76,10537.01,12121.91,15326.75,19349.72,3
2019-11-29,7753.69,4458.98,5146.82,7126.91,8585.79,10529.19,12121.40,15314.56,19334.32,3
2019-11-30,7550.67,4455.53,5143.34,7125.15,8596.20,10521.80,12122.67,15303.37,19320.20,3
2019-12-01,7412.66,4452.35,5139.24,7123.01,8605.79,10513.63,12124.02,15290.99,19304.57,3
2019-12-02,7309.64,4449.34,5134.79,7120.90,8610.64,10505.07,12125.80,15278.44,19288.73,3
2019-12-03,7300.43,4446.33,5129.59,7118.60,8611.57,10495.38,12127.30,15264.85,19271.57,3
2019-12-04,7197.78,4443.87,5123.94,7116.53,8607.61,10484.77,12130.14,15252.94,19256.53,3
2019-12-05,7390.42,4441.70,5117.99,7114.62,8600.77,10473.48,12133.57,15241.77,19242.42,3
2019-12-06,7541.79,4440.20,5112.28,7112.92,8591.81,10462.57,12137.30,15231.64,19229.64,3
2019-12-07,7502.65,4439.18,5106.94,7111.28,8582.96,10451.78,12141.14,15222.16,19217.68,3
2019-12-08,7524.26,4438.23,5102.16,7109.76,8574.20,10441.12,12144.98,15213.52,19206.77,3
2019-12-09,7340.52,4437.25,5097.59,7108.19,8563.81,10428.47,12148.07,15204.57,19195.47,3
2019-12-10,7216.07,4436.32,5093.76,7106.71,8553.58,10416.01,12151.03,15196.36,19185.10,3
2019-12-11,7207.42,4435.29,5090.76,7105.05,8543.49,10403.72,12153.14,15187.27,19173.63,3
2019-12-12,7188.42,4434.30,5088.46,7103.46,8533.61,10391.70,12155.01,15178.24,19162.23,3
2019-12-13,7257.47,4433.15,5088.94,7101.31,8522.75,10378.47,12155.49,15168.16,19149.50,3
2019-12-14,7059.03,4431.76,5089.44,7097.12,8510.50,10363.55,12154.48,15156.24,19134.45,2
2019-12-15,7115.08,4429.96,5090.29,7091.36,8497.69,10349.95,12153.64,15143.69,19118.60,3
2019-12-16,6882.19,4428.22,5091.42,7084.96,8486.39,10339.25,12153.13,15132.06,19103.93,2
2019-12-17,6612.30,4426.46,5092.61,7077.32,8474.73,10329.81,12152.86,15120.98,19089.93,2
2019-12-18,7286.91,4424.83,5093.96,7069.24,8464.39,10322.28,12153.12,15110.75,19077.02,3
2019-12-19,7149.57,4423.39,5095.46,7060.94,8455.34,10316.34,12153.94,15101.15,19064.90,3
2019-12-20,7194.11,4422.11,5094.76,7052.62,8448.12,10317.91,12155.86,15093.16,19054.82,3
2019-12-21,7147.40,4421.33,5094.65,7046.35,8443.60,10322.70,12159.61,15088.70,19049.18,3
2019-12-22,7509.70,4419.86,5093.41,7039.35,8438.54,10326.55,12161.58,15081.83,19040.51,3
2019-12-23,7316.17,4418.24,5092.13,7032.10,8432.58,10330.43,12163.53,15074.70,19031.51,3
2019-12-24,7251.52,4416.48,5090.54,7025.21,8427.01,10334.02,12164.99,15066.52,19021.18,3
2019-12-25,7195.79,4414.74,5089.01,7018.54,8421.22,10337.71,12166.57,15058.44,19010.98,3
2019-12-26,7188.30,4412.94,5087.43,7011.73,8415.06,10341.14,12167.81,15050.14,19000.50,3
2019-12-27,7246.00,4411.15,5085.04,7002.17,8405.66,10343.68,12161.65,15038.93,18986.35,3
2019-12-28,7296.24,4409.22,5082.36,6991.66,8393.17,10345.94,12154.77,15026.72,18970.93,3
2019-12-29,7385.54,4408.57,5080.89,6982.96,8382.67,10349.47,12150.03,15018.90,18961.06,3
2019-12-30,7220.24,4408.04,5079.41,6974.34,8372.43,10352.86,12145.13,15011.16,18951.29,3
2019-12-31,7168.36,4407.95,5078.46,6966.60,8363.51,10356.96,12141.34,15005.11,18943.65,3
2020-01-01,7178.68,4407.84,5077.40,6958.30,8354.15,10360.95,12137.20,14998.74,18935.61,3
2020-01-02,6950.56,4407.62,5076.23,6949.88,8344.54,10364.79,12132.89,14992.09,18927.22,3
2020-01-03,7338.91,4410.03,5076.49,6945.22,8339.28,10370.46,12131.66,14990.58,18925.30,3
2020-01-04,7344.48,4412.95,5077.61,6940.93,8335.82,10377.33,12132.91,14992.12,18927.25,3
2020-01-05,7356.70,4415.98,5079.05,6940.41,8330.75,10384.44,12135.03,14994.75,18930.57,3
2020-01-06,7762.74,4419.21,5080.97,6943.26,8325.70,10392.03,12138.53,14999.07,18936.02,3
2020-01-07,8159.01,4422.59,5083.19,6947.37,8321.24,10399.99,12143.00,15004.59,18943.00,3
2020-01-08,8044.44,4425.98,5085.55,6953.21,8317.00,10407.95,12147.86,15010.59,18950.57,3
2020-01-09,7806.78,4429.50,5088.15,6960.09,8313.28,10416.24,12153.28,15017.30,18959.04,3
2020-01-10,8200.00,4432.62,5090.48,6967.28,8308.68,10422.59,12157.86,15022.95,18966.17,3
2020-01-11,8016.22,4436.94,5094.49,6975.26,8313.82,10432.75,12167.24,15034.55,18980.82,3
2020-01-12,8180.76,4441.71,5099.46,6981.23,8324.17,10443.96,12179.38,15049.54,18999.75,3
2020-01-13,8105.01,4446.66,5104.74,6985.69,8337.28,10455.62,12192.43,15065.67,19020.11,3
2020-01-14,8813.04,4451.58,5110.14,6989.90,8351.17,10467.19,12205.65,15082.01,19040.74,4
2020-01-15,8809.17,4456.67,5115.78,6994.01,8366.28,10479.15,12219.55,15099.18,19062.41,4
2020-01-16,8710.15,4461.55,5121.15,6997.72,8380.79,10490.63,12232.77,15115.52,19083.04,4
2020-01-17,8892.63,4465.44,5126.26,7000.92,8394.95,10501.34,12245.24,15130.92,19102.49,4
2020-01-18,8908.53,4467.89,5129.32,7004.81,8400.83,10507.64,12251.78,15139.01,19112.69,4
2020-01-19,8696.60,4469.94,5131.41,7008.19,8403.44,10512.74,12255.10,15143.11,19117.87,4
2020-01-20,8625.17,4472.00,5132.84,7010.93,8404.10,10517.01,12256.60,15144.96,19120.20,4
2020-01-21,8717.89,4474.09,5133.82,7013.56,8402.71,10520.95,12256.98,15145.43,19120.81,4
2020-01-22,8655.93,4476.05,5134.61,7016.16,8400.46,10524.56,12256.89,15145.32,19120.67,4
2020-01-23,8378.44,4478.21,5135.71,7019.24,8398.87,10528.63,12257.50,15146.08,19121.62,3
2020-01-24,8422.13,4479.61,5137.41,7023.19,8398.99,10530.68,12259.89,15149.02,19125.34,4
2020-01-25,8329.50,4481.41,5139.98,7028.04,8401.93,10534.88,12264.78,15155.07,19132.97,3
2020-01-26,8590.48,4484.14,5143.58,7033.87,8406.91,10542.00,12273.07,15165.31,19145.91,4
2020-01-27,8894.54,4487.27,5148.53,7040.77,8416.80,10552.35,12285.12,15180.20,19164.70,4
2020-01-28,9400.00,4490.85,5154.42,7047.73,8430.45,10565.03,12299.88,15198.44,19187.72,4
2020-01-29,9289.18,4494.59,5160.55,7054.67,8445.26,10578.22,12315.24,15217.42,19211.68,4
2020-01-30,9500.00,4498.42,5166.40,7060.40,8460.09,10590.75,12329.83,15235.44,19234.44,4
2020-01-31,9327.85,4503.89,5172.22,7062.18,8474.78,10603.28,12344.41,15253.46,19257.19,4
2020-02-01,9377.17,4508.90,5177.15,7063.25,8486.37,10613.56,12356.38,15268.26,19275.87,4
2020-02-02,9329.39,4513.45,5181.55,7063.96,8498.01,10622.54,12366.83,15281.16,19292.16,4
2020-02-03,9288.09,4518.92,5186.72,7064.60,8511.66,10633.46,12379.54,15296.87,19312.00,4
2020-02-04,9159.37,4526.56,5193.58,7066.79,8526.41,10648.54,12397.10,15318.57,19339.39,4
2020-02-05,9618.42,4534.74,5201.21,7072.33,8540.76,10665.40,12416.73,15342.83,19370.01,4
2020-02-06,9754.63,4543.22,5209.71,7079.12,8557.13,10684.01,12438.91,15370.24,19404.62,4
2020-02-07,9803.42,4551.42,5219.44,7090.91,8575.36,10706.37,12464.95,15402.41,19445.24,4
2020-02-08,9902.00,4560.40,5230.50,7103.56,8598.03,10732.00,12494.79,15439.28,19491.78,4
2020-02-09,10173.97,4569.33,5241.76,7116.69,8621.54,10758.08,12525.14,15476.79,19539.14,4
2020-02-10,9850.01,4577.34,5251.78,7129.94,8640.94,10781.04,12551.87,15509.82,19580.83,4
2020-02-11,10268.98,4582.83,5259.88,7142.06,8658.03,10798.19,12572.51,15535.32,19613.03,4
2020-02-12,10348.78,4587.70,5266.85,7150.09,8674.35,10812.68,12589.95,15556.87,19640.24,4
2020-02-13,10228.67,4592.16,5273.23,7157.78,8688.96,10826.07,12605.65,15576.27,19664.72,4
2020-02-14,10364.04,4594.98,5277.92,7163.47,8700.22,10834.88,12615.91,15588.94,19680.73,4
2020-02-15,9899.78,4597.97,5283.09,7170.94,8713.00,10844.91,12627.59,15603.38,19698.95,4
2020-02-16,9912.89,4600.70,5287.27,7176.51,8721.99,10852.48,12636.39,15614.26,19712.68,4
2020-02-17,9697.15,4603.14,5290.55,7180.42,8728.85,10857.69,12642.47,15621.76,19722.16,4
2020-02-18,10185.17,4605.33,5293.17,7183.40,8734.01,10862.15,12646.98,15627.33,19729.20,4
2020-02-19,9595.72,4607.51,5296.10,7186.48,8739.59,10867.07,12652.14,15633.71,19737.24,4
2020-02-20,9612.76,4609.83,5299.29,7190.01,8745.95,10872.68,12658.05,15641.02,19746.47,4
2020-02-21,9696.13,4612.19,5302.58,7193.79,8752.79,10878.02,12664.27,15648.70,19756.17,4
2020-02-22,9668.13,4614.45,5304.63,7195.22,8755.31,10880.32,12666.94,15652.00,19760.34,4
2020-02-23,9965.21,4616.18,5305.96,7195.51,8756.34,10880.85,12667.55,15652.76,19761.29,4
2020-02-24,9652.58,4617.41,5306.96,7196.66,8756.51,10880.60,12667.27,15652.41,19760.85,4
2020-02-25,9305.40,4618.45,5307.44,7198.07,8755.41,10879.15,12665.57,15650.31,19758.21,4
2020-02-26,8779.36,4619.37,5307.40,7199.70,8753.69,10876.68,12662.71,15646.77,19753.74,4
2020-02-27,8816.50,4619.82,5306.65,7200.94,8749.97,10872.46,12657.79,15640.70,19746.07,4
2020-02-28,8703.84,4620.55,5306.26,7202.52,8746.54,10869.14,12653.92,15635.91,19740.03,3
2020-02-29,8527.74,4620.45,5305.29,7203.08,8740.94,10864.35,12648.35,15629.03,19731.34,3
2020-03-01,8528.95,4618.45,5303.18,7203.49,8732.36,10856.71,12639.45,15618.04,19717.46,3
2020-03-02,8917.34,4616.72,5301.84,7203.03,8725.88,10850.68,12632.44,15609.37,19706.51,4
2020-03-03,8755.45,4615.18,5301.04,7202.27,8720.67,10846.00,12626.98,15602.63,19698.00,4
2020-03-04,8753.28,4613.49,5300.43,7201.23,8715.64,10841.74,12622.02,15596.50,19690.27,4
2020-03-05,9066.65,4611.27,5299.42,7199.09,8709.27,10836.54,12615.97,15589.02,19681.40,4
2020-03-06,9153.79,4607.24,5296.66,7194.56,8704.43,10827.05,12604.92,15575.36,19665.18,4
2020-03-07,8893.93,4602.01,5292.79,7188.91,8700.35,10814.76,12590.62,15557.69,19644.46,4
2020-03-08,8033.70,4596.85,5288.94,7182.41,8702.22,10802.65,12576.51,15540.26,19623.96,3
2020-03-09,7936.25,4574.12,5268.46,7156.13,8684.98,10749.23,12514.33,15463.42,19533.14,3
2020-03-10,7885.92,4546.16,5243.50,7123.78,8657.54,10683.52,12437.83,15368.90,19421.08,3
2020-03-11,7934.57,4515.72,5217.49,7089.14,8625.29,10611.98,12354.54,15265.99,19299.27,3
2020-03-12,4841.67,4485.03,5191.76,7054.54,8593.14,10539.87,12270.58,15162.24,19176.32,1
2020-03-13,5622.74,4452.56,5165.90,7021.20,8552.76,10463.56,12181.74,15052.94,19046.29,2
2020-03-14,5169.37,4419.76,5140.40,6987.78,8509.30,10386.23,12091.71,14942.53,18914.26,2
2020-03-15,5343.64,4388.59,5116.66,6956.49,8464.40,10312.51,12005.89,14837.65,18789.30,2
2020-03-16,5033.42,4375.38,5109.62,6946.26,8438.50,10280.95,11969.15,14793.46,18736.28,1
2020-03-17,5324.99,4366.09,5106.35,6939.90,8419.86,10258.24,11942.72,14762.52,18698.89,2
2020-03-18,5406.92,4359.41,5104.31,6935.72,8406.10,10241.48,11923.20,14740.45,18671.85,2
2020-03-19,6181.18,4353.59,5102.65,6931.69,8393.80,10226.49,11905.75,14721.22,18647.91,2
2020-03-20,6210.14,4351.33,5102.72,6929.30,8388.33,10219.82,11897.99,14713.62,18638.27,2
2020-03-21,6187.78,4351.59,5104.10,6930.26,8387.91,10219.31,11897.39,14714.48,18639.37,2
2020-03-22,5813.15,4351.91,5105.61,6930.74,8387.67,10219.03,11897.06,14715.57,18640.74,2
2020-03-23,6493.51,4351.92,5106.96,6930.67,8386.78,10217.94,11895.79,14715.61,18640.79,2
2020-03-24,6768.64,4352.35,5108.52,6931.05,8386.75,10217.91,11895.75,14717.05,18642.62,2
2020-03-25,6692.22,4352.53,5109.96,6930.69,8386.22,10217.25,11894.99,14717.66,18643.39,2
2020-03-26,6760.72,4352.12,5111.09,6928.85,8384.46,10215.11,11892.50,14716.26,18641.62,2
2020-03-27,6376.03,4351.16,5111.93,6925.31,8381.54,10211.55,11888.36,14713.02,18637.51,2
2020-03-28,6253.08,4348.81,5112.03,6918.12,8375.72,10204.46,11880.10,14705.07,18627.44,2
2020-03-29,5870.90,4344.78,5111.25,6905.82,8366.35,10193.05,11866.82,14691.44,18610.18,2
2020-03-30,6407.77,4340.62,5110.40,6893.37,8356.70,10181.29,11853.13,14677.38,18592.37,2
2020-03-31,6421.14,4337.13,5109.89,6882.09,8348.37,10171.15,11841.32,14665.59,18577.43,2
2020-04-01,6652.07,4333.96,5109.57,6870.78,8340.70,10161.79,11830.43,14654.88,18563.87,2
2020-04-02,6801.99,4331.56,5109.67,6861.45,8334.53,10154.28,11821.68,14646.74,18553.56,2
2020-04-03,6742.57,4330.61,5110.55,6856.29,8331.36,10150.42,11817.19,14643.54,18549.50,2
2020-04-04,6879.61,4329.61,5111.46,6851.80,8328.15,10146.51,11812.63,14640.17,18545.23,3
2020-04-05,6775.20,4331.07,5113.64,6853.70,8329.97,10148.73,11815.21,14645.10,18551.48,2
2020-04-06,7352.43,4332.54,5115.85,6855.37,8331.83,10150.99,11817.85,14650.08,18557.79,3
2020-04-07,7202.73,4331.17,5115.11,6849.12,8327.87,10146.17,11812.24,14645.42,18551.88,3
2020-04-08,7367.36,4329.71,5113.95,6843.52,8323.75,10141.15,11806.39,14640.51,18545.66,3
2020-04-09,7293.93,4328.23,5112.48,6837.82,8319.56,10136.04,11800.44,14635.50,18539.32,3
2020-04-10,6877.03,4325.32,5109.80,6828.05,8312.38,10127.30,11790.27,14625.65,18526.84,3
2020-04-11,6883.18,4322.73,5106.92,6818.88,8305.80,10119.28,11780.93,14616.90,18515.75,3
2020-04-12,6908.24,4319.32,5103.00,6807.86,8297.55,10109.22,11769.23,14605.36,18501.14,3
2020-04-13,6864.22,4316.01,5098.98,6797.17,8289.52,10099.44,11757.84,14594.19,18486.98,3
2020-04-14,6879.75,4315.50,5097.55,6794.23,8287.20,10096.62,11754.55,14592.44,18484.77,3
2020-04-15,6619.00,4315.29,5096.52,6792.00,8285.52,10094.57,11752.17,14591.73,18483.87,2
2020-04-16,7111.67,4315.04,5095.47,6789.71,8283.81,10092.49,11749.74,14590.91,18482.83,3
2020-04-17,7024.19,4314.55,5094.11,6786.90,8281.61,10089.81,11746.62,14589.24,18480.72,3
2020-04-18,7262.26,4313.88,5092.53,6783.52,8279.04,10086.67,11742.97,14586.95,18477.82,3
2020-04-19,7126.40,4313.81,5091.73,6782.07,8277.74,10085.09,11741.13,14586.74,18477.55,3
2020-04-20,6841.00,4314.19,5091.50,6782.14,8277.36,10084.63,11740.59,14588.01,18479.15,3
2020-04-21,6854.98,4315.07,5091.91,6783.88,8278.02,10085.44,11741.53,14591.01,18482.95,3
2020-04-22,7137.79,4315.90,5092.25,6785.82,8278.57,10086.11,11742.31,14593.80,18486.49,3
2020-04-23,7484.58,4316.98,5092.89,6788.54,8279.62,10087.39,11743.80,14597.46,18491.13,3
2020-04-24,7505.53,4319.92,5095.93,6796.97,8284.56,10093.40,11750.80,14607.40,18503.72,3
2020-04-25,7547.56,4323.28,5099.47,6806.82,8290.32,10100.42,11758.97,14618.75,18518.10,3
2020-04-26,7701.73,4331.90,5109.92,6832.43,8307.30,10121.11,11783.06,14647.89,18555.01,3
2020-04-27,7786.41,4341.59,5121.76,6861.50,8326.55,10144.56,11810.36,14680.66,18596.52,3
2020-04-28,7767.79,4352.02,5134.54,6892.81,8347.32,10169.87,11839.83,14715.95,18641.22,3
2020-04-29,8790.32,4362.94,5147.89,6925.47,8369.03,10196.31,11870.61,14752.86,18687.98,4
2020-04-30,8627.32,4374.12,5161.57,6959.02,8391.27,10223.41,11902.17,14790.66,18735.86,4
2020-05-01,8832.44,4384.48,5174.15,6988.48,8411.72,10248.33,11931.17,14825.68,18780.22,4
2020-05-02,8983.79,4395.32,5187.28,7017.89,8433.17,10274.46,11961.59,14862.35,18826.68,4
2020-05-03,8915.98,4402.04,5194.36,7031.84,8445.89,10289.95,11979.63,14885.08,18855.47,4
2020-05-04,8882.87,4411.52,5202.04,7043.85,8464.60,10312.76,12006.18,14917.13,18896.06,4
2020-05-05,9034.85,4421.47,5209.55,7053.30,8484.50,10337.00,12034.40,14950.76,18938.67,4
2020-05-06,9154.32,4430.94,5216.83,7060.79,8503.52,10360.17,12061.37,14982.79,18979.24,4
2020-05-07,10000.00,4439.52,5223.69,7066.34,8520.68,10381.08,12085.72,15011.80,19015.99,4
2020-05-08,9801.35,4446.71,5229.84,7070.55,8535.12,10398.66,12106.19,15036.12,19046.80,4
2020-05-09,9546.56,4453.30,5235.66,7074.28,8548.29,10414.72,12124.88,15058.41,19075.03,4
2020-05-10,8731.17,4459.74,5241.39,7078.59,8560.97,10430.16,12142.86,15080.18,19102.60,4
2020-05-11,8571.98,4462.97,5245.41,7080.66,8566.57,10436.99,12150.81,15091.11,19116.45,4
2020-05-12,8825.46,4464.67,5248.60,7081.38,8568.80,10439.70,12153.96,15096.84,19123.71,4
2020-05-13,9315.50,4466.41,5251.81,7082.46,8571.04,10442.43,12157.14,15102.72,19131.16,4
2020-05-14,9793.50,4469.01,5255.52,7084.44,8574.99,10447.24,12162.74,15111.52,19142.31,4
2020-05-15,9306.21,4473.76,5260.38,7088.43,8583.26,10457.33,12174.49,15127.57,19162.64,4
2020-05-16,9389.07,4479.44,5265.75,7093.23,8593.45,10469.73,12188.93,15146.79,19186.98,4
2020-05-17,9665.70,4484.11,5270.63,7096.55,8601.54,10479.59,12200.41,15162.59,19206.99,4
2020-05-18,9721.91,4487.09,5274.62,7098.26,8606.16,10485.22,12206.96,15172.67,19219.77,4
2020-05-19,9787.65,4489.98,5278.54,7100.37,8610.55,10490.57,12213.19,15182.45,19232.15,4
2020-05-20,9516.51,4492.82,5282.42,7102.59,8614.79,10495.74,12219.20,15192.02,19244.28,4
2020-05-21,9062.47,4494.93,5285.87,7104.15,8617.55,10499.10,12223.12,15199.16,19253.32,4
2020-05-22,9171.96,4495.25,5288.23,7104.26,8616.55,10497.88,12221.70,15200.25,19254.70,4
2020-05-23,9183.46,4494.46,5289.45,7103.49,8613.28,10493.89,12217.05,15197.57,19251.31,4
2020-05-24,8718.77,4494.04,5290.81,7103.35,8610.76,10490.83,12213.49,15196.16,19249.52,4
2020-05-25,8903.56,4494.71,5292.76,7104.16,8610.49,10490.50,12213.11,15198.42,19252.39,4
2020-05-26,8840.91,4495.42,5294.34,7104.43,8610.35,10490.32,12212.90,15200.83,19255.44,4
2020-05-27,9210.00,4496.36,5295.86,7104.62,8610.66,10490.71,12213.35,15204.00,19259.46,4
2020-05-28,9577.38,4497.59,5297.14,7104.77,8611.67,10491.93,12214.77,15208.18,19264.74,4
2020-05-29,9421.04,4501.40,5301.27,7105.37,8618.38,10500.11,12224.30,15221.06,19281.06,4
2020-05-30,9705.10,4505.22,5305.46,7105.60,8625.20,10508.42,12233.97,15233.97,19297.42,4
2020-05-31,9446.19,4508.98,5309.59,7105.75,8631.91,10516.59,12243.48,15246.70,19313.54,4
2020-06-01,10203.64,4512.78,5313.73,7105.84,8638.64,10524.79,12253.03,15259.52,19329.78,4
2020-06-02,9525.73,4516.56,5317.84,7106.48,8645.32,10532.93,12262.50,15272.32,19346.00,4
2020-06-03,9668.99,4520.21,5321.79,7107.11,8651.75,10540.77,12271.63,15284.64,19361.61,4
2020-06-04,9791.92,4524.05,5325.98,7108.30,8658.55,10549.05,12281.28,15297.66,19378.09,4
2020-06-05,9619.99,4526.95,5328.85,7110.42,8663.22,10554.73,12287.89,15307.44,19390.49,4
2020-06-06,9669.85,4530.37,5332.35,7113.47,8668.91,10561.67,12295.96,15319.02,19405.16,4
2020-06-07,9750.04,4533.77,5335.82,7116.63,8674.56,10568.55,12303.98,15330.50,19419.69,4
2020-06-08,9783.00,4535.99,5337.80,7119.24,8677.78,10572.48,12308.54,15338.02,19429.22,4
2020-06-09,9776.84,4538.39,5339.98,7122.08,8681.32,10576.79,12313.57,15346.12,19439.48,4
2020-06-10,9894.32,4540.67,5341.98,7124.87,8684.57,10580.75,12318.17,15353.85,19449.27,4
2020-06-11,9264.26,4542.80,5343.76,7127.37,8687.47,10584.28,12322.28,15361.03,19458.37,4
2020-06-12,9463.07,4544.00,5344.25,7129.01,8688.27,10585.26,12323.42,15365.08,19463.50,4
2020-06-13,9473.46,4545.12,5344.65,7130.41,8688.92,10586.04,12324.34,15368.89,19468.33,4
2020-06-14,9329.99,4545.89,5344.56,7131.57,8688.77,10585.87,12324.14,15371.49,19471.63,4
2020-06-15,9435.15,4548.87,5347.40,7134.85,8693.39,10591.49,12330.69,15381.58,19484.40,4
2020-06-16,9530.30,4551.52,5349.83,7138.15,8697.33,10596.30,12336.28,15390.53,19495.73,4
2020-06-17,9461.29,4554.18,5352.29,7141.70,8701.34,10601.18,12342.15,15399.51,19507.12,4
2020-06-18,9374.78,4556.91,5354.86,7145.97,8705.51,10606.26,12348.56,15408.75,19518.82,4
2020-06-19,9304.32,4560.02,5357.93,7150.52,8710.50,10612.34,12356.26,15419.28,19532.16,4
2020-06-20,9355.46,4563.12,5361.02,7154.99,8715.58,10618.47,12364.14,15429.76,19545.43,4
2020-06-21,9283.03,4565.56,5363.44,7158.13,8719.79,10623.26,12370.58,15438.02,19555.89,4
2020-06-22,9683.12,4566.13,5363.35,7159.67,8719.99,10623.07,12371.62,15439.93,19558.32,4
2020-06-23,9622.81,4568.61,5365.82,7162.87,8726.09,10627.98,12378.20,15448.31,19568.94,4
2020-06-24,9286.06,4570.89,5368.07,7165.96,8731.91,10632.42,12384.37,15456.01,19578.68,4
2020-06-25,9239.48,4573.02,5370.16,7168.71,8737.67,10636.57,12390.14,15463.21,19587.81,4
2020-06-26,9158.26,4574.66,5371.63,7171.52,8742.53,10639.47,12394.59,15468.78,19594.86,4
2020-06-27,9009.30,4576.20,5372.99,7174.63,8747.60,10642.18,12398.77,15473.99,19601.46,4
2020-06-28,9118.01,4578.44,5375.12,7179.30,8753.83,10646.39,12404.84,15481.57,19611.06,4
2020-06-29,9188.88,4580.79,5377.38,7184.04,8760.20,10650.86,12411.19,15489.49,19621.10,4
2020-06-30,9132.96,4581.34,5377.23,7187.24,8760.94,10650.57,12412.70,15491.37,19623.48,4
2020-07-01,9233.38,4582.06,5377.25,7190.61,8761.95,10650.61,12414.64,15493.79,19626.54,4
2020-07-02,9092.92,4582.80,5377.24,7194.03,8762.84,10650.59,12416.64,15496.29,19629.71,4
2020-07-03,9063.08,4583.76,5377.49,7197.66,8764.38,10651.09,12419.24,15499.53,19633.82,4
2020-07-04,9138.52,4584.56,5377.51,7201.17,8765.17,10651.12,12421.41,15502.24,19637.25,4
2020-07-05,9076.82,4586.18,5378.66,7205.36,8767.44,10653.41,12425.79,15507.71,19644.18,4
2020-07-06,9348.22,4587.98,5380.06,7209.72,8770.22,10656.18,12430.67,15513.80,19651.89,4
2020-07-07,9257.16,4589.87,5381.58,7214.17,8772.56,10659.18,12435.79,15520.19,19659.98,4
2020-07-08,9437.16,4591.70,5383.03,7219.34,8774.23,10662.05,12440.77,15526.41,19667.86,4
2020-07-09,9234.90,4593.64,5384.62,7228.42,8776.25,10665.20,12446.03,15532.97,19676.17,4
2020-07-10,9283.53,4595.12,5385.62,7236.67,8777.19,10667.19,12450.01,15537.94,19682.47,4
2020-07-11,9238.30,4596.90,5387.08,7245.06,8778.81,10670.08,12454.84,15543.96,19690.09,4
2020-07-12,9306.17,4597.87,5387.51,7253.73,8779.01,10670.94,12457.48,15547.26,19694.28,4
2020-07-13,9233.10,4598.73,5387.78,7262.32,8779.08,10671.47,12459.81,15550.17,19697.96,4
2020-07-14,9251.59,4599.46,5387.88,7271.02,8779.71,10671.67,12461.77,15552.62,19701.06,4
2020-07-15,9190.07,4600.19,5388.00,7278.76,8781.11,10671.90,12463.76,15555.09,19704.20,4
2020-07-16,9132.87,4600.99,5388.22,7282.57,8782.63,10672.33,12465.93,15557.80,19707.62,4
2020-07-17,9156.50,4601.89,5388.53,7286.58,8784.36,10672.96,12468.38,15560.86,19711.50,4
2020-07-18,9177.43,4602.71,5388.67,7290.06,8785.91,10673.23,12470.58,15563.61,19714.99,4
2020-07-19,9211.99,4603.87,5389.22,7292.57,8788.14,10674.31,12473.74,15567.55,19719.98,4
2020-07-20,9162.43,4605.54,5390.45,7295.24,8791.33,10676.76,12478.27,15573.20,19727.14,4
2020-07-21,9391.25,4607.52,5392.08,7297.72,8795.09,10679.98,12483.61,15579.87,19735.58,4
2020-07-22,9539.51,4609.84,5394.16,7300.60,8799.52,10684.10,12489.90,15587.71,19745.52,4
2020-07-23,9617.20,4612.53,5396.73,7303.62,8804.66,10689.19,12497.19,15596.82,19757.05,4
2020-07-24,9547.91,4618.43,5403.55,7309.92,8815.94,10702.69,12513.20,15616.79,19782.35,4
2020-07-25,9710.98,4626.13,5412.83,7317.27,8832.38,10721.08,12534.04,15642.80,19815.30,4
2020-07-26,9944.65,4634.65,5423.14,7325.30,8851.97,10741.50,12557.12,15671.61,19851.79,4
2020-07-27,11046.19,4643.91,5434.43,7333.70,8874.50,10763.87,12582.22,15702.93,19891.47,5
2020-07-28,10939.27,4654.29,5447.26,7343.06,8900.54,10789.28,12610.36,15738.05,19935.96,5
2020-07-29,11111.17,4665.59,5463.65,7353.12,8930.05,10816.98,12640.95,15776.23,19984.32,5
2020-07-30,11112.12,4676.65,5479.80,7363.43,8959.45,10844.15,12670.93,15813.65,20031.73,5
2020-07-31,11356.74,4686.84,5494.86,7372.84,8990.13,10869.15,12698.55,15848.11,20075.38,5
2020-08-01,11817.49,4695.57,5507.89,7382.18,9017.16,10890.05,12722.19,15877.62,20112.76,5
2020-08-02,11071.66,4705.04,5521.92,7393.29,9046.80,10912.89,12747.84,15909.63,20153.30,5
2020-08-03,11236.39,4716.28,5538.30,7408.23,9081.92,10940.31,12778.29,15947.64,20201.44,5
2020-08-04,11192.42,4728.27,5555.70,7425.23,9119.79,10969.67,12810.80,15988.21,20252.84,5
2020-08-05,11755.24,4740.59,5571.15,7443.47,9158.39,10999.83,12844.16,16029.85,20305.59,5
2020-08-06,11770.08,4753.48,5587.34,7462.46,9198.79,11031.40,12879.08,16073.43,20360.79,5
2020-08-07,11600.85,4765.10,5601.77,7480.67,9235.15,11059.43,12910.56,16112.72,20410.56,5
2020-08-08,11776.90,4777.03,5616.69,7499.34,9272.23,11088.47,12942.89,16153.06,20461.66,5
2020-08-09,11683.03,4787.65,5629.91,7516.27,9305.80,11114.18,12971.66,16188.97,20507.15,5
2020-08-10,11895.12,4796.33,5640.52,7530.17,9333.63,11134.73,12995.18,16218.32,20544.33,5
2020-08-11,11392.64,4804.06,5649.80,7542.54,9360.66,11152.71,13016.12,16244.45,20577.43,5
2020-08-12,11565.35,4810.82,5657.79,7553.33,9388.67,11168.21,13034.44,16267.31,20606.39,5
2020-08-13,11793.26,4817.29,5665.36,7563.65,9417.79,11182.91,13051.97,16289.20,20634.12,5
2020-08-14,11779.77,4825.18,5674.98,7576.27,9451.35,11201.56,13073.35,16315.88,20667.91,5
2020-08-15,11852.20,4832.81,5684.13,7588.52,9483.45,11219.23,13094.02,16341.68,20700.59,5
2020-08-16,11914.02,4839.96,5692.59,7600.02,9513.28,11235.54,13113.40,16365.86,20731.23,5
2020-08-17,12298.38,4846.78,5700.66,7611.01,9540.87,11251.03,13131.87,16388.91,20760.42,5
2020-08-18,11958.10,4853.02,5708.06,7621.12,9563.79,11265.20,13148.79,16410.04,20787.19,5
2020-08-19,11757.55,4858.95,5715.03,7630.73,9581.74,11278.48,13164.84,16430.06,20812.55,5
2020-08-20,11859.37,4864.50,5721.47,7639.72,9596.73,11290.80,13179.89,16448.84,20836.34,5
2020-08-21,11531.74,4868.35,5725.46,7645.92,9605.29,11298.43,13190.31,16461.85,20852.81,5
2020-08-22,11667.70,4871.70,5728.83,7651.31,9613.39,11304.92,13199.40,16473.20,20867.19,5
2020-08-23,11644.65,4875.17,5732.41,7656.87,9621.58,11311.80,13208.79,16484.91,20882.03,5
2020-08-24,11761.80,4878.17,5735.33,7661.65,9629.31,11317.46,13216.91,16495.05,20894.88,5
2020-08-25,11328.88,4881.35,5738.45,7666.70,9637.18,11324.40,13225.53,16505.80,20908.50,5
2020-08-26,11469.30,4884.24,5741.23,7671.31,9644.61,11332.33,13233.38,16515.60,20920.91,5
2020-08-27,11330.00,4887.46,5744.50,7676.51,9651.52,11342.43,13242.10,16526.49,20934.70,4
2020-08-28,11536.58,4890.85,5748.09,7682.00,9657.08,11354.16,13251.28,16537.95,20949.21,5
2020-08-29,11471.71,4895.59,5753.46,7689.49,9663.00,11371.17,13264.12,16553.96,20969.50,5
2020-08-30,11708.97,4900.05,5758.46,7696.54,9667.72,11387.82,13276.21,16569.05,20988.62,5
2020-08-31,11655.00,4902.63,5761.17,7700.65,9670.00,11399.26,13283.20,16577.77,20999.66,5
2020-09-01,11923.96,4904.49,5762.95,7703.58,9670.57,11408.14,13288.23,16584.05,21007.62,5
2020-09-02,11398.44,4905.83,5764.13,7705.72,9669.95,11414.32,13291.87,16588.60,21013.38,4
2020-09-03,10160.00,4906.56,5764.50,7706.81,9668.74,11417.95,13293.86,16591.08,21016.51,4
2020-09-04,10456.32,4906.22,5763.42,7706.20,9667.32,11417.63,13292.92,16589.91,21015.04,4
2020-09-05,10167.19,4904.02,5759.87,7702.80,9664.48,11410.83,13286.96,16582.47,21005.61,4
2020-09-06,10260.17,4901.53,5755.92,7698.93,9661.58,11404.04,13280.20,16574.04,20994.93,4
2020-09-07,10377.14,4900.68,5754.02,7697.80,9660.10,11402.77,13277.92,16571.18,20991.32,4
2020-09-08,10123.96,4899.67,5751.85,7696.91,9658.83,11401.56,13275.17,16567.76,20986.98,4
2020-09-09,10232.80,4899.06,5750.20,7697.12,9658.07,11402.00,13273.53,16565.72,20984.39,4
2020-09-10,10342.59,4898.51,5748.59,7697.84,9657.42,11402.56,13272.04,16563.84,20982.02,4
2020-09-11,10393.04,4898.45,5747.61,7699.49,9657.13,11405.05,13271.87,16563.64,20981.76,4
2020-09-12,10443.33,4899.27,5747.77,7702.59,9657.32,11410.06,13274.10,16566.43,20985.29,4
2020-09-13,10334.78,4901.13,5749.38,7707.12,9657.76,11417.47,13279.14,16572.71,20993.25,4
2020-09-14,10675.15,4903.39,5751.51,7712.24,9658.35,11426.01,13285.25,16580.34,21002.91,4
2020-09-15,10783.83,4906.24,5754.45,7717.89,9659.06,11436.12,13292.97,16589.97,21015.11,4
2020-09-16,10951.54,4909.81,5758.38,7724.20,9660.03,11448.14,13302.65,16602.05,21030.42,4
2020-09-17,10940.47,4913.60,5762.62,7730.69,9661.04,11461.00,13312.90,16614.85,21046.63,4
2020-09-18,10931.20,4916.43,5765.64,7736.32,9661.18,11470.55,13320.59,16624.44,21058.77,4
2020-09-19,11077.22,4919.46,5768.94,7742.09,9661.33,11479.64,13328.78,16634.66,21071.73,4
2020-09-20,10923.50,4921.09,5770.34,7746.64,9660.86,11484.08,13333.22,16640.21,21078.75,4
2020-09-21,10411.29,4922.77,5771.83,7751.19,9660.85,11488.45,13337.77,16645.88,21085.93,4
2020-09-22,10534.31,4924.31,5773.12,7755.61,9661.15,11492.45,13341.95,16651.10,21092.54,4
2020-09-23,10233.42,4925.42,5773.80,7759.64,9661.69,11495.29,13344.93,16654.82,21097.26,4
2020-09-24,10744.02,4926.47,5774.40,7763.64,9662.22,11497.90,13347.79,16658.39,21101.79,4
2020-09-25,10689.81,4928.19,5775.83,7768.25,9663.53,11503.05,13352.46,16664.22,21109.16,4
2020-09-26,10729.09,4930.43,5778.03,7773.27,9665.52,11510.41,13358.51,16671.76,21118.72,4
2020-09-27,10780.66,4933.30,5781.15,7778.84,9667.62,11520.07,13366.29,16681.48,21131.03,4
2020-09-28,10689.48,4935.57,5783.38,7783.93,9672.14,11529.76,13372.45,16689.17,21140.77,4
2020-09-29,10836.42,4937.56,5785.24,7788.77,9677.68,11538.84,13377.83,16695.88,21149.28,4
2020-09-30,10778.22,4939.36,5786.96,7793.45,9683.94,11547.58,13382.70,16701.96,21156.97,4
2020-10-01,10622.71,4941.17,5788.66,7798.15,9690.64,11556.29,13387.62,16708.10,21164.75,4
2020-10-02,10578.54,4943.31,5790.81,7803.14,9697.78,11565.93,13393.42,16715.33,21173.92,4
2020-10-03,10553.66,4944.20,5791.19,7807.10,9704.28,11572.23,13395.84,16718.35,21177.74,4
2020-10-04,10669.63,4945.33,5791.77,7811.27,9711.89,11578.90,13398.90,16722.17,21182.58,4
2020-10-05,10795.00,4947.25,5793.41,7816.13,9718.52,11586.58,13404.09,16728.65,21190.78,4
2020-10-06,10606.33,4949.79,5795.86,7821.57,9727.15,11596.21,13410.98,16737.25,21201.68,4
2020-10-07,10669.14,4952.84,5798.84,7827.49,9736.65,11607.19,13419.23,16747.54,21214.72,4
2020-10-08,10925.20,4956.03,5802.03,7833.57,9746.61,11618.81,13427.88,16758.35,21228.40,4
2020-10-09,11052.00,4959.73,5805.97,7840.10,9757.27,11632.51,13437.89,16770.84,21244.23,4
2020-10-10,11301.20,4964.00,5810.60,7847.19,9768.81,11648.99,13449.46,16785.28,21262.51,4
2020-10-11,11372.93,4968.58,5815.74,7854.60,9780.79,11667.14,13461.87,16800.77,21282.14,4
2020-10-12,11535.98,4973.29,5821.04,7862.15,9792.06,11685.33,13474.64,16816.70,21302.32,4
2020-10-13,11427.98,4977.45,5825.58,7869.25,9800.79,11701.32,13485.92,16830.78,21320.16,4
2020-10-14,11428.84,4981.30,5829.68,7876.09,9808.29,11716.08,13496.36,16843.80,21336.65,4
2020-10-15,11511.11,4985.13,5833.72,7882.93,9815.38,11730.65,13506.72,16856.74,21353.04,4
2020-10-16,11321.86,4990.20,5839.61,7890.76,9822.35,11747.21,13520.46,16873.89,21374.76,4
2020-10-17,11365.80,4996.14,5846.72,7899.34,9829.82,11766.06,13536.54,16893.95,21400.18,4
2020-10-18,11519.97,5004.50,5856.95,7910.18,9838.99,11793.35,13559.19,16922.22,21435.98,4
2020-10-19,11764.14,5016.29,5871.96,7926.23,9848.30,11831.55,13591.15,16962.10,21486.51,4
2020-10-20,11921.11,5031.49,5892.14,7948.09,9855.90,11880.31,13632.33,17013.50,21551.61,5
2020-10-21,12802.67,5048.12,5914.35,7972.30,9864.36,11934.20,13677.40,17069.75,21622.86,5
2020-10-22,12983.26,5065.28,5937.31,7997.70,9873.11,11989.74,13723.88,17127.76,21696.35,5
2020-10-23,12941.59,5081.07,5958.10,8022.23,9881.69,12042.46,13766.67,17181.16,21763.99,5
2020-10-24,13122.73,5098.07,5980.47,8049.70,9890.64,12098.99,13812.72,17238.64,21836.80,5
2020-10-25,13039.09,5113.55,6000.86,8076.67,9898.04,12149.65,13856.14,17290.98,21903.11,5
2020-10-26,13066.73,5126.67,6017.91,8100.65,9905.48,12193.11,13895.55,17335.35,21959.31,5
2020-10-27,13647.90,5137.41,6031.10,8120.61,9914.94,12229.26,13929.70,17371.66,22005.30,5
2020-10-28,13274.73,5147.91,6043.84,8140.10,9923.98,12264.06,13964.68,17407.17,22050.29,5
2020-10-29,13468.44,5159.09,6057.43,8160.25,9933.62,12300.93,14002.76,17444.97,22098.18,5
2020-10-30,13562.13,5171.49,6072.90,8182.66,9943.11,12340.28,14044.61,17486.89,22151.27,5
2020-10-31,13816.08,5192.32,6094.14,8216.65,9967.43,12397.38,14109.50,17557.32,22240.49,5
2020-11-01,13762.00,5214.11,6115.25,8252.48,9995.50,12458.12,14178.63,17631.01,22333.84,5
2020-11-02,13563.72,5241.38,6138.66,8298.50,10038.32,12535.97,14267.23,17724.11,22451.77,5
2020-11-03,14041.58,5270.27,6163.24,8348.66,10087.85,12622.11,14365.26,17825.80,22581.70,5
2020-11-04,14160.59,5298.33,6186.89,8396.75,10136.73,12704.89,14459.47,17923.83,22707.87,5
2020-11-05,15605.04,5327.65,6212.34,8449.22,10192.43,12795.90,14563.05,18030.02,22850.65,6
2020-11-06,15598.09,5356.68,6237.40,8501.84,10251.72,12887.94,14667.81,18136.76,22995.92,6
2020-11-07,14838.97,5375.94,6255.23,8541.20,10297.52,12958.83,14748.49,18211.92,23103.33,6
2020-11-08,15489.15,5394.49,6273.80,8580.12,10343.13,13028.52,14827.81,18286.47,23213.34,6
2020-11-09,15332.04,5408.43,6291.54,8610.80,10379.97,13085.53,14892.68,18347.34,23310.31,6
2020-11-10,15313.65,5421.73,6309.71,8638.66,10414.59,13138.58,14953.06,18404.69,23404.82,6
2020-11-11,15707.89,5435.62,6328.74,8668.16,10451.43,13194.64,15016.87,18465.76,23504.69,6
2020-11-12,16300.00,5447.42,6345.15,8691.81,10481.60,13240.35,15068.88,18516.45,23586.11,6
2020-11-13,16335.58,5459.49,6362.12,8714.93,10512.91,13288.25,15123.41,18569.14,23671.45,6
2020-11-14,16086.34,5476.67,6383.40,8741.89,10553.00,13349.19,15192.76,18640.56,23780.00,6
2020-11-15,15975.49,5501.53,6411.05,8775.54,10601.14,13431.14,15284.22,18741.63,23923.16,6
2020-11-16,16724.62,5526.46,6437.70,8808.75,10645.39,13510.94,15372.36,18841.87,24061.11,6
2020-11-17,17680.63,5559.42,6471.20,8856.14,10700.41,13598.77,15487.35,18977.35,24241.09,6
2020-11-18,17785.95,5595.60,6507.03,8909.13,10760.44,13688.88,15613.80,19128.05,24439.03,6
2020-11-19,17825.47,5632.78,6543.35,8962.25,10822.25,13778.45,15743.14,19282.97,24641.47,6
2020-11-20,18687.65,5670.89,6578.92,9018.98,10883.90,13863.44,15872.84,19440.77,24844.48,6
2020-11-21,18725.00,5710.03,6615.30,9079.56,10946.29,13939.01,16004.13,19601.57,25049.98,6
2020-11-22,18435.20,5742.26,6645.60,9131.35,11000.57,13989.86,16113.70,19735.77,25221.47,6
2020-11-23,18383.35,5774.09,6675.20,9179.61,11054.86,14032.03,16220.55,19866.64,25388.72,6
2020-11-24,19160.85,5798.05,6697.39,9211.94,11096.76,14060.38,16298.35,19961.93,25510.49,6
2020-11-25,18732.43,5818.84,6717.16,9237.75,11133.46,14084.40,16365.26,20043.88,25615.22,6
2020-11-26,17160.09,5839.56,6737.36,9263.79,11172.69,14108.23,16432.06,20125.70,25719.78,6
2020-11-27,17154.39,5865.22,6763.64,9298.59,11223.05,14138.63,16513.54,20225.49,25847.32,6
2020-11-28,17741.79,5887.41,6787.05,9325.76,11267.66,14165.16,16584.72,20312.66,25958.72,6
2020-11-29,18192.03,5912.34,6813.48,9356.03,11314.07,14196.05,16665.59,20411.71,26085.30,6
2020-11-30,19700.19,5942.59,6844.39,9388.50,11362.46,14240.98,16751.32,20516.72,26219.49,6
2020-12-01,18771.43,5972.45,6875.00,9420.21,11410.27,14297.72,16835.23,20619.49,26350.83,6
2020-12-02,19226.55,6002.39,6905.63,9451.83,11457.25,14363.58,16918.81,20721.85,26481.64,6
2020-12-03,19448.40,6032.04,6935.91,9482.97,11500.71,14430.68,17000.85,20822.33,26610.06,6
2020-12-04,18673.76,6056.39,6960.63,9508.89,11532.15,14493.80,17065.68,20901.75,26711.54,6
2020-12-05,19162.16,6078.05,6982.71,9532.33,11558.81,14555.09,17121.68,20970.33,26799.19,6
2020-12-06,19380.58,6096.87,7001.54,9552.78,11583.32,14614.84,17166.51,21025.23,26869.35,6
2020-12-07,19173.50,6111.76,7017.61,9572.64,11608.68,14670.13,17209.72,21078.15,26936.98,6
2020-12-08,18316.43,6126.08,7033.08,9592.49,11633.09,14715.53,17253.24,21131.46,27005.10,6
2020-12-09,18556.64,6142.22,7050.33,9614.19,11661.12,14755.41,17300.29,21189.08,27078.74,6
2020-12-10,18250.30,6165.38,7074.24,9643.11,11700.43,14804.81,17359.19,21265.17,27175.98,6
2020-12-11,18040.02,6188.75,7098.38,9671.27,11740.07,14852.85,17421.77,21341.82,27273.93,6
2020-12-12,18815.63,6214.39,7124.72,9701.28,11783.35,14903.74,17491.27,21426.93,27382.71,6
2020-12-13,19162.36,6248.98,7159.74,9740.09,11839.67,14964.54,17573.04,21541.29,27528.86,6
2020-12-14,19274.33,6298.56,7209.16,9798.48,11904.08,15041.48,17674.36,21708.51,27742.56,6
2020-12-15,19434.87,6358.33,7277.24,9880.57,11981.19,15122.29,17801.01,21941.12,28039.81,6
2020-12-16,21365.70,6418.00,7348.07,9967.38,12057.91,15199.88,17928.23,22184.53,28350.89,6
2020-12-17,22814.24,6472.00,7416.95,10054.02,12125.67,15266.98,18048.15,22424.49,28657.55,7
2020-12-18,23136.14,6532.00,7487.56,10136.99,12204.57,15348.95,18181.94,22670.58,28972.04,7
2020-12-19,23842.99,6595.36,7568.81,10235.80,12289.02,15439.34,18329.94,22948.57,29327.30,7
2020-12-20,23470.85,6655.98,7647.95,10337.31,12363.72,15522.77,18488.22,23218.54,29672.30,7
2020-12-21,22732.01,6708.20,7714.46,10431.07,12439.88,15591.96,18648.54,23464.36,29986.46,6
2020-12-22,23835.10,6752.00,7762.90,10504.47,12506.31,15660.07,18785.33,23650.70,30224.59,7
2020-12-23,23247.71,6799.86,7810.73,10580.45,12579.93,15741.95,18925.11,23844.26,30471.95,6
2020-12-24,23726.28,6854.56,7862.45,10662.14,12665.36,15843.58,19061.59,24054.27,30740.33,6
2020-12-25,24705.15,6925.28,7936.18,10774.13,12777.83,15982.32,19191.01,24334.62,31092.78,7
2020-12-26,26466.28,7007.17,8014.46,10893.51,12909.19,16136.76,19343.13,24647.81,31480.10,7
2020-12-27,26259.60,7093.47,8097.37,11018.06,13055.12,16298.55,19500.83,24987.48,31895.91,7
2020-12-28,27037.91,7179.53,8185.32,11142.37,13202.41,16463.64,19654.66,25329.59,32311.43,7
2020-12-29,27370.00,7274.69,8284.32,11279.96,13365.43,16640.01,19829.66,25709.83,32771.96,7
2020-12-30,28881.30,7383.22,8400.17,11437.70,13552.34,16836.97,20036.65,26136.70,33289.93,7
2020-12-31,28992.79,7501.02,8526.84,11610.18,13756.71,17042.46,20274.57,26607.43,33857.02,7
2021-01-01,29402.64,7611.24,8646.38,11772.95,13949.57,17225.05,20535.38,27063.17,34407.24,7
2021-01-02,32216.53,7722.18,8768.35,11939.02,14146.35,17404.17,20781.01,27536.63,34979.43,7
2021-01-03,33097.83,7842.92,8902.58,12121.79,14362.90,17607.94,21030.26,28063.61,35616.71,7
2021-01-04,32005.88,7989.20,9066.55,12345.05,14627.45,17875.90,21314.16,28715.67,36415.12,7
2021-01-05,34039.05,8155.74,9254.27,12600.65,14930.31,18197.48,21624.79,29414.53,37346.25,7
2021-01-06,36849.94,8322.42,9443.04,12857.68,15234.85,18527.83,21929.06,30092.19,38304.82,7
2021-01-07,39510.49,8479.73,9621.53,13100.71,15522.81,18848.65,22217.31,30716.66,39218.52,8
2021-01-08,40667.07,8629.09,9791.00,13331.46,15796.23,19155.83,22485.45,31296.35,40091.25,8
2021-01-09,40239.06,8765.27,9945.51,13541.85,16045.51,19448.67,22733.81,31798.60,40879.43,7
2021-01-10,38173.73,8888.89,10085.78,13732.83,16271.81,19722.96,22961.80,32219.83,41596.33,7
2021-01-11,35455.58,8990.10,10200.62,13889.20,16457.08,19947.53,23161.70,32514.45,42176.14,7
2021-01-12,34035.02,9065.67,10286.37,14005.96,16595.43,20115.21,23323.79,32741.15,42594.15,7
2021-01-13,37393.49,9124.58,10353.20,14096.96,16703.25,20245.91,23458.18,32929.05,42910.42,7
2021-01-14,39134.35,9177.62,10413.39,14178.91,16800.35,20363.60,23581.35,33103.06,43193.02,7
2021-01-15,36756.57,9229.33,10472.06,14258.79,16895.01,20478.33,23704.11,33282.63,43471.13,7
2021-01-16,36000.00,9279.63,10529.14,14336.52,16987.10,20589.96,23825.43,33460.63,43744.06,7
2021-01-17,35819.25,9323.10,10578.46,14403.67,17066.67,20686.40,23937.00,33626.27,43978.22,7
2021-01-18,36616.95,9352.17,10611.44,14448.58,17119.88,20750.90,24011.63,33741.20,44121.50,7
2021-01-19,35917.62,9377.17,10639.81,14487.21,17165.65,20806.38,24075.83,33835.80,44246.44,7
2021-01-20,35496.91,9399.85,10665.54,14522.24,17207.16,20856.69,24134.05,33920.22,44360.00,7
2021-01-21,30818.18,9420.21,10688.64,14553.70,17244.43,20901.87,24186.32,33995.38,44460.46,6
2021-01-22,32992.06,9434.39,10704.73,14575.60,17270.39,20933.33,24222.73,34044.23,44525.93,6
2021-01-23,32117.49,9446.39,10718.35,14594.14,17292.36,20959.96,24253.54,34083.80,44577.59,6
2021-01-24,32288.83,9461.47,10735.46,14617.44,17319.96,20993.42,24292.26,34128.03,44629.89,6
2021-01-25,32261.22,9485.84,10763.11,14655.09,17364.58,21047.49,24354.83,34213.49,44743.63,6
2021-01-26,32504.53,9517.35,10798.87,14703.78,17422.26,21117.42,24435.74,34330.34,44896.70,6
2021-01-27,30424.62,9551.26,10837.34,14756.16,17484.33,21192.64,24522.79,34457.51,45061.70,6
2021-01-28,33484.87,9587.89,10878.90,14812.75,17551.38,21273.92,24616.84,34593.88,45236.73,6
2021-01-29,34249.64,9625.61,10921.70,14871.03,17620.43,21357.62,24713.68,34734.72,45419.76,6
2021-01-30,34323.00,9668.68,10970.57,14937.58,17699.29,21453.19,24824.28,34898.69,45640.80,6
2021-01-31,33141.38,9712.19,11019.94,15004.80,17778.93,21549.73,24935.99,35069.03,45879.78,6
2021-02-01,33532.74,9755.45,11069.03,15071.63,17858.13,21645.72,25047.06,35239.33,46116.81,6
2021-02-02,35522.16,9801.93,11121.76,15143.44,17943.20,21748.85,25166.39,35422.48,46375.53,7
2021-02-03,37691.63,9851.11,11177.56,15219.41,18033.23,21857.96,25292.65,35617.23,46655.19,7
2021-02-04,36996.32,9902.99,11236.43,15299.56,18128.20,21973.08,25425.86,35825.17,46956.82,7
2021-02-05,38320.00,9974.50,11317.57,15410.05,18259.11,22131.76,25609.47,36117.69,47374.40,7
2021-02-06,39282.10,10068.03,11423.69,15554.55,18430.32,22339.28,25849.60,36505.07,47918.00,7
2021-02-07,38858.39,10169.58,11538.92,15711.44,18616.23,22564.61,26110.34,36893.25,48504.62,7
2021-02-08,46416.45,10279.63,11663.79,15881.46,18817.68,22808.79,26392.90,37287.22,49144.17,7
2021-02-09,46505.20,10389.56,11788.52,16051.29,19018.91,23052.70,26675.13,37652.08,49777.21,7
2021-02-10,44854.63,10499.36,11913.10,16220.93,19219.91,23296.33,26957.04,37999.66,50385.25,7
2021-02-11,47981.48,10608.40,12036.82,16389.38,19419.51,23538.26,27236.99,38329.97,50974.48,7
2021-02-12,47395.84,10712.05,12154.43,16549.52,19609.25,23768.25,27503.11,38647.00,51571.64,7
2021-02-13,47228.48,10797.32,12251.18,16681.26,19765.34,23957.45,27722.05,38852.34,52032.98,7
2021-02-14,48662.50,10886.15,12351.97,16818.49,19927.95,24154.55,27950.12,39045.81,52469.48,7
2021-02-15,47942.57,10976.87,12454.90,16958.65,20094.02,24355.83,28183.03,39216.54,52859.08,7
2021-02-16,49166.53,11088.97,12582.10,17131.84,20299.23,24604.57,28470.85,39427.56,53288.63,7
2021-02-17,52174.28,11216.08,12726.33,17328.23,20531.93,24886.62,28797.23,39687.68,53761.93,7
2021-02-18,51579.54,11351.65,12880.16,17537.67,20780.10,25187.42,29145.30,39977.92,54259.21,7
2021-02-19,55988.58,11482.30,13028.40,17739.52,21019.26,25477.31,29480.74,40221.46,54761.91,8
2021-02-20,55936.04,11618.14,13182.53,17949.38,21267.93,25778.72,29829.51,40505.14,55258.66,8
2021-02-21,57492.91,11749.43,13331.49,18152.21,21508.26,26070.02,30166.58,40821.13,55736.53,8
2021-02-22,54173.65,11869.00,13467.16,18336.94,21727.13,26335.32,30473.57,41145.41,56174.35,7
2021-02-23,48887.93,11969.29,13580.96,18491.89,21910.73,26557.86,30731.08,41458.37,56542.92,7
2021-02-24,49754.00,12044.82,13666.66,18608.57,22048.99,26725.44,30924.99,41700.34,56838.84,7
2021-02-25,47088.58,12108.47,13738.88,18706.92,22165.52,26866.68,31088.43,41913.85,57095.77,7
2021-02-26,46314.83,12170.42,13809.17,18802.62,22278.91,27004.13,31247.47,42127.82,57338.48,7
2021-02-27,46109.98,12224.58,13870.62,18886.29,22378.06,27124.30,31386.53,42317.96,57567.68,7
2021-02-28,45240.96,12271.32,13923.66,18958.51,22463.63,27228.02,31506.55,42483.06,57776.58,7
2021-03-01,49629.33,12315.19,13973.43,19026.28,22543.93,27325.35,31619.17,42637.55,57978.31,7
2021-03-02,48516.35,12350.83,14013.87,19081.35,22609.17,27404.44,31710.68,42762.24,58158.35,7
2021-03-03,50379.68,12393.07,14061.80,19146.60,22686.49,27498.15,31819.12,42911.21,58357.93,7
2021-03-04,48360.50,12436.94,14111.57,19214.37,22766.79,27595.49,31931.75,43064.23,58567.88,7
2021-03-05,48739.21,12481.65,14162.31,19283.46,22848.65,27694.71,32046.56,43221.82,58786.02,7
2021-03-06,48904.63,12529.19,14216.25,19356.90,22935.67,27800.19,32168.62,43390.78,59019.48,7
2021-03-07,50967.30,12581.44,14275.54,19437.63,23031.33,27916.13,32302.78,43576.89,59264.21,7
2021-03-08,52427.80,12650.32,14353.68,19544.03,23157.40,28068.94,32479.61,43822.94,59566.90,7
2021-03-09,54929.02,12727.13,14440.84,19662.71,23298.02,28239.38,32676.83,44098.65,59890.18,7
2021-03-10,55852.29,12813.75,14539.12,19796.53,23456.57,28431.57,32899.21,44410.60,60249.06,7
2021-03-11,57772.09,12905.21,14642.90,19937.83,23624.01,28634.51,33134.05,44738.41,60612.20,7
2021-03-12,57271.04,12990.01,14739.11,20068.84,23779.23,28822.66,33351.76,45042.65,60963.15,7
2021-03-13,61165.19,13077.84,14838.77,20204.53,23940.02,29017.55,33577.27,45357.57,61320.22,7
2021-03-14,59016.39,13166.05,14938.86,20340.81,24101.49,29213.26,33803.74,45673.07,61674.83,7
2021-03-15,55644.37,13238.97,15021.60,20453.47,24234.98,29375.07,33990.97,45933.83,61981.37,7
2021-03-16,56908.34,13302.38,15093.54,20551.43,24351.05,29515.75,34153.77,46160.05,62261.84,7
2021-03-17,58901.80,13358.60,15157.34,20638.29,24453.97,29640.50,34298.12,46358.33,62513.06,7
2021-03-18,57648.05,13410.94,15216.73,20719.16,24549.79,29756.65,34432.52,46543.83,62756.08,7
2021-03-19,58072.00,13464.30,15277.28,20801.60,24647.47,29875.05,34569.52,46732.20,62998.04,7
2021-03-20,58138.39,13515.35,15335.19,20880.46,24740.91,29988.30,34700.57,46911.22,63231.34,7
2021-03-21,57381.79,13560.41,15386.33,20950.09,24823.41,30088.30,34816.28,47068.49,63444.30,7
2021-03-22,54070.92,13608.45,15440.83,21024.30,24911.35,30194.89,34939.62,47234.01,63661.29,7
2021-03-23,54361.57,13660.52,15499.91,21104.74,25006.65,30310.41,35073.29,47414.17,63894.44,7
2021-03-24,52287.52,13717.55,15564.62,21192.84,25111.05,30436.95,35219.71,47608.30,64132.24,7
2021-03-25,51326.11,13773.54,15628.15,21279.36,25213.56,30561.20,35363.49,47798.64,64377.27,7
2021-03-26,55081.37,13832.80,15695.39,21370.91,25322.03,30692.68,35515.63,48002.41,64633.91,7
2021-03-27,55839.42,13889.94,15760.23,21459.19,25426.64,30819.47,35662.34,48199.73,64878.66,7
2021-03-28,55790.92,13951.00,15829.50,21553.52,25538.40,30954.94,35819.10,48411.44,65132.13,7
2021-03-29,57600.10,14016.78,15904.14,21655.14,25658.81,31100.89,35987.98,48640.07,65385.72,7
2021-03-30,58760.59,14081.33,15977.38,21754.87,25776.98,31244.12,36153.72,48863.19,65628.97,7
2021-03-31,58782.58,14136.27,16039.72,21839.75,25877.55,31366.02,36294.78,49056.77,65866.73,7
2021-04-01,58728.53,14191.13,16101.97,21924.50,25977.98,31487.75,36435.63,49250.31,66107.82,7
2021-04-02,59003.60,14243.54,16161.43,22005.47,26073.92,31604.03,36570.19,49434.07,66351.69,7
2021-04-03,57064.42,14319.41,16247.52,22122.70,26212.81,31772.39,36765.00,49701.52,66590.36,7
2021-04-04,58212.18,14389.34,16326.86,22230.72,26340.81,31927.54,36944.53,49947.01,66823.50,7
2021-04-05,59125.00,14453.42,16399.58,22329.73,26458.13,32069.73,37109.07,50173.89,67061.20,7
2021-04-06,58018.30,14514.11,16468.43,22423.49,26569.22,32204.38,37264.88,50389.20,67297.98,7
2021-04-07,55932.83,14579.90,16543.09,22525.14,26689.66,32350.37,37433.81,50622.95,67543.35,7
2021-04-08,58096.60,14649.82,16622.42,22633.15,26817.64,32505.50,37613.31,50870.62,67787.18,7
2021-04-09,58109.56,14722.98,16705.43,22746.19,26951.58,32667.84,37801.16,51129.22,68033.63,7
2021-04-10,59766.93,14779.29,16769.33,22833.18,27054.66,32792.78,37945.74,51328.46,68292.26,7
2021-04-11,59979.26,14849.13,16848.57,22941.08,27182.50,32947.74,38125.04,51574.92,68556.39,7
2021-04-12,59831.66,14925.66,16935.41,23059.32,27322.60,33117.55,38321.54,51843.91,68817.89,7
2021-04-13,63564.48,15003.45,17023.67,23179.50,27465.01,33290.16,38521.28,52116.72,69076.54,7
2021-04-14,62986.09,15079.49,17109.94,23296.97,27604.19,33458.87,38716.49,52382.96,69336.45,7
2021-04-15,63239.19,15172.57,17215.56,23440.77,27774.58,33665.39,38955.47,52710.78,69656.49,7
2021-04-16,61436.24,15257.43,17311.85,23571.89,27929.94,33853.70,39173.37,53006.65,69888.62,7
2021-04-17,60032.29,15331.91,17396.35,23686.95,28066.27,34018.95,39364.58,53263.34,70112.14,7
2021-04-18,56280.60,15389.16,17461.31,23775.39,28171.07,34145.98,39511.57,53459.29,70328.12,7
2021-04-19,55694.55,15436.85,17515.42,23849.07,28258.36,34251.79,39634.01,53620.73,70535.25,7
2021-04-20,56503.19,15480.75,17565.24,23916.90,28338.73,34349.20,39746.73,53768.33,70741.82,7
2021-04-21,53806.24,15523.90,17614.20,23983.57,28417.73,34444.96,39857.53,53909.89,70941.24,6
2021-04-22,51683.95,15542.01,17634.75,24011.55,28450.88,34485.13,39904.02,53960.46,71074.88,6
2021-04-23,51176.65,15567.41,17663.57,24050.79,28497.38,34541.50,39969.24,54040.41,71278.55,6
2021-04-24,50118.94,15597.75,17697.99,24097.65,28552.91,34608.80,40047.12,54134.79,71482.14,6
2021-04-25,49128.43,15632.37,17737.27,24151.14,28616.28,34685.61,40136.00,54244.32,71691.38,6
2021-04-26,54073.41,15671.23,17781.37,24211.18,28687.42,34771.85,40235.78,54368.03,71902.98,6
2021-04-27,55091.39,15720.46,17837.22,24287.23,28777.54,34881.08,40362.18,54529.36,72126.80,7
2021-04-28,54901.97,15769.72,17893.12,24363.35,28867.72,34990.39,40488.67,54693.30,72355.86,7
2021-04-29,53593.97,15822.03,17952.47,24444.15,28963.47,35106.44,40622.96,54869.38,72596.56,6
2021-04-30,57775.27,15871.40,18008.48,24520.42,29053.84,35215.98,40749.71,55034.70,72834.54,7
2021-05-01,57851.91,15911.87,18054.41,24582.95,29127.93,35305.78,40853.62,55170.75,73060.98,7
2021-05-02,56622.66,15956.31,18104.83,24651.61,29209.28,35404.39,40967.72,55322.12,73297.85,7
2021-05-03,57222.37,15999.77,18154.15,24718.76,29288.85,35500.83,41079.32,55472.61,73536.03,7
2021-05-04,53236.84,16046.94,18207.67,24791.64,29375.20,35605.49,41200.43,55636.41,73766.91,6
2021-05-05,57509.93,16095.98,18263.31,24867.40,29464.96,35714.30,41326.33,55808.10,73997.81,7
2021-05-06,56447.39,16147.27,18321.51,24946.64,29558.86,35828.11,41458.02,55987.40,74230.01,7
2021-05-07,57381.73,16196.03,18376.83,25021.97,29648.11,35936.29,41583.21,56157.14,74463.96,7
2021-05-08,58984.75,16247.02,18434.69,25100.74,29741.45,36049.43,41714.13,56334.13,74709.54,7
2021-05-09,58305.24,16290.96,18484.54,25168.62,29821.88,36146.92,41826.93,56483.15,74927.22,7
2021-05-10,55880.72,16329.32,18528.06,25227.89,29892.10,36232.03,41925.42,56609.95,75145.71,6
2021-05-11,56763.70,16351.82,18553.60,25262.65,29933.30,36281.96,41983.20,56679.65,75360.23,7
2021-05-12,49386.56,16367.19,18571.04,25286.40,29961.43,36316.07,42022.66,56722.81,75560.54,6
2021-05-13,49694.96,16377.80,18583.07,25302.79,29980.85,36339.60,42049.90,56747.03,75748.03,6
2021-05-14,49880.43,16378.54,18583.91,25303.93,29982.21,36341.25,42051.80,56735.01,75891.28,6
2021-05-15,46708.89,16372.16,18576.67,25294.07,29970.53,36327.09,42035.42,56698.49,76004.31,6
2021-05-16,46444.75,16345.21,18546.10,25252.44,29921.20,36267.30,41966.22,56585.08,76048.04,6
2021-05-17,43593.39,16311.47,18507.81,25200.31,29859.43,36192.43,41879.60,56446.91,76067.77,6
2021-05-18,42877.75,16272.44,18463.53,25140.02,29787.99,36105.84,41779.39,56288.66,76049.04,6
2021-05-19,36780.43,16229.69,18415.02,25073.97,29709.73,36010.98,41669.63,56116.43,76007.36,5
2021-05-20,40640.90,16183.64,18362.78,25002.83,29625.44,35908.81,41551.40,55933.30,75937.06,5
2021-05-21,37335.16,16151.04,18325.78,24952.46,29565.75,35836.46,41467.69,55801.27,75881.74,5
2021-05-22,37500.54,16117.91,18288.19,24901.28,29505.11,35762.96,41382.64,55677.67,75824.98,5
2021-05-23,34706.79,16105.60,18274.23,24882.26,29482.58,35735.65,41351.03,55636.41,75843.21,4
2021-05-24,38839.86,16095.93,18263.25,24867.31,29464.86,35714.18,41326.19,55612.64,75859.13,5
2021-05-25,38397.72,16086.76,18252.85,24853.15,29448.08,35693.84,41302.66,55600.94,75877.37,5
2021-05-26,39309.56,16079.96,18245.13,24842.64,29435.63,35678.74,41285.19,55603.36,75899.74,5
2021-05-27,38503.47,16077.05,18241.83,24838.15,29430.31,35672.29,41277.73,55630.42,75944.53,5
2021-05-28,35692.46,16067.86,18231.40,24823.95,29413.49,35651.91,41254.13,55633.82,75966.67,5
2021-05-29,34632.08,16063.88,18226.88,24817.79,29406.19,35643.06,41243.90,55654.69,76004.27,4
2021-05-30,35677.72,16058.22,18220.47,24809.06,29395.84,35630.52,41229.38,55671.03,76037.20,5
2021-05-31,37341.41,16057.87,18220.07,24808.52,29395.21,35629.74,41228.49,55704.34,76090.97,5
2021-06-01,36693.30,16058.46,18220.74,24809.43,29396.28,35631.05,41230.00,55739.67,76148.71,5
2021-06-02,37589.36,16059.79,18222.25,24811.48,29398.71,35634.00,41233.41,55776.77,76208.22,5
2021-06-03,39219.88,16059.01,18221.36,24810.27,29397.28,35632.26,41231.40,55799.66,76256.60,5
2021-06-04,36887.32,16053.11,18214.66,24801.16,29386.48,35619.17,41216.26,55831.30,76279.71,5
2021-06-05,35532.14,16039.37,18199.07,24779.93,29361.33,35588.68,41180.98,55852.85,76280.26,4
2021-06-06,35808.85,16031.38,18190.01,24767.60,29346.71,35570.97,41160.48,55881.21,76303.68,5
2021-06-07,33582.62,16019.80,18176.87,24749.70,29325.51,35545.27,41130.74,55899.87,76311.49,4
2021-06-08,33411.69,16014.12,18170.43,24740.93,29315.11,35532.67,41116.16,55931.39,76340.26,4
2021-06-09,37400.00,16010.93,18166.80,24735.99,29309.26,35525.58,41107.95,55963.68,76368.90,5
2021-06-10,36707.54,16010.96,18166.84,24736.04,29309.32,35525.65,41108.04,56003.76,76413.68,5
2021-06-11,37341.11,16020.29,18177.43,24750.46,29326.41,35546.36,41132.00,56091.77,76499.27,5
2021-06-12,35542.76,16037.39,18196.82,24776.87,29357.70,35584.29,41175.89,56178.14,76607.33,4
2021-06-13,39013.76,16048.35,18209.26,24793.80,29377.77,35608.61,41204.03,56254.06,76685.31,5
2021-06-14,40532.79,16057.69,18219.87,24808.24,29394.87,35629.34,41228.03,56327.71,76759.16,5
2021-06-15,40171.47,16062.61,18225.45,24815.84,29403.88,35640.26,41240.65,56392.24,76816.14,5
2021-06-16,38353.99,16066.37,18229.71,24821.65,29410.75,35648.59,41250.30,56459.02,76878.04,5
2021-06-17,38097.68,16067.63,18231.14,24823.59,29413.06,35651.39,41253.54,56519.80,76925.86,5
2021-06-18,35840.00,16057.15,18219.24,24807.40,29393.87,35628.13,41226.62,56566.09,76919.08,5
2021-06-19,35507.06,16043.24,18203.47,24785.91,29368.41,35597.27,41190.92,56613.60,76904.52,4
2021-06-20,35589.77,16029.54,18187.93,24764.75,29343.34,35566.88,41155.75,56669.46,76897.02,5
2021-06-21,31634.16,16018.76,18175.69,24748.10,29323.61,35542.96,41128.07,56729.47,76901.45,4
2021-06-22,32545.26,15987.78,18140.53,24700.22,29266.88,35474.21,41048.51,56795.55,76843.28,4
2021-06-23,33652.28,15955.67,18104.10,24650.62,29208.11,35402.97,40966.08,56863.24,76785.29,4
2021-06-24,34649.32,15925.99,18070.43,24604.77,29153.78,35337.12,40889.88,56935.00,76739.33,4
2021-06-25,31597.75,15903.03,18044.38,24569.30,29111.75,35286.17,40830.93,57009.52,76718.68,4
2021-06-26,32269.38,15882.23,18020.78,24537.17,29073.68,35240.03,40777.53,57083.09,76706.01,4
2021-06-27,34699.50,15860.48,17996.10,24503.56,29033.87,35191.77,40721.69,57149.22,76686.32,4
2021-06-28,34487.11,15835.58,17967.85,24465.09,28988.28,35136.52,40657.76,57209.70,76651.48,4
2021-06-29,35907.93,15827.21,17958.35,24452.16,28972.96,35117.94,40636.26,57260.33,76673.42,5
2021-06-30,35037.23,15820.93,17951.22,24442.45,28961.45,35104.00,40620.13,57309.12,76702.01,4
2021-07-01,33564.21,15813.08,17942.32,24430.34,28947.10,35086.60,40599.99,57353.55,76722.01,4
2021-07-02,33811.56,15804.63,17932.73,24417.28,28931.63,35067.84,40578.29,57348.86,76738.84,4
2021-07-03,34688.30,15795.61,17922.49,24403.33,28915.10,35047.81,40555.12,57340.08,76751.99,4
2021-07-04,35289.21,15787.79,17913.62,24391.26,28900.79,35030.47,40535.05,57331.28,76769.37,5
2021-07-05,33704.21,15780.47,17905.31,24379.94,28887.39,35014.22,40516.25,57317.07,76789.40,4
2021-07-06,34244.09,15779.48,17904.19,24378.42,28885.58,35012.03,40513.71,57310.55,76830.34,4
2021-07-07,33882.47,15777.95,17902.46,24376.06,28882.79,35008.65,40509.80,57302.27,76866.81,4
2021-07-08,32898.79,15776.25,17900.53,24373.43,28879.67,35004.87,40505.43,57293.18,76903.08,4
2021-07-09,33826.43,15775.96,17900.20,24372.99,28879.15,35004.23,40504.69,57291.55,76911.57,4
2021-07-10,33517.60,15774.57,17898.62,24370.83,28876.59,35001.13,40501.10,57287.03,76906.73,4
2021-07-11,34258.53,15771.74,17895.41,24366.47,28871.42,34994.87,40493.85,57278.97,76887.96,4
2021-07-12,33105.00,15768.32,17891.53,24361.17,28865.15,34987.27,40485.06,57270.55,76855.47,4
2021-07-13,32728.00,15761.98,17884.34,24351.38,28853.55,34973.21,40468.78,57254.75,76794.68,4
2021-07-14,32823.55,15761.25,17883.51,24350.26,28852.22,34971.59,40466.92,57297.44,76741.38,4
2021-07-15,31848.65,15759.28,17881.27,24347.20,28848.60,34967.20,40461.84,57337.40,76676.25,4
2021-07-16,31388.17,15755.47,17876.95,24341.33,28841.64,34958.77,40452.08,57369.06,76566.89,4
2021-07-17,31529.68,15751.65,17872.61,24335.42,28834.63,34950.27,40442.25,57403.41,76449.89,4
2021-07-18,31776.65,15750.39,17871.19,24333.48,28832.34,34947.50,40439.04,57443.75,76346.34,4
2021-07-19,30829.29,15753.11,17874.27,24337.68,28837.31,34953.53,40446.01,57493.02,76259.45,4
2021-07-20,29786.58,15754.15,17875.45,24339.29,28839.22,34955.83,40457.45,57538.57,76162.01,4
2021-07-21,32138.45,15750.37,17871.16,24333.45,28832.30,34947.45,40484.26,57527.50,76055.07,4
2021-07-22,32300.88,15748.15,17868.64,24330.02,28828.23,34942.52,40569.20,57519.82,75947.66,4
2021-07-23,33684.17,15756.77,17878.42,24343.34,28844.01,34961.65,40686.91,57546.98,75867.08,4
2021-07-24,34301.78,15785.58,17911.12,24387.85,28896.75,35025.57,40862.42,57628.59,75871.74,4
2021-07-25,35428.28,15825.36,17956.25,24449.30,28969.57,35113.84,41127.84,57750.56,75908.66,5
2021-07-26,37291.24,15890.60,18030.28,24550.10,29089.00,35258.60,41467.59,57985.24,76021.54,5
2021-07-27,39475.41,15966.07,18115.91,24666.70,29227.16,35426.05,41853.03,58248.76,76194.47,5
2021-07-28,40036.32,16042.13,18202.21,24784.20,29366.38,35594.81,42226.88,58515.37,76373.70,5
2021-07-29,40037.51,16117.23,18287.42,24900.23,29503.87,35761.45,42550.80,58777.37,76556.05,5
2021-07-30,42234.89,16183.59,18362.71,25002.74,29625.33,35908.68,42851.10,59007.59,76726.31,5
2021-07-31,41490.13,16230.40,18415.83,25075.06,29711.03,36012.55,43108.59,59180.10,76818.14,5
2021-08-01,39839.00,16267.63,18458.07,25132.59,29779.18,36095.16,43286.63,59320.65,76889.11,5
2021-08-02,39165.55,16280.59,18472.77,25152.60,29802.90,36123.91,43399.20,59355.67,76899.26,5
2021-08-03,38177.07,16292.21,18485.96,25170.56,29824.18,36149.70,43482.16,59387.96,76906.16,5
2021-08-04,39741.12,16306.56,18502.24,25192.72,29850.44,36181.53,43587.19,59428.42,76921.63,5
2021-08-05,40894.67,16322.56,18520.39,25217.44,29879.73,36217.03,43696.99,59476.92,76945.73,5
2021-08-06,42856.59,16344.66,18545.47,25251.59,29920.19,36266.08,43817.66,59545.70,77011.60,5
2021-08-07,44612.94,16371.18,18575.57,25292.57,29968.74,36324.92,43947.87,59626.65,77108.74,6
2021-08-08,43858.42,16397.79,18605.75,25333.67,30017.44,36383.95,44082.58,59703.13,77203.16,5
2021-08-09,46292.89,16423.81,18635.28,25373.87,30065.08,36441.69,44225.92,59772.92,77290.55,6
2021-08-10,45609.70,16450.35,18665.40,25414.88,30113.67,36500.59,44418.61,59838.18,77369.08,6
2021-08-11,45539.85,16478.46,18697.29,25458.30,30165.12,36562.95,44595.28,59911.71,77443.46,6
2021-08-12,44444.45,16506.48,18729.09,25501.60,30216.42,36625.14,44764.82,59982.71,77515.61,5
2021-08-13,47860.58,16529.94,18755.70,25537.83,30259.35,36677.17,44923.16,60037.77,77548.63,6
2021-08-14,47119.73,16550.69,18779.25,25569.90,30297.35,36723.23,45062.12,60087.14,77558.13,6
2021-08-15,47028.30,16572.11,18803.55,25602.98,30336.55,36770.74,45190.86,60139.11,77547.38,6
2021-08-16,45930.51,16596.36,18831.06,25640.45,30380.94,36824.55,45311.25,60197.68,77550.81,6
2021-08-17,44694.35,16621.42,18859.50,25679.16,30426.82,36880.15,45385.20,60257.73,77575.66,5
2021-08-18,44721.13,16644.07,18885.19,25714.16,30468.28,36930.41,45442.93,60306.18,77604.46,5
2021-08-19,46764.30,16668.02,18912.37,25751.16,30512.12,36983.55,45504.14,60358.96,77639.93,6
2021-08-20,49356.00,16695.78,18943.87,25794.05,30562.94,37045.14,45576.84,60425.82,77695.92,6
2021-08-21,48884.34,16722.91,18974.66,25835.97,30612.61,37105.36,45648.76,60491.16,77754.15,6
2021-08-22,49301.86,16758.85,19015.43,25891.49,30678.39,37185.09,45744.99,60593.40,77870.87,6
2021-08-23,49561.37,16793.41,19054.64,25944.88,30741.65,37261.77,45834.97,60696.47,77973.87,6
2021-08-24,47731.33,16825.42,19090.97,25994.34,30800.26,37332.80,45917.70,60793.24,78058.59,6
2021-08-25,49011.75,16856.25,19125.95,26041.97,30856.70,37401.21,45997.83,60885.94,78130.82,6
2021-08-26,46856.29,16885.71,19159.37,26087.48,30910.62,37466.57,46073.81,60974.33,78188.95,6
2021-08-27,49100.49,16910.56,19187.57,26125.87,30956.11,37521.70,46135.67,61048.45,78224.06,6
2021-08-28,48935.36,16937.55,19218.20,26167.58,31005.53,37581.61,46203.28,61130.16,78266.45,6
2021-08-29,48808.72,16957.87,19241.25,26198.97,31042.72,37629.17,46253.00,61178.59,78285.20,6
2021-08-30,47003.44,16979.38,19265.66,26232.20,31082.10,37683.64,46308.63,61226.29,78320.53,6
2021-08-31,47156.09,17001.05,19290.24,26265.67,31121.76,37752.98,46364.42,61275.78,78349.37,6
2021-09-01,48853.49,17023.22,19315.40,26299.93,31162.35,37829.82,46421.91,61326.59,78386.94,6
2021-09-02,49274.79,17046.80,19342.16,26336.36,31205.51,37912.74,46483.43,61380.50,78473.33,6
2021-09-03,50025.04,17073.54,19372.50,26377.67,31254.46,37999.05,46554.48,61440.66,78584.73,6
2021-09-04,49943.16,17094.08,19395.80,26409.40,31292.06,38076.95,46606.77,61484.93,78663.58,6
2021-09-05,51809.28,17109.56,19413.37,26433.32,31320.40,38201.61,46645.01,61517.10,78687.00,6
2021-09-06,52708.20,17124.97,19430.85,26457.12,31348.60,38323.84,46682.88,61555.03,78705.31,6
2021-09-07,46866.82,17135.99,19443.35,26474.15,31368.78,38432.75,46706.97,61585.89,78697.74,6
2021-09-08,46091.94,17145.15,19453.75,26488.30,31385.55,38536.02,46725.17,61612.10,78680.42,5
2021-09-09,46392.81,17152.99,19462.64,26500.41,31399.90,38654.23,46739.75,61635.79,78615.41,5
2021-09-10,44857.38,17155.84,19465.87,26504.81,31405.11,38774.78,46740.15,61637.23,78513.85,5
2021-09-11,45176.66,17166.48,19477.95,26521.26,31424.60,38913.18,46764.04,61658.42,78458.18,5
2021-09-12,46035.00,17182.72,19496.38,26546.35,31454.33,39009.53,46803.69,61692.34,78453.58,5
2021-09-13,44974.34,17197.89,19513.59,26569.78,31482.09,39130.22,46839.91,61696.88,78418.18,5
2021-09-14,47103.18,17215.00,19533.00,26596.21,31513.41,39256.62,46882.82,61690.84,78393.83,6
2021-09-15,48150.94,17233.59,19554.10,26624.94,31547.45,39395.51,46930.28,61681.31,78371.68,6
2021-09-16,47760.64,17251.56,19574.49,26652.70,31580.34,39517.43,46975.79,61665.63,78355.76,6
2021-09-17,47305.18,17264.81,19589.52,26673.17,31604.59,39637.45,47006.49,61643.77,78284.62,6
2021-09-18,48326.74,17268.91,19594.18,26679.51,31612.11,39728.90,47009.95,61602.85,78153.19,6
2021-09-19,47245.25,17270.36,19595.82,26681.75,31614.76,39809.07,47006.85,61561.40,78020.96,6
2021-09-20,43035.99,17270.55,19596.03,26682.03,31615.10,39857.96,47001.33,61543.46,77915.39,5
2021-09-21,40596.54,17267.48,19592.55,26677.29,31609.48,39886.26,46986.41,61534.48,77792.22,5
2021-09-22,43589.53,17262.84,19587.29,26670.13,31600.99,39895.71,46965.78,61533.83,77661.24,5
2021-09-23,44903.50,17274.67,19600.71,26688.41,31622.65,39935.72,46987.76,61582.00,77545.45,5
2021-09-24,42848.50,17291.16,19619.42,26713.89,31652.84,39966.50,47023.98,61651.93,77487.59,5
2021-09-25,42722.19,17310.48,19641.34,26743.73,31688.20,40004.82,47069.07,61728.88,77461.65,5
2021-09-26,43204.73,17327.21,19660.32,26769.57,31718.82,40036.36,47106.18,61799.22,77422.07,5
2021-09-27,42189.81,17345.61,19681.20,26798.00,31752.50,40071.66,47147.71,61873.21,77392.18,5
2021-09-28,41049.00,17374.34,19713.80,26842.38,31805.09,40132.67,47219.50,61971.64,77428.74,5
2021-09-29,41542.90,17406.15,19749.90,26891.54,31863.34,40202.16,47301.26,62078.65,77490.09,5
2021-09-30,43834.43,17422.60,19768.55,26916.94,31893.44,40238.34,47343.83,62151.04,77545.40,5
2021-10-01,48171.86,17444.26,19793.14,26950.42,31933.10,40288.06,47402.32,62236.66,77633.46,6
2021-10-02,47685.80,17476.11,19829.28,26999.62,31991.40,40362.22,47489.59,62346.38,77772.72,6
2021-10-03,48235.93,17525.97,19885.84,27076.64,32082.67,40481.09,47629.44,62499.40,78005.80,6
2021-10-04,49242.14,17580.80,19948.06,27161.36,32183.05,40611.82,47783.25,62664.76,78266.92,6
2021-10-05,51501.19,17631.50,20005.58,27239.68,32275.85,40731.94,47924.59,62821.26,78506.39,6
2021-10-06,55345.79,17682.94,20063.95,27319.16,32370.02,40852.52,48066.46,62979.30,78741.13,6
2021-10-07,53787.60,17736.37,20124.58,27401.71,32467.83,40977.40,48213.39,63142.88,78983.58,6
2021-10-08,53957.21,17792.93,20188.75,27489.09,32571.36,41109.90,48369.30,63314.69,79241.83,6
2021-10-09,54976.92,17847.18,20250.31,27572.90,32670.67,41237.70,48519.66,63483.85,79488.26,6
2021-10-10,54714.95,17890.11,20299.02,27639.23,32749.27,41337.48,48637.06,63627.23,79674.65,6
2021-10-11,57485.20,17932.52,20347.13,27704.74,32826.88,41434.44,48751.14,63768.34,79849.81,6
2021-10-12,55995.49,17986.45,20408.33,27788.07,32925.62,41558.25,48896.81,63935.29,80091.81,6
2021-10-13,57374.55,18041.80,20471.13,27873.58,33026.94,41684.93,49045.86,64106.27,80350.24,6
2021-10-14,57371.58,18097.20,20534.00,27959.17,33128.36,41812.07,49195.46,64276.32,80617.83,6
2021-10-15,61657.35,18155.73,20600.40,28049.59,33235.50,41943.86,49350.52,64443.05,80906.25,6
2021-10-16,60870.26,18229.73,20684.37,28163.92,33370.95,42111.61,49547.88,64625.56,81279.19,6
2021-10-17,61538.97,18313.81,20779.77,28293.81,33524.87,42303.54,49773.71,64825.78,81735.08,6
2021-10-18,62034.65,18397.57,20874.81,28423.23,33678.21,42495.95,50000.10,65049.84,82223.53,6
2021-10-19,64241.61,18467.83,20954.53,28531.78,33806.83,42653.76,50185.77,65264.58,82656.35,6
2021-10-20,65990.31,18535.36,21031.15,28636.09,33930.43,42806.58,50365.58,65476.25,83086.34,7
2021-10-21,62219.44,18605.71,21110.98,28744.79,34059.23,42964.37,50551.23,65699.30,83556.06,6
2021-10-22,60702.68,18676.79,21191.63,28854.61,34189.34,43126.79,50742.34,65935.98,84055.58,6
2021-10-23,61338.76,18729.75,21251.72,28936.42,34286.29,43246.20,50882.83,66147.05,84465.14,6
2021-10-24,60910.16,18764.97,21291.67,28990.83,34350.75,43322.25,50972.31,66316.63,84758.34,6
2021-10-25,63101.43,18799.37,21330.71,29043.98,34413.73,43396.98,51060.24,66457.03,85034.89,6
2021-10-26,60328.22,18839.64,21376.40,29106.19,34487.44,43489.17,51168.70,66591.00,85337.04,6
2021-10-27,58465.90,18879.79,21421.96,29168.23,34560.95,43581.20,51276.99,66722.88,85635.17,6
2021-10-28,60592.76,18918.89,21466.33,29228.64,34632.53,43670.95,51382.59,66848.94,85900.40,6
2021-10-29,62301.59,18958.81,21511.62,29290.31,34705.60,43760.10,51487.48,66985.08,86127.10,6
2021-10-30,61932.30,19012.71,21572.78,29373.58,34804.27,43882.96,51632.04,67162.09,86424.71,6
2021-10-31,61359.44,19077.98,21646.84,29474.42,34923.76,44032.96,51808.52,67375.45,86797.37,6
2021-11-01,60922.85,19138.28,21715.26,29567.58,35034.14,44169.37,51969.02,67574.76,87127.87,6
2021-11-02,63260.00,19196.77,21781.62,29657.94,35141.20,44300.42,52123.21,67773.38,87431.53,6
2021-11-03,62930.72,19256.37,21849.25,29750.02,35250.31,44433.61,52279.92,67967.09,87741.52,6
2021-11-04,61457.25,19313.81,21914.41,29838.75,35355.44,44562.68,52431.79,68146.74,88043.89,6
2021-11-05,61031.91,19376.62,21985.69,29935.81,35470.44,44707.01,52601.59,68333.21,88408.60,6
2021-11-06,61542.44,19432.27,22048.83,30021.78,35572.31,44825.58,52751.34,68497.29,88750.14,6
2021-11-07,63300.00,19483.44,22106.89,30100.83,35665.97,44929.14,52887.45,68657.81,89045.14,6
2021-11-08,67559.00,19539.29,22170.26,30187.11,35768.20,45039.87,53037.49,68834.27,89375.14,6
2021-11-09,66945.72,19627.58,22270.44,30323.52,35929.83,45183.84,53279.81,69103.03,89967.23,6
2021-11-10,64921.43,19714.58,22369.15,30457.92,36089.09,45323.66,53518.68,69371.56,90545.65,6
2021-11-11,64821.33,19801.53,22467.81,30592.26,36248.27,45459.73,53756.31,69640.06,91115.71,6
2021-11-12,64158.41,19876.16,22552.49,30707.56,36384.87,45562.47,53957.86,69873.56,91606.71,6
2021-11-13,64417.52,19945.42,22631.07,30814.56,36511.66,45649.47,54141.97,70102.80,92031.33,6
2021-11-14,65509.87,20013.13,22707.90,30919.17,36635.62,45736.72,54321.78,70321.36,92445.03,6
2021-11-15,63606.09,20068.17,22770.35,31004.20,36736.36,45805.49,54465.31,70507.78,92763.04,6
2021-11-16,60142.31,20086.70,22791.38,31032.83,36770.29,45831.16,54504.47,70582.83,92799.62,6
2021-11-17,60373.65,20105.64,22812.87,31062.10,36804.96,45859.67,54544.96,70657.06,92851.15,6
2021-11-18,56917.66,20121.86,22831.27,31087.15,36834.64,45886.77,54578.48,70726.38,92892.24,6
2021-11-19,58128.55,20128.71,22839.05,31097.74,36847.20,45898.88,54585.18,70774.29,92867.20,6
2021-11-20,59768.54,20133.47,22844.44,31105.09,36855.90,45916.25,54587.32,70807.14,92882.25,6
2021-11-21,58678.47,20135.30,22846.53,31107.92,36859.26,45926.54,54581.92,70829.17,92892.13,6
2021-11-22,56294.11,20165.39,22880.66,31154.40,36914.33,45962.23,54655.94,70939.76,93047.46,6
2021-11-23,57579.99,20184.34,22903.55,31185.56,36951.26,45989.17,54701.04,71031.27,93141.31,6
2021-11-24,57185.06,20199.94,22923.38,31212.57,36983.25,46009.04,54737.62,71112.91,93211.83,6
2021-11-25,58990.14,20218.24,22947.06,31244.81,37021.45,46028.55,54782.85,71202.25,93298.81,6
2021-11-26,53789.35,20245.64,22981.28,31291.40,37076.66,46057.93,54855.06,71311.76,93451.23,5
2021-11-27,54774.66,20271.73,23014.52,31336.66,37130.28,46085.11,54924.69,71420.63,93574.99,5
2021-11-28,57338.55,20300.61,23051.31,31386.76,37189.65,46114.37,55002.90,71536.62,93708.75,6
2021-11-29,57845.12,20306.54,23062.66,31402.21,37207.96,46129.71,55018.56,71581.91,93748.30,6
2021-11-30,56974.12,20316.51,23078.18,31423.35,37233.00,46145.45,55045.60,71636.94,93816.70,6
2021-12-01,57251.59,20313.77,23080.47,31426.46,37236.69,46164.75,55038.15,71678.49,93833.16,6
2021-12-02,56547.96,20306.25,23077.26,31422.10,37231.52,46179.96,55017.78,71722.51,93819.55,6
2021-12-03,53743.69,20290.51,23065.49,31406.07,37212.53,46187.81,54975.13,71765.17,93748.42,5
2021-12-04,49234.97,20280.27,23060.12,31398.76,37203.87,46198.47,54947.41,71820.06,93676.73,5
2021-12-05,49463.22,20264.37,23048.52,31382.96,37185.15,46203.76,54904.31,71869.13,93575.16,5
2021-12-06,50555.00,20242.10,23030.36,31358.23,37155.84,46199.89,54843.98,71928.49,93427.06,5
2021-12-07,50627.32,20221.48,23013.81,31335.70,37129.15,46193.44,54788.10,72002.25,93280.26,5
2021-12-08,50543.30,20216.67,23014.04,31336.01,37129.51,46186.77,54775.09,72103.05,93199.18,5
2021-12-09,47593.12,20213.85,23016.00,31338.68,37132.68,46183.31,54767.45,72201.40,93131.56,5
2021-12-10,47142.42,20209.30,23016.42,31339.24,37133.35,46177.17,54755.11,72297.87,93059.81,5
2021-12-11,49400.54,20201.21,23012.31,31333.65,37126.72,46168.78,54733.20,72392.66,92979.20,5
2021-12-12,50124.38,20194.96,23010.13,31330.69,37123.21,46161.14,54716.26,72487.59,92908.34,5
2021-12-13,46725.02,20194.47,23013.93,31335.86,37129.33,46158.76,54714.95,72580.19,92869.73,5
2021-12-14,48389.96,20193.04,23016.52,31339.39,37133.52,46159.36,54711.07,72671.41,92825.10,5
2021-12-15,48876.84,20189.03,23015.76,31338.35,37132.29,46158.86,54700.21,72760.94,92768.25,5
2021-12-16,47663.42,20184.32,23014.35,31336.43,37130.01,46162.79,54687.44,72850.00,92723.77,5
2021-12-17,46210.92,20182.68,23015.68,31338.24,37132.17,46168.13,54683.00,72937.36,92699.52,5
2021-12-18,46881.87,20180.58,23016.81,31339.78,37133.99,46173.95,54677.30,73015.11,92689.85,5
2021-12-19,46704.67,20177.72,23017.40,31340.59,37134.94,46179.82,54669.55,73093.55,92676.68,5
2021-12-20,46915.00,20181.50,23025.17,31351.16,37147.47,46186.19,54679.79,73172.82,92708.15,5
2021-12-21,48929.86,20191.12,23039.30,31370.40,37170.27,46200.55,54705.85,73251.47,92786.70,5
2021-12-22,48618.99,20199.49,23052.25,31388.04,37191.16,46209.63,54728.54,73331.20,92856.16,5
2021-12-23,50850.00,20208.97,23066.53,31407.49,37214.21,46211.32,54754.22,73408.48,92915.29,5
2021-12-24,50841.48,20220.90,23083.39,31430.43,37241.40,46221.31,54786.54,73479.23,92993.63,5
2021-12-25,50442.22,20225.92,23092.75,31443.18,37256.50,46233.86,54800.15,73534.48,93039.93,5
2021-12-26,50791.21,20227.38,23097.93,31450.23,37264.86,46262.22,54804.09,73575.97,93087.11,5
2021-12-27,50718.11,20223.95,23099.03,31451.73,37266.63,46305.69,54794.80,73613.78,93114.38,5
2021-12-28,47543.30,20217.39,23097.15,31449.17,37263.59,46341.68,54777.02,73647.84,93135.32,5
2021-12-29,46483.36,20212.79,23097.72,31449.95,37264.53,46382.87,54764.57,73675.26,93165.49,5
2021-12-30,47150.71,20206.96,23096.84,31448.75,37263.11,46425.47,54748.79,73697.35,93192.47,5
2021-12-31,46214.37,20198.61,23093.30,31443.93,37257.39,46460.31,54726.16,73715.86,93195.95,4
2022-01-01,47777.42,20191.07,23090.49,31440.11,37252.86,46481.44,54705.71,73736.65,93189.50,5
2022-01-02,47350.22,20182.44,23086.44,31434.59,37246.33,46475.47,54682.34,73754.19,93146.81,5
2022-01-03,46439.89,20169.55,23079.95,31425.76,37235.86,46445.79,54647.42,73760.33,93058.34,4
2022-01-04,45820.00,20151.52,23067.54,31408.85,37215.83,46404.27,54598.56,73753.12,92911.16,4
2022-01-05,43435.80,20131.12,23052.02,31387.73,37190.80,46357.30,54543.31,73740.63,92749.59,4
2022-01-06,43097.60,20110.28,23035.87,31365.73,37164.74,46309.30,54486.82,73725.73,92579.86,4
2022-01-07,41535.66,20089.62,23019.86,31343.93,37138.90,46261.72,54430.85,73697.59,92408.93,4
2022-01-08,41690.77,20071.59,23006.75,31326.08,37117.75,46220.22,54382.02,73667.03,92255.91,4
2022-01-09,41875.81,20060.20,23000.75,31317.91,37108.07,46193.99,54351.15,73645.83,92145.99,4
2022-01-10,41845.42,20050.23,22992.62,31306.84,37094.96,46171.02,54324.12,73613.77,92059.07,4
2022-01-11,42736.00,20046.35,22990.90,31304.50,37092.18,46162.10,54313.63,73585.61,92012.71,4
2022-01-12,43933.50,20043.97,22990.84,31304.42,37092.08,46156.61,54307.17,73559.17,91976.42,4
2022-01-13,42571.94,20042.43,22993.02,31307.38,37095.60,46153.07,54303.00,73535.62,91946.97,4
2022-01-14,43102.35,20039.32,22993.32,31307.80,37096.09,46145.89,54294.56,73511.57,91916.90,4
2022-01-15,43102.01,20035.72,22992.96,31307.30,37095.50,46137.61,54284.82,73484.16,91882.63,4
2022-01-16,43107.70,20024.74,22984.93,31296.37,37082.55,46112.31,54255.05,73418.27,91800.24,4
2022-01-17,42255.07,20011.92,22974.88,31282.69,37066.34,46082.81,54220.34,73337.00,91698.63,4
2022-01-18,42377.40,19980.59,22945.53,31242.73,37018.99,46010.66,54135.46,73154.31,91470.19,4
2022-01-19,41683.21,19942.85,22909.65,31193.87,36961.10,45923.75,54033.20,72929.42,91189.00,4
2022-01-20,40736.05,19904.61,22872.04,31142.66,36900.42,45835.69,53929.59,72695.24,90896.19,4
2022-01-21,36495.46,19865.47,22833.59,31090.31,36838.39,45745.55,53823.53,72445.53,90583.95,3
2022-01-22,35091.11,19826.59,22795.47,31038.41,36776.89,45656.02,53718.19,72189.39,90263.68,3
2022-01-23,36293.62,19790.51,22759.97,30990.07,36719.61,45572.94,53620.44,71950.34,89964.78,3
2022-01-24,36724.99,19756.69,22727.08,30945.28,36666.55,45495.06,53528.81,71717.85,89674.08,4
2022-01-25,36975.91,19737.90,22709.99,30922.38,36639.42,45451.80,53477.91,71570.20,89489.47,4
2022-01-26,36829.32,19720.45,22693.26,30901.33,36614.47,45411.61,53430.62,71435.00,89320.41,4
2022-01-27,37208.36,19700.19,22672.93,30876.24,36584.75,45364.95,53375.72,71290.76,89140.07,4
2022-01-28,37748.36,19683.48,22655.95,30856.35,36561.18,45326.49,53330.46,71170.51,88989.70,4
2022-01-29,38192.65,19678.30,22648.25,30845.87,36548.76,45314.56,53316.43,70992.58,88767.23,4
2022-01-30,37941.82,19672.42,22639.85,30834.43,36535.20,45301.02,53300.50,70812.24,88541.74,4
2022-01-31,38491.92,19667.23,22632.10,30823.88,36522.71,45289.05,53286.42,70643.22,88330.39,4
2022-02-01,38733.04,19672.43,22635.34,30827.93,36527.50,45301.03,53300.51,70527.36,88185.53,4
2022-02-02,36923.50,19683.05,22645.64,30840.21,36542.05,45325.48,53329.28,70441.02,88077.56,4
2022-02-03,37320.11,19697.77,22660.78,30858.23,36563.41,45359.39,53369.18,70375.36,87995.46,4
2022-02-04,41579.57,19717.27,22682.31,30884.33,36594.33,45404.30,53422.01,70333.15,87942.69,4
2022-02-05,41427.72,19728.58,22697.96,30905.64,36619.58,45430.33,53452.64,70371.16,87990.21,4
2022-02-06,42420.24,19744.77,22718.89,30934.13,36653.33,45467.63,53496.52,70436.31,88071.69,4
2022-02-07,43869.04,19762.82,22742.13,30965.77,36690.83,45509.19,53545.43,70507.31,88160.45,4
2022-02-08,44091.56,19774.85,22758.71,30988.61,36717.88,45536.88,53578.01,70543.75,88206.02,4
2022-02-09,44426.84,19787.48,22775.19,31011.92,36745.50,45565.97,53612.24,70585.36,88258.05,4
2022-02-10,43524.60,19799.10,22790.37,31033.68,36771.29,45592.73,53643.72,70621.81,88303.63,4
2022-02-11,42406.19,19806.23,22799.50,31047.57,36787.75,45609.14,53663.03,70637.97,88323.83,4
2022-02-12,42241.11,19815.51,22811.07,31064.89,36808.27,45630.52,53688.19,70665.71,88358.51,4
2022-02-13,42077.74,19823.32,22820.81,31079.84,36825.98,45648.49,53709.33,70683.52,88380.79,4
2022-02-14,42540.30,19825.21,22823.10,31085.63,36832.84,45652.86,53714.47,70671.30,88365.51,4
2022-02-15,44582.48,19824.34,22822.09,31087.23,36834.74,45650.84,53712.10,70647.48,88335.73,4
2022-02-16,43901.48,19822.12,22819.55,31086.37,36833.72,45645.75,53706.10,70615.82,88296.13,4
2022-02-17,40556.11,19817.53,22814.26,31081.90,36828.42,45635.18,53693.67,70570.72,88239.74,4
2022-02-18,39996.99,19808.75,22804.16,31071.55,36816.17,45614.96,53669.88,70497.89,88148.68,4
2022-02-19,40109.02,19795.31,22788.68,31054.21,36795.61,45584.00,53633.45,70411.10,88040.15,4
2022-02-20,38373.90,19780.17,22771.25,31034.40,36772.15,45549.13,53592.42,70310.48,87914.35,4
2022-02-21,37076.60,19770.63,22760.27,31022.62,36758.19,45527.18,53566.59,70242.02,87828.75,4
2022-02-22,38269.94,19762.60,22751.02,31013.30,36747.14,45508.68,53544.83,70180.12,87751.35,4
2022-02-23,37274.18,19753.83,22740.92,31002.90,36734.82,45488.47,53521.05,70114.46,87669.24,4
2022-02-24,38376.88,19745.29,22731.09,30993.46,36723.64,45468.80,53497.91,70049.32,87587.79,4
2022-02-25,39231.64,19752.53,22739.43,31008.88,36741.91,45485.50,53517.55,70055.29,87570.90,4
2022-02-26,39146.66,19764.17,22752.83,31030.60,36767.65,45512.29,53549.07,70071.73,87575.30,4
2022-02-27,37712.68,19778.02,22768.77,31055.54,36797.20,45544.18,53586.59,70104.69,87599.94,4
2022-02-28,43178.98,19792.52,22785.47,31082.38,36828.99,45577.58,53625.89,70143.39,87626.28,4
2022-03-01,44443.96,19801.04,22795.27,31100.40,36850.34,45597.19,53648.97,70161.97,87613.91,4
2022-03-02,43936.72,19810.41,22806.06,31119.44,36872.90,45618.77,53674.36,70184.81,87606.82,4
2022-03-03,42476.26,19821.08,22818.35,31139.86,36897.10,45643.35,53703.28,70218.15,87610.40,4
2022-03-04,39175.56,19817.63,22814.38,31137.68,36894.53,45635.41,53693.93,70197.68,87560.71,4
2022-03-05,39416.79,19810.28,22805.91,31130.20,36885.66,45618.46,53674.00,70161.37,87484.79,4
2022-03-06,38438.89,19805.42,22800.32,31126.83,36881.67,45607.29,53660.85,70135.76,87422.42,4
2022-03-07,38016.47,19795.79,22789.23,31115.64,36868.41,45585.10,53634.75,70089.42,87344.51,4
2022-03-08,38753.65,19794.04,22787.22,31117.00,36870.02,45581.08,53630.01,70066.16,87309.55,4
2022-03-09,41960.02,19792.30,22785.22,31118.65,36871.97,45577.08,53625.31,70048.69,87284.05,4
2022-03-10,39444.45,19790.58,22783.23,31120.41,36874.06,45573.10,53620.62,70044.63,87280.45,4
2022-03-11,38729.79,19792.84,22785.83,31127.85,36882.87,45578.31,53626.75,70060.91,87313.71,4
2022-03-12,38822.02,19793.47,22786.56,31132.82,36888.76,45579.76,53628.46,70071.72,87341.43,4
2022-03-13,37790.54,19794.49,22787.73,31138.18,36895.12,45582.11,53631.23,70084.04,87370.62,4
2022-03-14,39665.71,19796.05,22789.53,31145.36,36903.62,45585.70,53635.45,70110.25,87416.55,4
2022-03-15,39302.70,19798.06,22791.84,31151.84,36911.29,45590.33,53640.89,70145.64,87474.59,4
2022-03-16,41142.76,19801.43,22795.72,31160.09,36921.07,45598.09,53650.03,70183.39,87533.84,4
2022-03-17,40963.22,19805.18,22800.04,31168.99,36931.62,45606.73,53660.20,70213.84,87581.32,4
2022-03-18,41794.37,19807.62,22802.84,31176.09,36940.03,45612.34,53666.79,70237.56,87619.30,4
2022-03-19,42235.31,19814.29,22810.52,31188.83,36955.12,45627.70,53684.86,70277.07,87673.90,4
2022-03-20,41242.14,19819.43,22816.45,31199.09,36967.28,45639.54,53698.80,70311.11,87722.28,4
2022-03-21,41043.14,19830.95,22829.71,31217.49,36989.08,45666.08,53730.02,70358.90,87783.58,4
2022-03-22,42393.41,19854.28,22856.56,31255.65,37034.30,45719.79,53793.22,70435.82,87878.72,4
2022-03-23,42925.41,19877.08,22882.81,31293.01,37078.56,45772.29,53854.99,70508.25,87969.10,4
2022-03-24,44025.99,19905.14,22915.12,31337.76,37131.59,45836.92,53931.03,70597.68,88080.65,4
2022-03-25,44320.60,19940.76,22956.13,31393.38,37197.49,45918.95,54027.54,70714.23,88223.08,4
2022-03-26,44535.65,19978.71,22999.81,31452.27,37267.27,46006.33,54130.35,70838.29,88372.97,4
2022-03-27,46864.39,20016.35,23043.14,31510.68,37336.48,46093.00,54232.33,70960.28,88521.63,5
2022-03-28,47152.38,20048.93,23080.65,31562.05,37397.35,46168.02,54320.60,71062.04,88648.59,5
2022-03-29,47459.03,20071.39,23106.50,31596.18,37437.78,46219.74,54381.45,71140.85,88748.21,5
2022-03-30,47068.08,20092.61,23130.93,31628.53,37476.11,46268.61,54438.95,71216.44,88842.52,5
2022-03-31,45517.27,20110.61,23151.65,31656.30,37509.03,46310.05,54487.71,71278.71,88920.24,4
2022-04-01,46307.81,20122.83,23165.73,31676.06,37532.44,46338.21,54520.84,71318.99,88973.48,4
2022-04-02,45820.28,20129.05,23172.88,31687.48,37545.97,46352.52,54537.68,71338.70,89002.96,4
2022-04-03,46401.57,20128.49,23172.24,31689.10,37547.88,46351.23,54536.16,71336.77,89004.10,5
2022-04-04,46598.20,20129.21,23173.07,31692.91,37552.40,46352.89,54538.11,71341.85,89010.44,5
2022-04-05,45502.73,20123.87,23166.92,31687.85,37546.41,46340.59,54520.56,71326.64,88991.47,4
2022-04-06,43191.59,20119.36,23161.73,31684.62,37542.58,46330.21,54498.68,71314.13,88975.86,4
2022-04-07,43454.53,20112.23,23153.53,31677.45,37534.08,46313.80,54464.03,71293.54,88950.17,4
2022-04-08,42290.11,20097.75,23136.85,31659.24,37512.51,46280.44,54397.66,71247.80,88893.11,4
2022-04-09,42767.89,20087.18,23124.68,31647.23,37498.28,46256.10,54320.72,71216.89,88854.54,4
2022-04-10,42133.85,20082.53,23119.33,31643.87,37494.29,46245.39,54253.69,71207.02,88842.22,4
2022-04-11,39524.86,20079.27,23115.58,31643.49,37493.85,46237.90,54168.88,71195.51,88827.86,4
2022-04-12,40097.46,20079.31,23115.63,31647.85,37499.01,46238.00,54092.25,71195.75,88828.16,4
2022-04-13,41147.74,20078.59,23114.79,31650.50,37569.72,46236.32,53943.55,71193.93,88825.90,4
2022-04-14,39961.53,20078.34,23114.50,31653.86,37645.25,46235.74,53796.32,71193.25,88825.04,4
2022-04-15,40563.18,20084.00,23121.02,31665.54,37732.03,46248.78,53674.36,71212.54,88849.11,4
2022-04-16,40395.67,20087.61,23125.18,31674.78,37822.61,46257.11,53559.24,71223.85,88863.23,4
2022-04-17,39691.27,20090.07,23128.01,31682.73,37918.17,46262.76,53439.37,71229.67,88870.48,4
2022-04-18,40814.60,20095.88,23134.70,31695.44,38020.33,46276.15,53348.93,71244.41,88888.87,4
2022-04-19,41505.77,20097.84,23136.95,31702.81,38124.32,46280.65,53260.69,71246.24,88891.16,4
2022-04-20,41375.85,20099.75,23139.15,31710.49,38165.51,46285.05,53253.17,71249.18,88894.82,4
2022-04-21,40470.76,20101.96,23141.70,31718.84,38205.37,46290.14,53255.84,71254.16,88901.04,4
2022-04-22,39726.03,20103.51,23143.48,31726.31,38243.91,46293.71,53263.22,71257.25,88904.90,4
2022-04-23,39421.59,20098.50,23137.72,31723.11,38267.43,46282.18,53273.36,71238.56,88881.57,4
2022-04-24,39467.40,20093.88,23132.40,31719.89,38287.29,46271.55,53295.39,71223.06,88862.23,4
2022-04-25,40441.11,20085.16,23122.35,31709.52,38300.91,46251.45,53311.28,71203.48,88837.81,4
2022-04-26,38137.67,20076.52,23112.42,31699.48,38315.41,46225.65,53327.07,71186.33,88816.41,3
2022-04-27,39256.05,20066.53,23100.91,31687.11,38322.29,46190.90,53341.04,71165.07,88789.89,4
2022-04-28,39754.20,20056.87,23089.79,31676.21,38329.02,46154.55,53355.35,71144.41,88764.11,4
2022-04-29,38593.42,20042.27,23072.98,31658.67,38325.00,46099.83,53363.82,71108.30,88719.05,4
2022-04-30,37639.80,20028.45,23057.07,31642.68,38316.96,46038.00,53373.30,71076.14,88678.94,3
2022-05-01,38488.34,20016.93,23043.81,31630.27,38310.52,45977.11,53385.85,71049.99,88646.30,4
2022-05-02,38521.01,19999.11,23023.30,31608.40,38287.97,45885.40,53390.39,71001.70,88586.06,4
2022-05-03,37729.95,19980.80,23002.22,31585.89,38254.85,45787.66,53394.03,70951.18,88523.02,3
2022-05-04,39685.23,19962.75,22981.44,31563.94,38222.56,45690.39,53397.62,70900.88,88460.27,4
2022-05-05,36533.93,19940.79,22956.16,31535.19,38181.22,45577.81,53396.01,70840.19,88384.55,3
2022-05-06,36019.22,19902.58,22916.99,31482.81,38108.15,45430.19,53373.69,70725.44,88241.37,3
2022-05-07,35463.46,19862.27,22879.06,31427.10,38030.79,45288.66,53347.85,70605.44,88091.66,3
2022-05-08,34025.50,19799.77,22824.61,31339.74,37910.36,45122.24,53282.11,70413.24,87851.86,3
2022-05-09,30082.00,19734.83,22771.57,31248.93,37784.94,44977.93,53206.92,70211.97,87600.75,2
2022-05-10,30999.97,19666.88,22718.26,31153.48,37652.62,44846.78,53122.27,69998.50,87334.40,2
2022-05-11,29000.00,19604.66,22669.15,31067.49,37531.07,44731.03,53042.05,69791.54,87076.19,2
2022-05-12,28896.19,19547.17,22625.44,30988.23,37418.74,44634.49,52965.84,69597.84,86834.52,2
2022-05-13,29238.81,19507.11,22607.15,30937.83,37345.14,44604.03,52925.90,69461.32,86664.18,2
2022-05-14,30033.96,19471.40,22591.49,30893.61,37279.92,44585.10,52887.98,69335.92,86507.72,2
2022-05-15,31295.03,19449.97,22585.26,30869.37,37242.44,44582.63,52873.39,69256.88,86409.11,3
2022-05-16,29832.45,19434.41,22583.43,30853.76,37216.69,44587.31,52869.11,69198.62,86336.42,2
2022-05-17,30425.36,19422.20,22582.35,30840.31,37194.70,44591.44,52866.59,69145.98,86270.75,2
2022-05-18,28681.26,19405.52,22578.51,30818.44,37163.37,44588.16,52857.60,69088.09,86198.52,2
2022-05-19,30290.33,19388.38,22574.21,30795.81,37131.08,44584.08,52847.54,69027.78,86123.27,2
2022-05-20,29176.70,19379.18,22568.94,30768.28,37092.39,44557.41,52835.18,68965.05,86045.01,2
2022-05-21,29421.05,19372.09,22564.79,30743.04,37053.61,44531.13,52825.46,68909.38,85975.55,2
2022-05-22,30264.66,19369.26,22563.54,30723.04,37017.18,44507.75,52822.55,68865.20,85920.43,2
2022-05-23,29081.76,19367.34,22561.44,30702.16,36969.37,44478.46,52817.63,68819.89,85863.89,2
2022-05-24,29632.15,19365.45,22559.23,30680.92,36903.72,44443.31,52812.47,68772.96,85805.34,2
2022-05-25,29510.15,19363.99,22557.53,30662.05,36838.99,44409.68,52808.47,68728.07,85749.33,2
2022-05-26,29183.06,19362.32,22555.58,30643.19,36771.63,44375.81,52803.92,68682.28,85692.20,2
2022-05-27,28589.48,19365.42,22559.20,30633.68,36718.78,44356.94,52799.58,68657.85,85661.73,2
2022-05-28,29010.82,19369.77,22564.27,30628.21,36673.78,44344.19,52801.51,68640.70,85640.33,2
2022-05-29,29448.94,19371.40,22566.16,30617.57,36617.45,44322.90,52787.95,68614.38,85607.49,2
2022-05-30,31731.22,19371.01,22565.71,30601.87,36564.11,44292.73,52755.91,68576.24,85559.91,3
2022-05-31,31762.76,19371.32,22566.50,30589.06,36524.76,44267.21,52720.98,68545.60,85521.67,3
2022-06-01,29787.40,19369.34,22565.18,30570.60,36473.08,44234.84,52675.12,68505.81,85472.02,2
2022-06-02,30437.18,19366.18,22563.00,30550.44,36419.32,44199.83,52624.90,68463.46,85419.20,2
2022-06-03,29669.39,19361.00,22558.94,30526.05,36356.15,44157.89,52559.38,68411.90,85354.87,2
2022-06-04,29853.51,19351.97,22550.88,30493.08,36282.47,44102.20,52474.55,68340.57,85265.87,2
2022-06-05,29888.98,19344.70,22545.36,30464.51,36212.67,44053.93,52400.09,68277.01,85186.56,2
2022-06-06,31351.21,19338.31,22541.54,30440.05,36150.20,44012.17,52334.69,68221.96,85117.88,3
2022-06-07,31115.82,19331.95,22537.81,30416.02,36096.44,43971.06,52270.24,68167.36,85049.76,3
2022-06-08,30185.58,19325.05,22533.47,30391.54,36049.80,43933.04,52204.45,68111.68,84980.30,2
2022-06-09,30089.03,19315.19,22525.86,30360.99,35999.06,43892.40,52130.15,68042.48,84893.95,2
2022-06-10,29065.66,19266.73,22488.56,30277.02,35906.76,43813.74,52009.33,67869.13,84677.67,2
2022-06-11,28390.94,19194.11,22427.22,30160.38,35802.36,43716.36,51866.75,67634.64,84385.11,2
2022-06-12,26585.10,19107.23,22351.48,30024.08,35701.87,43610.78,51712.24,67362.84,84045.99,2
2022-06-13,22450.43,19006.96,22262.41,29874.73,35595.01,43516.80,51549.14,67059.64,83667.70,2
2022-06-14,22097.30,18896.57,22163.11,29716.65,35478.03,43431.09,51391.64,66719.18,83242.93,1
2022-06-15,22555.27,18771.16,22048.60,29529.64,35337.90,43328.65,51221.90,66339.95,82769.77,2
2022-06-16,20382.88,18649.31,21937.80,29349.33,35205.53,43230.13,51063.57,65987.11,82329.55,1
2022-06-17,20440.70,18555.68,21845.71,29218.54,35114.51,43167.27,50950.47,65731.62,82010.78,1
2022-06-18,18956.80,18482.80,21774.77,29116.98,35033.69,43125.01,50865.76,65533.95,81764.15,1
2022-06-19,20552.82,18418.51,21712.55,29027.28,34952.19,43086.71,50793.90,65359.37,81546.33,1
2022-06-20,20555.44,18369.68,21665.78,28954.70,34882.38,43045.00,50744.37,65228.71,81383.32,1
2022-06-21,20712.29,18329.62,21628.10,28889.49,34821.72,42997.76,50697.18,65135.01,81266.42,1
2022-06-22,19963.68,18307.86,21608.19,28858.86,34789.67,42973.53,50677.24,65089.94,81210.19,1
2022-06-23,21093.42,18285.24,21587.55,28826.90,34756.43,42947.49,50656.20,65031.68,81137.49,1
2022-06-24,21215.42,18261.04,21564.53,28792.70,34719.37,42919.54,50635.70,64969.37,81059.76,1
2022-06-25,21486.80,18239.21,21543.46,28761.86,34685.45,42894.28,50619.12,64913.56,80990.12,1
2022-06-26,21028.69,18220.88,21525.47,28736.10,34656.49,42874.12,50606.96,64866.47,80931.37,1
2022-06-27,20699.72,18192.48,21497.34,28698.74,34611.19,42842.87,50586.22,64789.99,80835.95,1
2022-06-28,20261.34,18161.14,21466.49,28662.67,34561.52,42807.44,50561.89,64705.97,80731.12,1
2022-06-29,20093.18,18126.96,21433.43,28624.26,34508.75,42766.18,50532.01,64617.13,80620.28,1
2022-06-30,19924.89,18091.33,21398.13,28586.20,34453.69,42724.00,50501.61,64524.25,80504.39,1
2022-07-01,19239.47,18060.76,21367.68,28561.79,34406.91,42687.51,50475.61,64444.87,80405.36,1
2022-07-02,19228.25,18032.14,21338.70,28541.79,34363.42,42652.70,50450.75,64370.37,80312.40,1
2022-07-03,19294.46,18001.19,21306.47,28524.04,34316.91,42614.15,50422.66,64291.48,80213.97,1
2022-07-04,20209.53,17980.93,21284.70,28519.73,34287.78,42587.45,50403.74,64241.91,80152.12,1
2022-07-05,20168.63,17965.28,21266.68,28518.40,34265.49,42566.46,50389.53,64207.48,80109.18,1
2022-07-06,20547.45,17946.59,21244.55,28515.33,34238.30,42541.70,50372.39,64165.79,80057.16,1
2022-07-07,21643.56,17929.14,21223.89,28512.58,34212.91,42517.66,50355.61,64127.59,80009.50,2
2022-07-08,21584.14,17899.45,21188.74,28499.54,34167.76,42480.61,50329.14,64056.83,79921.22,2
2022-07-09,21588.35,17868.35,21151.93,28483.36,34120.21,42441.92,50301.35,63982.40,79828.34,2
2022-07-10,20856.08,17843.39,21122.39,28470.52,34082.64,42409.96,50278.67,63926.24,79758.28,1
2022-07-11,19949.71,17815.60,21089.49,28453.31,34040.57,42374.99,50253.73,63862.53,79678.80,1
2022-07-12,19321.14,17776.80,21043.56,28419.96,33980.93,42327.02,50218.61,63768.77,79561.81,1
2022-07-13,20232.35,17743.21,21003.80,28389.78,33929.80,42285.34,50188.47,63687.69,79460.65,1
2022-07-14,20577.23,17710.06,20964.55,28359.76,33879.45,42244.15,50158.72,63607.73,79360.89,1
2022-07-15,20835.39,17690.04,20940.85,28335.07,33850.17,42217.78,50140.47,63562.62,79304.61,1
2022-07-16,21195.49,17669.07,20915.29,28308.21,33818.43,42196.02,50128.32,63510.19,79239.19,2
2022-07-17,20801.85,17649.10,20890.80,28282.59,33788.02,42176.68,50118.66,63458.20,79174.32,1
2022-07-18,22435.04,17626.86,20862.14,28252.21,33752.02,42157.86,50111.20,63394.38,79094.70,2
2022-07-19,23405.02,17612.17,20840.77,28230.06,33726.04,42146.28,50109.52,63345.66,79033.92,2
2022-07-20,23208.53,17595.73,20816.62,28204.80,33696.02,42132.14,50105.97,63290.21,78964.73,2
2022-07-21,23163.34,17579.54,20792.32,28179.40,33665.82,42118.03,50102.57,63234.22,78894.87,2
2022-07-22,22682.26,17558.44,20760.98,28146.07,33626.11,42096.18,50092.85,63162.62,78805.54,2
2022-07-23,22468.69,17539.52,20732.20,28115.73,33589.89,42070.54,50077.80,63099.32,78726.56,2
2022-07-24,22595.81,17521.58,20704.82,28086.99,33555.55,42045.42,50062.80,63040.16,78652.76,2
2022-07-25,21306.56,17510.62,20687.25,28069.42,33534.38,42025.22,50049.90,63006.67,78610.97,2
2022-07-26,21259.78,17504.94,20677.18,28060.30,33523.42,42012.29,50042.62,62989.48,78589.52,2
2022-07-27,22969.04,17501.12,20669.74,28054.19,33515.91,42001.77,50037.20,62979.33,78576.86,2
2022-07-28,23853.11,17497.02,20661.87,28047.60,33507.10,41991.14,50031.82,62969.08,78564.07,2
2022-07-29,23785.31,17497.07,20659.89,28047.69,33505.79,41986.38,50031.10,62973.27,78569.30,2
2022-07-30,23644.58,17498.04,20659.19,28049.24,33505.73,41983.03,50031.59,62980.95,78578.87,2
2022-07-31,23322.53,17496.59,20655.04,28046.93,33500.54,41975.95,50029.08,62979.70,78577.32,2
2022-08-01,23282.92,17491.05,20645.08,28038.04,33486.70,41963.67,50022.70,62963.83,78557.51,2
2022-08-02,23001.52,17486.29,20636.25,28030.41,33473.91,41952.33,50016.97,62950.50,78540.89,2
2022-08-03,22835.88,17481.26,20627.06,28022.35,33460.23,41940.78,50011.09,62937.74,78524.97,2
2022-08-04,22615.24,17477.22,20619.28,28015.88,33448.74,41930.61,50006.27,62929.67,78514.90,2
2022-08-05,23326.40,17473.57,20612.05,28010.01,33438.01,41921.24,50002.17,62922.87,78506.42,2
2022-08-06,22956.61,17467.16,20600.90,27999.74,33420.86,41908.35,49995.50,62907.77,78487.57,2
2022-08-07,23187.62,17463.38,20593.54,27993.69,33409.70,41901.78,49994.43,62898.94,78476.56,2
2022-08-08,23821.68,17461.58,20588.96,27990.80,33402.38,41897.23,49994.55,62897.62,78474.91,2
2022-08-09,23164.78,17460.33,20585.15,27988.80,33396.40,41893.93,49996.28,62898.33,78475.79,2
2022-08-10,23964.00,17459.28,20581.58,27987.11,33390.77,41890.68,49998.05,62898.06,78475.46,2
2022-08-11,23959.00,17457.87,20577.48,27984.86,33384.18,41886.50,49999.00,62894.67,78471.23,2
2022-08-12,24407.00,17455.07,20571.38,27980.37,33374.51,41879.98,49998.04,62885.98,78460.38,2
2022-08-13,24456.00,17455.87,20570.37,27981.65,33372.87,41877.83,50000.21,62889.29,78464.52,2
2022-08-14,24320.00,17452.93,20563.98,27976.93,33362.51,41867.84,49995.67,62885.43,78459.70,2
2022-08-15,24110.00,17450.18,20557.89,27972.52,33352.62,41858.44,49991.80,62881.27,78454.52,2
2022-08-16,23867.00,17440.18,20541.53,27956.49,33326.23,41839.69,49970.36,62853.07,78419.32,2
2022-08-17,23340.00,17429.65,20524.48,27939.61,33300.67,41821.08,49948.16,62823.06,78381.88,2
2022-08-18,23201.00,17419.31,20507.77,27923.05,33277.10,41803.37,49927.51,62794.30,78346.01,2
2022-08-19,20841.00,17408.35,20489.29,27905.48,33255.34,41786.30,49904.00,62762.99,78306.94,2
2022-08-20,21146.00,17396.71,20463.85,27886.81,33234.58,41769.50,49878.39,62728.39,78263.77,2
2022-08-21,21514.00,17385.73,20437.27,27869.21,33218.12,41754.57,49852.21,62693.62,78220.39,2
2022-08-22,21411.00,17372.30,20406.64,27850.47,33202.73,41739.19,49823.77,62657.14,78174.88,2
2022-08-23,21520.00,17358.28,20376.83,27838.04,33200.34,41729.72,49806.97,62636.02,78148.52,2
2022-08-24,21372.00,17325.91,20325.66,27823.39,33196.37,41718.91,49787.54,62611.58,78118.03,2
2022-08-25,21571.00,17290.23,20270.65,27807.94,33191.52,41709.90,49764.82,62583.00,78082.38,2
2022-08-26,20250.00,17253.52,20215.81,27795.02,33188.11,41704.84,49745.19,62558.32,78051.58,2
2022-08-27,20045.00,17207.77,20155.25,27777.61,33181.50,41697.45,49718.15,62524.32,78009.16,1
2022-08-28,19557.00,17161.78,20094.05,27760.30,33174.86,41690.24,49692.37,62491.90,77968.71,1
2022-08-29,20302.00,17116.59,20032.63,27742.01,33167.45,41682.63,49665.42,62458.00,77926.42,2
2022-08-30,19819.00,17075.58,19976.91,27723.75,33158.68,41675.00,49637.75,62423.20,77883.00,1
2022-08-31,20059.00,17052.78,19943.07,27707.89,33150.53,41669.06,49613.53,62392.75,77845.00,2
2022-09-01,20128.00,17033.58,19913.67,27693.24,33141.98,41663.68,49593.64,62367.74,77813.80,2
2022-09-02,19959.00,17015.73,19886.43,27677.05,33131.06,41654.60,49572.75,62341.47,77781.02,2
2022-09-03,19840.00,17003.25,19867.78,27660.15,33114.99,41645.24,49550.49,62313.47,77746.09,1
2022-09-04,20007.00,16990.67,19855.08,27643.01,33096.85,41636.00,49526.30,62283.04,77708.13,2
2022-09-05,19794.00,16978.33,19847.09,27626.24,33076.91,41626.81,49501.94,62252.41,77669.91,1
2022-09-06,18789.00,16970.56,19843.55,27616.32,33064.05,41622.05,49487.67,62234.47,77647.52,1
2022-09-07,19276.00,16963.45,19841.20,27607.42,33052.39,41617.77,49474.41,62217.79,77626.72,1
2022-09-08,19322.00,16955.52,19838.80,27597.70,33040.59,41611.05,49458.58,62197.89,77601.88,1
2022-09-09,21371.00,16949.00,19837.74,27590.10,33031.33,41605.97,49445.82,62181.83,77581.85,2
2022-09-10,21672.00,16937.08,19834.06,27574.40,33012.48,41596.27,49421.24,62150.93,77543.29,2
2022-09-11,21835.00,16923.31,19826.77,27555.97,32990.50,41584.84,49394.14,62116.84,77500.76,2
2022-09-12,22401.00,16906.95,19817.23,27533.66,32963.76,41571.18,49361.20,62075.42,77449.09,2
2022-09-13,20177.00,16887.68,19806.46,27507.03,32931.83,41554.41,49321.52,62025.53,77386.84,2
2022-09-14,20233.00,16867.81,19795.02,27479.49,32898.67,41536.89,49280.52,61973.97,77322.50,2
2022-09-15,19691.00,16847.23,19782.85,27450.88,32864.20,41518.43,49237.87,61920.33,77255.58,1
2022-09-16,19802.00,16824.17,19768.72,27418.34,32824.56,41498.53,49188.21,61857.88,77177.67,2
2022-09-17,20114.00,16808.53,19762.20,27397.02,32798.59,41484.48,49155.60,61816.86,77126.49,2
2022-09-18,19419.00,16793.66,19759.06,27376.81,32773.80,41471.04,49122.77,61775.58,77074.98,1
2022-09-19,19538.00,16782.85,19759.98,27362.68,32756.35,41461.34,49099.19,61745.93,77037.99,1
2022-09-20,18878.00,16772.07,19764.43,27348.55,32739.32,41451.82,49075.06,61715.58,77000.12,1
2022-09-21,18466.00,16761.16,19770.81,27334.22,32722.15,41442.06,49050.42,61684.59,76961.46,1
2022-09-22,19403.00,16753.67,19781.15,27320.34,32706.06,41432.73,49026.68,61654.74,76924.21,1
2022-09-23,19294.00,16748.47,19793.79,27309.12,32693.91,41423.95,49007.72,61630.89,76894.46,1
2022-09-24,18921.00,16745.36,19807.14,27297.99,32684.89,41416.03,48988.23,61606.39,76863.89,1
2022-09-25,18810.00,16743.71,19819.46,27287.51,32678.82,41408.43,48970.55,61584.15,76836.15,1
2022-09-26,19226.00,16742.27,19831.12,27275.80,32672.73,41400.20,48951.26,61559.90,76805.89,1
2022-09-27,19075.00,16741.03,19839.18,27262.03,32666.05,41391.12,48928.72,61531.54,76770.51,1
2022-09-28,19413.00,16740.77,19846.21,27248.31,32659.49,41382.16,48906.49,61503.59,76735.63,1
2022-09-29,19592.00,16738.56,19850.73,27234.82,32652.92,41373.28,48885.63,61477.35,76702.90,1
2022-09-30,19425.00,16736.50,19855.35,27221.67,32646.51,41364.59,48865.54,61452.09,76671.38,1
2022-10-01,19312.00,16735.18,19859.79,27211.99,32641.32,41357.39,48852.05,61435.14,76650.23,1
2022-10-02,19051.00,16734.72,19864.79,27203.83,32636.92,41351.43,48840.61,61420.75,76632.28,1
2022-10-03,19636.00,16734.55,19870.17,27195.61,32631.93,41345.30,48828.89,61406.00,76613.87,1
2022-10-04,20343.00,16735.32,19874.86,27189.12,32627.93,41340.03,48820.00,61394.82,76599.92,2
2022-10-05,20162.00,16734.74,19877.48,27180.61,32623.20,41333.78,48807.53,61379.15,76580.37,2
2022-10-06,19951.00,16734.25,19879.20,27172.69,32619.27,41327.88,48794.80,61363.13,76560.38,2
2022-10-07,19532.00,16732.99,19879.39,27163.01,32614.41,41320.80,48779.00,61343.26,76535.59,1
2022-10-08,19420.00,16731.68,19878.30,27151.82,32608.87,41312.83,48760.25,61319.68,76506.18,1
2022-10-09,19445.00,16729.88,19874.55,27137.29,32601.81,41302.90,48736.02,61289.21,76468.16,1
2022-10-10,19131.00,16728.30,19869.38,27123.25,32595.13,41293.26,48712.44,61259.56,76431.17,1
2022-10-11,19059.00,16726.90,19863.90,27109.30,32588.10,41283.41,48688.86,61229.90,76394.16,1
2022-10-12,19157.00,16727.13,19859.42,27097.49,32581.76,41274.60,48668.73,61204.59,76362.58,1
2022-10-13,19377.00,16727.59,19854.87,27085.49,32574.88,41265.89,48648.65,61179.33,76331.07,1
2022-10-14,19181.00,16726.92,19849.46,27071.29,32568.55,41258.44,48623.52,61147.73,76291.65,1
2022-10-15,19066.00,16728.54,19845.98,27059.86,32569.63,41259.83,48595.85,61112.93,76248.23,1
2022-10-16,19264.00,16730.41,19843.54,27050.64,32571.68,41262.45,48572.19,61083.18,76211.10,1
2022-10-17,19547.00,16731.54,19840.86,27041.00,32573.24,41264.55,48548.12,61052.91,76173.34,1
2022-10-18,19334.00,16732.43,19838.41,27031.84,32574.79,41266.93,48526.05,61025.16,76138.71,1
2022-10-19,19126.00,16731.60,19834.90,27020.23,32576.45,41269.36,48500.37,60992.87,76098.42,1
2022-10-20,19043.00,16730.47,19831.59,27009.03,32578.35,41271.95,48475.74,60961.89,76059.78,1
2022-10-21,19165.00,16730.92,19829.72,27001.25,32580.62,41274.12,48458.52,60940.23,76032.75,1
2022-10-22,19206.00,16729.88,19827.46,26993.65,32577.12,41270.32,48448.14,60927.18,76016.47,1
2022-10-23,19574.00,16729.65,19827.59,26990.55,32577.48,41271.35,48445.28,60923.58,76011.98,1
2022-10-24,19332.00,16729.90,19828.16,26988.10,32578.74,41274.23,48442.87,60920.56,76008.21,1
2022-10-25,20087.00,16730.07,19829.16,26986.43,32580.60,41277.69,48441.70,60919.09,76006.37,2
2022-10-26,20775.00,16731.75,19831.65,26988.01,32583.06,41281.91,48447.18,60925.98,76014.97,2
2022-10-27,20296.00,16732.81,19833.71,26988.64,32585.11,41285.63,48450.57,60930.24,76020.28,2
2022-10-28,20599.00,16733.62,19835.68,26989.02,32586.96,41289.45,48454.10,60934.67,76025.82,2
2022-10-29,20821.00,16733.26,19836.29,26986.77,32587.48,41290.71,48454.86,60935.63,76027.01,2
2022-10-30,20628.00,16732.86,19835.02,26980.71,32585.49,41289.21,48449.94,60929.45,76019.30,2
2022-10-31,20498.00,16732.29,19833.71,26974.70,32583.53,41287.05,48459.76,60941.79,76034.70,2
2022-11-01,20480.00,16735.07,19835.64,26974.40,32589.48,41294.00,48471.14,60956.10,76052.55,2
2022-11-02,20154.00,16738.17,19837.55,26973.92,32596.11,41301.70,48481.25,60968.82,76068.42,2
2022-11-03,20209.00,16741.39,19838.97,26972.27,32602.73,41309.55,48490.11,60979.97,76082.33,2
2022-11-04,21153.00,16738.39,19835.19,26959.68,32605.19,41312.27,48481.48,60969.11,76068.78,2
2022-11-05,21301.00,16733.35,19827.63,26939.37,32603.80,41310.63,48459.89,60941.96,76034.91,2
2022-11-06,20907.00,16717.76,19813.37,26894.93,32589.78,41293.06,48396.88,60862.72,75936.04,2
2022-11-07,20590.00,16699.25,19800.12,26846.49,32574.31,41273.74,48312.70,60756.85,75803.96,2
2022-11-08,18550.00,16672.41,19785.99,26784.50,32549.52,41245.20,48210.61,60628.48,75643.79,1
2022-11-09,15877.00,16638.08,19773.12,26711.50,32520.35,41211.54,48088.72,60475.18,75452.53,0
2022-11-10,17551.00,16602.18,19761.25,26637.65,32490.43,41176.45,47964.72,60319.24,75257.97,1
2022-11-11,17007.00,16568.64,19754.58,26568.97,32462.41,41143.36,47847.93,60172.38,75074.73,1
2022-11-12,16788.00,16532.53,19750.88,26501.55,32435.14,41110.94,47733.30,60028.22,74894.87,1
2022-11-13,16310.00,16500.16,19754.40,26454.87,32416.05,41090.11,47643.63,59915.45,74754.18,0
2022-11-14,16589.00,16461.67,19753.30,26405.84,32389.51,41060.12,47532.82,59776.09,74580.30,1
2022-11-15,16874.00,16416.75,19737.54,26349.07,32344.22,40986.71,47358.98,59557.49,74307.55,1
2022-11-16,16654.00,16377.49,19719.44,26302.08,32301.42,40914.85,47200.87,59358.65,74059.47,1
2022-11-17,16686.00,16338.55,19700.45,26256.85,32258.52,40840.70,47042.33,59159.27,73810.71,1
2022-11-18,16683.00,16300.43,19680.50,26215.34,32214.38,40758.94,46882.09,58957.76,73559.30,1
2022-11-19,16690.00,16264.81,19661.15,26179.94,32171.56,40673.73,46725.34,58760.63,73313.35,1
2022-11-20,16256.00,16238.29,19648.21,26156.20,32139.63,40585.34,46579.06,58576.67,73083.83,1
2022-11-21,15766.00,16219.72,19638.64,26138.53,32116.16,40504.93,46458.45,58424.99,72894.59,0
2022-11-22,16197.00,16211.49,19640.75,26135.43,32111.71,40464.54,46412.12,58366.74,72821.91,0
2022-11-23,16603.00,16203.00,19642.70,26132.98,32107.01,40424.18,46365.82,58308.51,72749.26,1
2022-11-24,16591.00,16195.68,19645.08,26132.01,32103.00,40387.48,46323.73,58255.58,72683.22,1
2022-11-25,16508.00,16189.21,19647.55,26133.49,32100.15,40354.22,46285.59,58207.61,72623.37,1
2022-11-26,16454.00,16184.39,19650.52,26136.16,32098.64,40326.09,46253.33,58167.04,72572.75,1
2022-11-27,16424.00,16175.78,19646.29,26132.01,32089.64,40302.61,46226.39,58133.17,72530.49,1
2022-11-28,16210.00,16167.40,19642.40,26128.18,32080.51,40279.44,46199.82,58099.75,72488.79,1
2022-11-29,16434.00,16158.62,19638.18,26125.02,32071.71,40256.32,46173.29,58066.39,72447.17,1
2022-11-30,17170.00,16150.61,19634.34,26128.38,32072.28,40237.98,46148.78,58035.57,72408.72,1
2022-12-01,16977.00,16141.74,19629.89,26131.90,32098.34,40250.39,46122.47,58002.48,72367.43,1
2022-12-02,17095.00,16128.52,19622.77,26137.20,32140.02,40276.18,46084.82,57955.13,72308.36,1
2022-12-03,16886.00,16113.85,19614.43,26143.49,32181.14,40300.00,46044.38,57904.28,72244.91,1
2022-12-04,17114.00,16100.05,19606.76,26150.41,32222.38,40324.57,46004.97,57854.71,72183.07,1
2022-12-05,16968.00,16086.11,19598.39,26158.37,32263.33,40349.74,45966.27,57806.04,72122.35,1
2022-12-06,17087.00,16071.77,19590.06,26167.63,32304.08,40373.86,45925.66,57754.97,72058.63,1
2022-12-07,16836.00,16058.15,19582.31,26171.16,32336.89,40396.11,45886.15,57705.28,71996.63,1
2022-12-08,17229.00,16045.13,19574.98,26174.62,32344.33,40386.85,45847.40,57656.56,71935.84,1
2022-12-09,17128.00,16038.59,19571.11,26177.34,32338.61,40371.72,45828.48,57632.76,71906.15,1
2022-12-10,17128.00,16032.85,19567.77,26180.33,32334.05,40365.93,45820.39,57622.59,71893.46,1
2022-12-11,17091.00,16025.15,19563.35,26183.95,32328.84,40355.86,45807.33,57606.16,71872.96,1
2022-12-12,17209.00,16017.79,19559.30,26187.58,32323.71,40346.10,45794.55,57590.09,71852.92,1
2022-12-13,17772.00,16011.31,19555.80,26190.96,32318.35,40336.96,45783.19,57575.81,71835.10,1
2022-12-14,17803.00,16004.24,19552.05,26194.44,32312.29,40326.86,45771.01,57560.49,71815.98,1
2022-12-15,17362.00,15997.56,19548.54,26197.85,32306.39,40318.39,45760.83,57547.69,71800.01,1
2022-12-16,16633.00,15989.26,19545.37,26201.76,32297.86,40301.17,45740.89,57522.61,71768.72,1
2022-12-17,16781.00,15981.92,19542.64,26205.15,32289.34,40278.69,45714.95,57489.99,71728.02,1
2022-12-18,16749.00,15975.91,19541.04,26208.05,32280.64,40258.30,45691.21,57460.14,71690.78,1
2022-12-19,16446.00,15969.90,19539.51,26210.97,32271.94,40238.81,45668.53,57431.62,71655.19,1
2022-12-20,16898.00,15964.56,19538.52,26213.99,32263.84,40222.03,45649.08,57407.15,71624.67,1
2022-12-21,16824.00,15959.86,19538.05,26216.93,32255.93,40205.14,45629.41,57382.42,71593.81,1
2022-12-22,16821.00,15954.28,19537.12,26220.02,32247.27,40184.93,45606.15,57353.17,71557.31,1
2022-12-23,16779.00,15950.61,19535.96,26222.39,32241.07,40173.23,45592.45,57335.93,71535.81,1
2022-12-24,16839.00,15946.29,19534.55,26224.83,32233.94,40159.39,45576.56,57315.96,71510.89,1
2022-12-25,16828.00,15940.06,19532.28,26227.90,32225.71,40146.56,45562.25,57297.96,71488.44,1
2022-12-26,16917.00,15932.55,19529.57,26231.42,32216.74,40127.60,45540.99,57271.22,71455.07,1
2022-12-27,16700.00,15924.97,19526.72,26235.00,32207.91,40106.86,45517.89,57242.17,71418.83,1
2022-12-28,16540.00,15912.53,19521.39,26239.04,32195.60,40073.53,45480.86,57195.60,71360.73,1
2022-12-29,16628.00,15901.05,19516.58,26242.79,32184.08,40042.48,45446.29,57152.12,71306.48,1
2022-12-30,16603.00,15889.62,19511.94,26246.68,32172.84,40010.80,45410.88,57107.60,71250.92,1
2022-12-31,16528.00,15878.42,19507.61,26249.93,32162.12,39978.62,45374.81,57062.24,71194.33,1
2023-01-01,16615.00,15868.98,19503.72,26251.43,32152.91,39945.35,45337.30,57015.07,71135.48,1
2023-01-02,16673.00,15861.12,19501.80,26251.82,32146.53,39912.76,45300.53,56968.83,71077.79,1
2023-01-03,16670.00,15852.65,19499.36,26250.88,32139.87,39878.43,45261.60,56919.87,71016.70,1
2023-01-04,16849.00,15848.48,19499.01,26248.92,32136.56,39854.15,45234.11,56885.30,70973.58,1
2023-01-05,16826.00,15844.38,19498.64,26247.13,32133.46,39828.17,45204.71,56848.33,70927.44,1
2023-01-06,16950.00,15840.09,19498.09,26245.14,32130.14,39799.55,45172.64,56807.99,70877.12,1
2023-01-07,16945.00,15835.51,19497.41,26242.93,32126.85,39769.32,45139.13,56765.86,70824.55,1
2023-01-08,17119.00,15830.37,19496.38,26240.49,32123.48,39737.36,45103.71,56721.31,70768.97,1
2023-01-09,17179.00,15826.15,19494.17,26239.72,32120.24,39714.11,45078.30,56689.36,70729.11,1
2023-01-10,17446.00,15823.59,19491.99,26243.29,32122.01,39702.83,45063.81,56671.14,70706.37,1
2023-01-11,17930.00,15821.94,19489.61,26254.23,32137.23,39710.54,45054.67,56659.63,70692.02,1
2023-01-12,18853.00,15820.29,19487.05,26265.50,32155.21,39723.37,45048.45,56651.81,70682.26,1
2023-01-13,19931.00,15819.36,19485.30,26278.24,32175.53,39740.37,45047.24,56650.30,70680.37,2
2023-01-14,20960.00,15819.61,19483.60,26292.26,32197.88,39764.54,45053.77,56658.51,70690.61,2
2023-01-15,20885.00,15820.73,19482.39,26308.19,32221.59,39791.61,45063.32,56670.51,70705.59,2
2023-01-16,21189.00,15820.22,19480.14,26323.53,32244.12,39814.46,45067.71,56676.04,70712.49,2
2023-01-17,21134.00,15819.88,19477.78,26336.00,32265.78,39836.94,45073.36,56683.15,70721.35,2
2023-01-18,20670.00,15819.26,19475.35,26342.07,32275.80,39846.66,45080.29,56691.85,70732.22,2
2023-01-19,21086.00,15819.08,19473.06,26348.03,32284.02,39855.97,45089.53,56703.48,70746.73,2
2023-01-20,22678.00,15818.17,19469.58,26353.17,32290.82,39865.80,45098.94,56715.32,70761.49,2
2023-01-21,22783.00,15817.19,19466.33,26358.36,32297.43,39874.78,45106.83,56725.23,70773.86,2
2023-01-22,22717.00,15817.33,19463.23,26363.33,32305.24,39888.99,45120.69,56742.66,70795.61,2
2023-01-23,22922.00,15815.31,19459.58,26370.49,32314.34,39900.86,45132.43,56757.43,70814.03,2
2023-01-24,22637.00,15809.94,19454.58,26378.28,32319.82,39902.23,45133.03,56758.18,70814.97,2
2023-01-25,23054.00,15804.50,19449.75,26385.87,32324.41,39901.65,45131.41,56756.14,70812.43,2
2023-01-26,23010.00,15798.98,19444.85,26393.56,32329.17,39901.18,45129.86,56754.19,70809.99,2
2023-01-27,23083.00,15793.60,19440.29,26401.20,32333.58,39899.76,45127.12,56750.75,70805.70,2
2023-01-28,23033.00,15788.40,19435.74,26408.97,32338.23,39899.23,45125.86,56749.17,70803.72,2
2023-01-29,23746.00,15784.14,19431.50,26417.22,32345.38,39904.07,45130.65,56755.19,70811.24,2
2023-01-30,22831.00,15783.10,19428.39,26423.12,32351.63,39914.29,45141.21,56768.46,70827.80,2
2023-01-31,23127.00,15784.47,19426.65,26428.61,32359.59,39929.78,45157.58,56789.05,70853.49,2
2023-02-01,23735.00,15786.05,19424.88,26434.15,32368.12,39946.49,45175.23,56811.26,70881.19,2
2023-02-02,23498.00,15787.19,19423.14,26439.70,32376.12,39960.18,45189.09,56828.68,70902.93,2
2023-02-03,23434.00,15788.45,19421.47,26445.20,32384.12,39973.77,45202.82,56845.95,70924.47,2
2023-02-04,23330.00,15789.47,19419.55,26450.42,32391.40,39986.29,45215.38,56861.74,70944.18,2
2023-02-05,22937.00,15789.23,19417.46,26455.16,32395.12,39989.71,45217.89,56864.89,70948.11,2
2023-02-06,22763.00,15788.27,19415.49,26460.00,32397.61,39984.44,45210.63,56855.77,70936.73,2
2023-02-07,23252.00,15786.87,19413.71,26464.58,32398.41,39971.52,45194.85,56835.92,70911.96,2
2023-02-08,22961.00,15785.12,19412.09,26469.16,32398.55,39953.37,45172.94,56808.38,70877.60,2
2023-02-09,21802.00,15783.28,19410.43,26473.64,32398.23,39930.69,45146.31,56774.89,70835.81,2
2023-02-10,21639.00,15781.21,19408.73,26478.08,32397.52,39906.76,45118.29,56739.65,70791.85,2
2023-02-11,21868.00,15779.27,19407.31,26482.37,32396.40,39881.36,45088.61,56702.32,70745.28,2
2023-02-12,21789.00,15778.12,19405.67,26486.78,32400.37,39865.72,45065.87,56673.73,70709.60,2
2023-02-13,21790.00,15777.70,19404.15,26491.27,32405.68,39857.43,45051.40,56655.53,70686.90,2
2023-02-14,22211.00,15778.30,19402.48,26495.75,32412.92,39857.21,45046.19,56648.98,70678.72,2
2023-02-15,24332.00,15779.02,19400.56,26500.22,32420.27,39855.21,45039.31,56640.33,70667.93,2
2023-02-16,23521.00,15780.06,19398.84,26504.93,32428.64,39857.07,45036.20,56636.41,70663.04,2
2023-02-17,24580.00,15781.61,19397.05,26509.65,32440.47,39856.35,45026.55,56624.28,70647.91,2
2023-02-18,24640.00,15782.93,19395.11,26514.70,32452.64,39854.35,45015.41,56610.26,70630.42,2
2023-02-19,24296.00,15782.35,19392.59,26519.88,32459.38,39838.92,44993.01,56582.09,70595.27,2
2023-02-20,24843.00,15781.88,19390.02,26524.84,32465.88,39814.26,44960.17,56540.80,70559.72,2
2023-02-21,24450.00,15779.98,19387.37,26530.17,32470.66,39780.52,44917.00,56486.51,70517.74,2
2023-02-22,24188.00,15777.57,19384.64,26535.59,32474.89,39747.87,44874.97,56433.66,70483.85,2
2023-02-23,23939.00,15775.20,19381.82,26540.83,32478.54,39715.22,44833.61,56381.64,70455.47,2
2023-02-24,23189.00,15772.61,19379.38,26546.61,32486.67,39694.47,44800.07,56339.46,70456.51,2
2023-02-25,23161.00,15767.15,19375.66,26553.18,32492.73,39667.24,44759.73,56288.73,70449.62,2
2023-02-26,23562.00,15760.79,19371.57,26560.32,32499.01,39640.89,44720.43,56239.30,70446.88,2
2023-02-27,23493.00,15753.84,19367.27,26567.56,32504.63,39621.75,44689.41,56200.30,70443.63,2
2023-02-28,23136.00,15747.29,19363.28,26574.36,32509.89,39606.38,44662.29,56166.19,70440.23,2
2023-03-01,23634.00,15741.13,19359.64,26581.11,32515.87,39594.33,44638.26,56135.97,70438.87,2
2023-03-02,23466.00,15733.13,19355.18,26588.40,32520.89,39573.35,44604.14,56093.07,70430.20,2
2023-03-03,22359.00,15724.52,19350.36,26595.44,32518.31,39542.05,44567.31,56046.74,70403.64,2
2023-03-04,22347.00,15709.77,19338.75,26603.29,32506.92,39495.00,44512.97,55978.41,70352.91,2
2023-03-05,22428.00,15696.49,19325.99,26610.19,32490.68,39446.08,44456.44,55907.32,70302.47,2
2023-03-06,22407.00,15682.40,19310.87,26617.11,32468.32,39391.59,44393.37,55828.01,70243.73,2
2023-03-07,22200.00,15668.05,19293.89,26623.94,32441.92,39335.00,44328.41,55746.31,70181.83,2
2023-03-08,21704.00,15653.50,19270.91,26630.85,32405.37,39267.31,44251.12,55649.12,70118.98,2
2023-03-09,20367.00,15640.95,19244.85,26637.16,32363.73,39203.13,44177.87,55557.00,70065.22,2
2023-03-10,20220.00,15630.58,19220.68,26644.05,32329.41,39150.41,44117.48,55481.05,70030.27,2
2023-03-11,20618.00,15630.42,19204.70,26650.27,32308.37,39124.93,44087.53,55443.39,70042.27,2
2023-03-12,22183.00,15630.78,19190.55,26657.28,32293.20,39106.55,44065.71,55415.94,70062.61,2
2023-03-13,24209.00,15633.12,19172.07,26664.82,32274.65,39084.09,44039.40,55382.86,70100.46,2
2023-03-14,24750.00,15639.27,19158.19,26673.22,32273.48,39082.67,44035.94,55378.51,70176.32,2
2023-03-15,24368.00,15645.89,19149.90,26681.86,32282.18,39093.21,44046.47,55391.76,70255.32,2
2023-03-16,25050.00,15652.82,19145.95,26690.99,32299.47,39114.15,44068.51,55419.47,70338.61,2
2023-03-17,27466.00,15658.79,19140.88,26699.96,32313.14,39130.70,44085.80,55441.21,70413.80,3
2023-03-18,26980.00,15664.76,19137.00,26708.52,32328.35,39149.13,44104.94,55465.28,70488.08,3
2023-03-19,28054.00,15670.74,19133.09,26717.04,32342.93,39166.78,44123.25,55488.31,70561.14,3
2023-03-20,27815.00,15680.04,19136.70,26725.97,32372.52,39202.61,44162.05,55537.11,70642.99,3
2023-03-21,28192.00,15687.06,19137.14,26734.88,32389.30,39222.93,44184.47,55565.29,70696.06,3
2023-03-22,27320.00,15694.24,19136.78,26743.74,32404.45,39241.27,44204.67,55591.88,70747.59,3
2023-03-23,28343.00,15702.06,19135.49,26752.65,32416.91,39256.37,44221.40,55617.70,70796.26,3
2023-03-24,27493.00,15712.52,19132.33,26761.86,32427.22,39268.85,44235.08,55648.31,70849.69,3
2023-03-25,27499.00,15722.93,19128.16,26770.77,32434.41,39277.56,44244.32,55674.72,70896.59,3
2023-03-26,28004.00,15735.56,19124.58,26779.27,32443.55,39288.63,44255.98,55707.07,70949.13,3
2023-03-27,27142.00,15717.86,19055.48,26782.72,32359.96,39187.40,44143.34,55605.68,70825.97,3
2023-03-28,27272.00,15701.28,18987.31,26788.40,32280.28,39090.91,44035.47,55513.37,70711.92,3
2023-03-29,28353.00,15685.32,18918.95,26794.41,32200.92,38994.81,43927.65,55426.46,70601.22,3
2023-03-30,28039.00,15668.88,18850.71,26799.55,32120.91,38897.91,43818.86,55337.07,70487.36,3
2023-03-31,28476.00,15649.96,18783.55,26803.93,32039.56,38799.40,43708.52,55238.81,70362.19,3
2023-04-01,28469.00,15631.01,18715.40,26808.72,31957.77,38700.36,43597.79,55140.23,70236.62,3
2023-04-02,28186.00,15611.34,18646.80,26815.06,31876.46,38601.89,43487.83,55041.30,70110.61,3
2023-04-03,27816.00,15618.66,18639.84,26825.68,31878.84,38604.77,43489.88,55068.37,70145.09,3
2023-04-04,28178.00,15624.49,18630.96,26832.73,31874.76,38599.83,43483.45,55084.55,70165.70,3
2023-04-05,28183.00,15629.96,18623.03,26838.63,31870.90,38595.16,43477.84,55097.75,70182.52,3
2023-04-06,28051.00,15635.45,18615.09,26844.39,31866.67,38590.03,43471.78,55110.92,70199.29,3
2023-04-07,27931.00,15641.84,18606.38,26851.78,31860.44,38582.50,43462.96,55130.18,70223.81,3
2023-04-08,27969.00,15649.87,18602.37,26863.36,31859.78,38581.69,43461.54,55160.77,70262.79,3
2023-04-09,28340.00,15657.24,18597.65,26874.52,31854.16,38574.89,43453.44,55186.34,70295.35,3
2023-04-10,29652.00,15665.54,18598.19,26887.03,31855.38,38576.36,43454.72,55217.91,70335.57,3
2023-04-11,30246.00,15675.33,18604.05,26902.38,31858.31,38579.91,43464.79,55258.96,70387.86,3
2023-04-12,29903.00,15685.25,18613.38,26915.88,31859.33,38581.15,43477.32,55300.61,70440.91,3
2023-04-13,30410.00,15696.93,18628.80,26928.96,31861.46,38583.73,43492.72,55343.02,70494.93,3
2023-04-14,30498.00,15709.03,18647.12,26938.71,31863.77,38586.52,43510.10,55376.66,70537.79,3
2023-04-15,30332.00,15726.68,18670.94,26944.20,31863.36,38586.03,43525.19,55403.91,70572.49,3
2023-04-16,30330.00,15746.07,18697.44,26947.78,31862.94,38585.52,43543.61,55430.43,70606.27,3
2023-04-17,29448.00,15766.46,18724.44,26947.46,31857.62,38579.08,43557.30,55449.03,70629.97,3
2023-04-18,30395.00,15789.28,18751.93,26943.15,31851.86,38572.10,43565.58,55459.57,70643.40,3
2023-04-19,28827.00,15819.81,18786.10,26940.64,31848.89,38568.51,43573.71,55469.92,70656.58,3
2023-04-20,28238.00,15850.08,18814.33,26934.97,31841.62,38559.70,43581.57,55479.93,70669.32,3
2023-04-21,27254.00,15879.54,18840.57,26927.59,31832.85,38549.08,43589.75,55490.34,70682.59,3
2023-04-22,27817.00,15904.93,18859.78,26916.56,31817.56,38530.57,43594.00,55495.75,70689.48,3
2023-04-23,27596.00,15934.32,18884.27,26905.09,31804.76,38515.06,43600.32,55503.80,70699.74,3
2023-04-24,27512.00,15960.30,18910.01,26892.73,31792.00,38499.61,43610.63,55516.92,70716.44,3
2023-04-25,28300.00,15982.72,18935.00,26881.84,31782.06,38487.57,43624.38,55534.42,70738.74,3
2023-04-26,28428.00,15996.62,18952.51,26870.94,31772.09,38475.50,43639.45,55553.62,70763.19,3
2023-04-27,29485.00,16007.60,18970.95,26862.02,31765.42,38467.42,43654.59,55572.89,70787.74,3
2023-04-28,29333.00,16016.07,18988.47,26854.09,31759.63,38460.41,43668.85,55591.04,70810.86,3
2023-04-29,29247.00,16021.05,19022.71,26848.86,31757.79,38458.18,43683.11,55609.19,70833.98,3
2023-04-30,29235.00,16023.16,19063.71,26847.90,31762.97,38464.46,43705.81,55638.10,70870.79,3
2023-05-01,28079.00,16023.67,19100.36,26845.41,31765.20,38467.15,43725.60,55663.29,70902.88,3
2023-05-02,28680.00,16023.90,19137.67,26842.49,31766.78,38469.07,43744.87,55687.81,70934.12,3
2023-05-03,29033.00,16023.55,19173.63,26838.37,31767.35,38469.76,43761.88,55709.47,70961.71,3
2023-05-04,28851.00,16030.29,19221.31,26839.94,31782.08,38487.59,43808.00,55768.17,71036.48,3
2023-05-05,29547.00,16037.27,19269.15,26841.38,31797.64,38506.44,43857.95,55831.77,71117.50,3
2023-05-06,28911.00,16042.43,19297.05,26840.49,31809.53,38520.84,43904.71,55891.29,71193.31,3
2023-05-07,28472.00,16042.64,19310.46,26834.09,31811.40,38523.10,43939.39,55935.44,71249.55,3
2023-05-08,27690.00,16043.67,19322.98,26829.98,31815.03,38527.50,43972.24,55977.26,71302.82,3
2023-05-09,27650.00,16041.55,19328.23,26821.45,31812.42,38524.33,44003.27,56016.76,71353.13,3
2023-05-10,27618.00,16039.07,19333.16,26812.42,31809.14,38520.37,44034.24,56056.19,71403.35,3
2023-05-11,26991.00,16029.49,19325.49,26798.18,31791.17,38498.60,44035.60,56057.91,71405.55,3
2023-05-12,26811.00,16021.54,19319.72,26787.68,31773.49,38477.19,44037.45,56060.28,71408.56,3
2023-05-13,26789.00,16015.00,19317.72,26779.30,31758.45,38458.98,44042.15,56066.25,71416.18,3
2023-05-14,26933.00,16009.93,19320.45,26772.34,31746.43,38444.43,44049.11,56075.11,71427.46,3
2023-05-15,27166.00,16005.22,19325.21,26765.59,31735.29,38430.93,44056.25,56084.20,71439.04,3
2023-05-16,27037.00,16001.92,19332.63,26761.27,31727.47,38421.47,44062.63,56092.32,71449.38,3
2023-05-17,27404.00,15997.50,19338.86,26754.95,31717.40,38409.28,44069.69,56101.31,71460.83,3
2023-05-18,26818.00,15993.38,19346.28,26748.92,31707.99,38397.88,44076.01,56109.36,71471.08,3
2023-05-19,26893.00,15992.28,19357.32,26745.85,31707.04,38396.73,44088.08,56124.72,71490.65,3
2023-05-20,27115.00,15991.42,19365.98,26743.05,31706.99,38396.66,44099.90,56139.78,71509.83,3
2023-05-21,26750.00,15989.11,19369.71,26738.81,31703.99,38393.03,44108.98,56151.33,71524.55,3
2023-05-22,26856.00,15988.75,19375.47,26739.26,31703.66,38392.63,44122.28,56168.26,71546.10,3
2023-05-23,27226.00,15989.60,19381.66,26741.79,31705.11,38394.39,44135.95,56185.66,71568.27,3
2023-05-24,26325.00,15992.29,19388.07,26747.40,31710.50,38400.92,44149.70,56203.17,71590.57,2
2023-05-25,26478.00,15996.27,19394.26,26754.54,31719.26,38411.52,44167.23,56225.48,71619.00,2
2023-05-26,26718.00,15996.47,19396.35,26756.39,31720.38,38412.89,44177.09,56238.03,71634.98,2
2023-05-27,26872.00,15996.82,19399.13,26758.65,31721.32,38414.01,44187.33,56251.07,71651.59,3
2023-05-28,28072.00,15998.21,19403.52,26762.58,31724.04,38417.31,44198.89,56265.78,71670.33,3
2023-05-29,27749.00,15999.42,19406.29,26764.01,31726.44,38420.22,44208.13,56277.55,71685.33,3
2023-05-30,27706.00,16001.59,19409.52,26765.94,31730.13,38424.69,44218.52,56290.78,71702.17,3
2023-05-31,27219.00,16004.46,19413.12,26767.70,31733.03,38428.20,44228.01,56302.86,71717.56,3
2023-06-01,26826.00,16006.97,19416.07,26768.27,31733.10,38428.28,44233.88,56310.33,71727.08,3
2023-06-02,27251.00,16009.48,19418.16,26767.92,31730.54,38425.19,44235.66,56312.59,71729.96,3
2023-06-03,27076.00,16012.72,19420.36,26768.63,31730.80,38425.50,44239.85,56317.94,71736.76,3
2023-06-04,27125.00,16016.44,19421.80,26768.40,31730.36,38424.96,44242.90,56321.81,71741.70,3
2023-06-05,25739.00,16020.12,19423.05,26767.56,31729.03,38423.35,44245.27,56324.82,71745.54,2
2023-06-06,27236.00,16023.50,19423.87,26765.68,31726.29,38420.03,44246.44,56326.32,71747.44,3
2023-06-07,26348.00,16026.51,19424.50,26764.01,31723.00,38416.05,44246.03,56325.80,71746.77,2
2023-06-08,26510.00,16029.40,19425.05,26762.22,31719.36,38411.65,44245.19,56324.73,71745.42,2
2023-06-09,26484.00,16032.66,19426.01,26761.01,31716.77,38408.50,44245.75,56325.43,71746.31,2
2023-06-10,25857.00,16034.98,19426.05,26757.53,31709.25,38399.41,44241.10,56319.52,71738.79,2
2023-06-11,25941.00,16037.25,19426.36,26754.19,31701.43,38389.93,44236.42,56313.56,71731.19,2
2023-06-12,25906.00,16039.29,19426.38,26750.26,31693.13,38379.89,44231.38,56307.14,71723.02,2
2023-06-13,25934.00,16041.57,19426.80,26747.17,31686.04,38371.29,44227.54,56302.26,71716.80,2
2023-06-14,25127.00,16044.20,19427.39,26743.81,31679.50,38363.37,44225.31,56299.42,71713.18,2
2023-06-15,25573.00,16047.25,19429.16,26740.81,31673.13,38355.66,44225.41,56299.54,71713.33,2
2023-06-16,26333.00,16050.21,19430.99,26737.60,31666.05,38347.09,44225.00,56299.03,71712.68,2
2023-06-17,26507.00,16053.83,19434.26,26736.83,31661.81,38341.95,44227.80,56302.59,71717.21,2
2023-06-18,26340.00,16059.40,19440.90,26742.33,31667.01,38348.25,44241.06,56319.47,71738.72,2
2023-06-19,26842.00,16066.15,19448.72,26750.51,31677.75,38361.26,44259.98,56343.55,71769.39,3
2023-06-20,28315.00,16074.07,19459.05,26759.83,31693.67,38380.54,44284.50,56374.76,71809.15,3
2023-06-21,30009.00,16082.74,19470.41,26771.13,31712.72,38403.60,44312.70,56410.67,71854.89,3
2023-06-22,29889.00,16091.58,19481.41,26783.50,31733.57,38428.85,44341.17,56446.91,71901.04,3
2023-06-23,30716.00,16101.47,19493.22,26798.09,31760.08,38460.95,44375.32,56490.38,71956.42,3
2023-06-24,30548.00,16112.26,19505.54,26813.83,31792.11,38499.74,44415.35,56541.34,72021.34,3
2023-06-25,30477.00,16122.41,19515.90,26826.26,31821.06,38534.80,44451.85,56587.81,72080.52,3
2023-06-26,30274.00,16131.77,19526.20,26833.53,31845.65,38564.58,44483.58,56628.20,72131.97,3
2023-06-27,30696.00,16140.73,19534.92,26841.56,31868.24,38591.94,44513.28,56666.01,72180.13,3
2023-06-28,30079.00,16150.71,19547.11,26850.82,31890.59,38619.00,44545.39,56706.89,72232.20,3
2023-06-29,30444.00,16160.61,19559.04,26859.67,31913.29,38646.49,44577.83,56748.18,72284.80,3
2023-06-30,30469.00,16170.53,19571.09,26868.42,31935.80,38673.75,44610.05,56789.20,72337.05,3
2023-07-01,30592.00,16179.39,19581.39,26874.37,31952.33,38693.77,44635.50,56821.60,72378.32,3
2023-07-02,30616.00,16187.55,19590.65,26878.37,31965.46,38709.67,44657.11,56849.10,72413.36,3
2023-07-03,31158.00,16194.12,19598.29,26875.32,31970.77,38716.09,44670.01,56865.53,72434.28,3
2023-07-04,30771.00,16200.11,19605.04,26870.84,31973.75,38719.71,44679.95,56878.19,72450.40,3
2023-07-05,30501.00,16204.59,19607.43,26864.51,31975.36,38721.65,44684.87,56884.44,72458.37,3
2023-07-06,29912.00,16208.89,19609.60,26857.74,31975.62,38721.97,44688.09,56888.54,72463.59,3
2023-07-07,30348.00,16212.91,19611.47,26850.27,31975.56,38721.89,44690.84,56892.05,72468.06,3
2023-07-08,30293.00,16217.30,19614.47,26842.93,31977.29,38723.99,44697.10,56900.02,72478.21,3
2023-07-09,30167.00,16221.80,19617.75,26835.67,31979.33,38726.46,44703.57,56908.25,72488.69,3
2023-07-10,30421.00,16228.34,19622.57,26837.47,31991.63,38741.36,44721.22,56930.72,72517.32,3
2023-07-11,30621.00,16234.52,19627.28,26837.94,32001.66,38753.50,44736.40,56950.04,72541.93,3
2023-07-12,30382.00,16240.65,19631.96,26838.01,32011.35,38765.24,44751.21,56968.90,72565.95,3
2023-07-13,31471.00,16246.73,19636.50,26838.08,32021.12,38777.07,44765.92,56987.62,72589.80,3
2023-07-14,30331.00,16252.17,19640.51,26835.76,32027.54,38784.85,44776.22,57000.74,72606.50,3
2023-07-15,30301.00,16257.32,19644.09,26833.68,32032.89,38791.32,44783.66,57010.21,72618.57,3
2023-07-16,30253.00,16262.57,19648.02,26832.17,32039.31,38799.09,44792.18,57021.05,72632.38,3
2023-07-17,30154.00,16267.44,19651.23,26831.99,32044.10,38804.90,44798.86,57029.55,72643.21,3
2023-07-18,29868.00,16271.95,19654.09,26829.48,32047.27,38808.74,44803.74,57035.76,72651.12,3
2023-07-19,29919.00,16276.49,19657.38,26827.23,32050.09,38812.16,44808.43,57041.74,72658.74,3
2023-07-20,29806.00,16281.15,19660.91,26825.44,32056.20,38819.55,44817.62,57053.44,72673.63,3
2023-07-21,29908.00,16285.81,19664.20,26824.41,32061.48,38825.95,44826.88,57065.23,72688.65,3
2023-07-22,29789.00,16290.07,19666.47,26821.96,32064.58,38829.71,44834.07,57074.38,72700.30,3
2023-07-23,30085.00,16293.90,19667.74,26816.47,32062.79,38827.53,44838.54,57080.07,72707.55,3
2023-07-24,29177.00,16296.34,19668.61,26801.30,32052.85,38815.50,44835.22,57075.84,72702.17,3
2023-07-25,29224.00,16295.17,19669.28,26756.52,32021.68,38782.79,44811.64,57045.83,72663.94,3
2023-07-26,29354.00,16293.92,19669.55,26709.76,31990.85,38750.50,44788.03,57015.77,72625.65,3
2023-07-27,29219.00,16292.44,19669.52,26662.01,31956.37,38713.80,44759.20,56979.07,72578.91,3
2023-07-28,29317.00,16291.02,19669.59,26613.98,31922.90,38678.31,44730.79,56942.90,72532.83,3
2023-07-29,29360.00,16289.84,19669.88,26567.46,31890.70,38644.36,44703.55,56908.23,72488.67,3
2023-07-30,29279.00,16288.11,19670.05,26521.27,31858.93,38610.94,44673.35,56869.78,72439.70,3
2023-07-31,29231.00,16287.61,19670.12,26485.26,31834.86,38586.83,44650.25,56840.37,72402.23,3
2023-08-01,29696.00,16291.12,19670.59,26481.36,31834.54,38586.45,44649.80,56839.80,72401.51,3
2023-08-02,29164.00,16294.56,19670.88,26479.13,31834.11,38585.92,44649.19,56839.03,72400.52,3
2023-08-03,29176.00,16298.07,19671.25,26477.20,31834.00,38585.80,44649.05,56838.85,72400.29,3
2023-08-04,29077.00,16301.78,19671.61,26476.63,31834.73,38586.67,44650.06,56840.14,72401.93,3
2023-08-05,29049.00,16305.43,19672.27,26474.00,31835.41,38587.50,44651.02,56841.36,72403.49,3
2023-08-06,29042.00,16309.79,19673.39,26473.90,31838.78,38591.58,44655.74,56847.37,72411.14,3
2023-08-07,29181.00,16314.11,19674.70,26472.01,31841.91,38595.38,44660.14,56852.96,72418.27,3
2023-08-08,29764.00,16318.58,19676.03,26470.31,31845.63,38599.88,44665.35,56859.60,72426.72,3
2023-08-09,29565.00,16323.22,19677.82,26468.84,31849.88,38605.04,44671.31,56867.19,72436.39,3
2023-08-10,29423.00,16327.92,19679.73,26468.01,31854.30,38610.40,44677.52,56875.09,72446.46,3
2023-08-11,29398.00,16332.73,19682.36,26467.08,31858.90,38615.98,44683.97,56883.30,72456.91,3
2023-08-12,29415.00,16337.36,19684.66,26467.85,31862.64,38620.51,44689.21,56889.97,72465.41,3
2023-08-13,29284.00,16341.62,19686.66,26467.74,31864.87,38623.21,44692.34,56893.95,72470.48,3
2023-08-14,29408.00,16344.83,19687.73,26467.39,31862.93,38620.85,44689.61,56890.48,72466.06,3
2023-08-15,29172.00,16346.83,19687.97,26465.37,31856.53,38613.10,44680.64,56879.07,72451.52,3
2023-08-16,28701.00,16348.41,19687.57,26463.67,31848.92,38603.88,44669.97,56865.48,72434.21,3
2023-08-17,26642.00,16349.72,19686.84,26461.88,31840.56,38593.75,44658.25,56850.55,72415.20,3
2023-08-18,26051.00,16350.30,19684.88,26459.79,31829.78,38580.67,44643.12,56831.30,72390.67,2
2023-08-19,26097.00,16350.38,19682.41,26457.31,31817.34,38565.60,44625.67,56809.09,72362.39,2
2023-08-20,26192.00,16350.41,19679.72,26455.20,31805.02,38550.66,44608.39,56787.09,72334.36,2
2023-08-21,26125.00,16350.83,19677.12,26453.90,31794.64,38538.08,44593.83,56768.55,72310.75,2
2023-08-22,26042.00,16351.72,19674.63,26454.88,31786.70,38528.46,44582.70,56754.38,72292.70,2
2023-08-23,26431.00,16352.62,19672.15,26455.50,31778.80,38518.88,44571.62,56740.27,72274.73,2
2023-08-24,26168.00,16353.71,19670.15,26456.41,31771.32,38509.82,44561.13,56726.93,72257.73,2
2023-08-25,26048.00,16355.09,19668.49,26457.89,31764.97,38502.12,44552.22,56715.58,72243.28,2
2023-08-26,26008.00,16356.83,19667.73,26457.28,31760.04,38496.15,44545.31,56706.78,72232.07,2
2023-08-27,26090.00,16358.67,19667.12,26456.72,31755.39,38490.51,44538.78,56698.47,72221.49,2
2023-08-28,26103.00,16360.44,19666.55,26456.01,31750.38,38484.44,44531.77,56689.54,72210.11,2
2023-08-29,27726.00,16362.31,19666.07,26466.12,31745.25,38478.22,44524.56,56680.37,72198.43,3
2023-08-30,27300.00,16364.23,19665.80,26477.01,31740.43,38472.37,44517.80,56671.77,72187.47,3
2023-08-31,25932.00,16365.92,19665.03,26487.33,31737.83,38469.23,44514.16,56667.13,72181.56,2
2023-09-01,25798.00,16367.64,19664.24,26497.30,31735.46,38466.36,44510.84,56662.90,72176.17,2
2023-09-02,25870.00,16369.05,19662.52,26509.03,31743.08,38475.59,44521.53,56676.51,72193.50,2
2023-09-03,25970.00,16370.25,19660.67,26520.52,31749.89,38483.84,44531.08,56688.66,72208.99,2
2023-09-04,25819.00,16372.09,19659.41,26533.04,31759.18,38495.10,44544.10,56705.24,72230.11,2
2023-09-05,25783.00,16374.08,19658.32,26536.12,31769.11,38507.14,44558.03,56722.98,72252.70,2
2023-09-06,25748.00,16376.00,19657.05,26538.15,31778.72,38518.78,44571.50,56740.13,72274.55,2
2023-09-07,26245.00,16377.97,19655.74,26540.22,31785.84,38527.42,44581.49,56752.85,72290.74,2
2023-09-08,25908.00,16379.50,19653.95,26541.27,31791.37,38534.11,44589.24,56762.71,72303.31,2
2023-09-09,25899.00,16381.28,19652.41,26544.48,31786.77,38528.54,44582.80,56754.51,72292.86,2
2023-09-10,25836.00,16383.34,19650.97,26549.64,31783.42,38524.49,44578.10,56748.53,72285.25,2
2023-09-11,25155.00,16385.77,19650.20,26556.49,31781.65,38522.34,44575.62,56745.37,72281.22,2
2023-09-12,25844.00,16388.56,19649.95,26562.96,31781.13,38521.71,44574.89,56744.45,72280.04,2
2023-09-13,26226.00,16391.51,19649.90,26570.41,31781.27,38521.88,44575.09,56744.69,72280.35,2
2023-09-14,26529.00,16394.57,19649.96,26578.15,31781.63,38522.32,44575.60,56745.34,72281.18,2
2023-09-15,26607.00,16398.59,19651.65,26588.16,31785.11,38526.53,44580.47,56751.55,72289.09,3
2023-09-16,26571.00,16403.62,19656.27,26599.84,31790.91,38533.57,44588.61,56761.91,72302.28,2
2023-09-17,26535.00,16408.56,19661.05,26609.85,31796.21,38539.99,44596.04,56771.37,72314.33,2
2023-09-18,26770.00,16412.92,19664.86,26617.90,31799.15,38543.55,44600.16,56776.60,72321.01,3
2023-09-19,27214.00,16417.10,19668.24,26625.22,31801.57,38546.48,44603.56,56780.93,72326.52,3
2023-09-20,27128.00,16421.26,19671.58,26632.16,31804.20,38549.67,44607.25,56785.63,72332.50,3
2023-09-21,26563.00,16425.30,19674.85,26638.86,31807.08,38553.16,44611.28,56790.77,72339.05,2
2023-09-22,26581.00,16428.95,19677.16,26645.00,31809.13,38555.64,44614.16,56794.43,72343.71,2
2023-09-23,26583.00,16431.58,19676.52,26647.43,31808.78,38555.22,44613.66,56793.80,72342.91,2
2023-09-24,26248.00,16434.18,19675.65,26649.43,31808.59,38554.99,44613.40,56793.46,72342.48,2
2023-09-25,26297.00,16437.20,19675.51,26651.87,31809.90,38556.59,44615.25,56795.82,72345.48,2
2023-09-26,26208.00,16440.38,19675.99,26653.85,31811.68,38558.74,44617.74,56798.99,72349.51,2
2023-09-27,26361.00,16443.72,19676.72,26656.14,31813.76,38561.26,44620.66,56802.71,72354.25,2
2023-09-28,27026.00,16447.48,19677.96,26658.96,31816.77,38564.91,44624.88,56808.08,72361.09,3
2023-09-29,26911.00,16451.18,19680.01,26659.82,31819.10,38567.74,44628.15,56812.24,72366.40,3
2023-09-30,26966.00,16455.21,19682.60,26661.21,31822.52,38571.88,44632.95,56818.35,72374.18,3
2023-10-01,27995.00,16459.82,19686.40,26663.77,31827.71,38578.17,44640.23,56827.61,72385.98,3
2023-10-02,27507.00,16464.05,19689.79,26665.54,31831.55,38582.82,44645.60,56834.46,72394.70,3
2023-10-03,27435.00,16468.65,19693.68,26667.73,31836.82,38589.21,44653.00,56843.87,72406.69,3
2023-10-04,27790.00,16473.45,19698.28,26670.11,31842.93,38596.61,44661.56,56854.77,72420.58,3
2023-10-05,27417.00,16478.02,19702.55,26672.31,31847.92,38602.66,44668.56,56863.68,72431.93,3
2023-10-06,27948.00,16483.04,19707.17,26681.11,31854.48,38610.61,44677.76,56875.39,72446.84,3
2023-10-07,27971.00,16487.82,19711.43,26689.73,31860.05,38617.36,44685.57,56885.34,72459.51,3
2023-10-08,27933.00,16491.97,19715.10,26697.19,31863.59,38621.65,44690.54,56891.66,72467.56,3
2023-10-09,27594.00,16496.07,19718.63,26704.81,31866.92,38625.69,44695.21,56897.61,72475.14,3
2023-10-10,27395.00,16499.62,19721.19,26712.26,31868.03,38627.04,44696.77,56899.59,72477.66,3
2023-10-11,26874.00,16503.35,19724.92,26721.13,31869.79,38629.17,44699.23,56902.73,72481.66,3
2023-10-12,26756.00,16507.08,19728.64,26729.78,31871.73,38631.53,44701.96,56906.21,72486.09,3
2023-10-13,26867.00,16511.22,19732.17,26734.40,31875.80,38636.46,44707.67,56913.47,72495.34,3
2023-10-14,26855.00,16515.64,19736.12,26739.52,31880.99,38642.75,44714.95,56922.74,72507.16,3
2023-10-15,27174.00,16520.54,19740.22,26746.22,31887.93,38651.16,44724.68,56935.12,72522.92,3
2023-10-16,28518.00,16525.45,19745.22,26752.13,31894.73,38659.41,44734.23,56947.28,72538.40,3
2023-10-17,28408.00,16531.39,19751.78,26758.43,31905.40,38672.33,44749.18,56966.32,72562.66,3
2023-10-18,28328.00,16537.19,19756.70,26763.00,31915.23,38684.25,44762.97,56983.87,72585.02,3
2023-10-19,28733.00,16543.21,19761.96,26767.80,31925.63,38696.86,44777.56,57002.44,72608.67,3
2023-10-20,29688.00,16551.58,19770.65,26775.49,31944.82,38720.12,44804.48,57036.71,72652.33,3
2023-10-21,29927.00,16563.18,19784.33,26786.53,31975.99,38757.90,44848.19,57092.36,72723.21,3
2023-10-22,30002.00,16576.38,19800.04,26800.04,32012.80,38802.52,44899.83,57158.09,72806.93,3
2023-10-23,33074.00,16591.94,19818.36,26819.19,32058.46,38857.86,44963.86,57239.60,72910.76,4
2023-10-24,33917.00,16607.50,19836.64,26843.16,32103.76,38912.77,45027.40,57320.50,73013.80,4
2023-10-25,34498.00,16623.51,19855.82,26870.31,32150.08,38968.92,45092.37,57403.20,73119.15,4
2023-10-26,34165.00,16639.99,19875.63,26900.01,32197.66,39026.58,45159.10,57488.14,73227.35,4
2023-10-27,33906.00,16654.57,19892.56,26931.45,32237.40,39074.75,45214.84,57559.10,73317.74,4
2023-10-28,34091.00,16666.78,19905.70,26964.20,32267.96,39111.80,45257.70,57613.67,73387.24,4
2023-10-29,34538.00,16679.67,19921.52,27003.25,32299.70,39150.26,45302.21,57670.33,73459.42,4
2023-10-30,34495.00,16691.60,19935.45,27044.40,32327.51,39183.98,45341.23,57720.00,73522.68,4
2023-10-31,34661.00,16703.80,19949.53,27085.33,32356.30,39218.86,45381.59,57771.38,73588.14,4
2023-11-01,35440.00,16715.90,19963.07,27127.95,32384.90,39253.53,45421.71,57822.45,73653.18,4
2023-11-02,34937.00,16727.78,19976.16,27169.71,32412.67,39287.20,45460.67,57872.04,73716.36,4
2023-11-03,34727.00,16739.42,19988.72,27210.67,32439.61,39319.85,45498.45,57920.14,73777.62,4
2023-11-04,35086.00,16751.23,20001.18,27252.52,32467.24,39353.34,45537.20,57969.47,73840.46,4
2023-11-05,35045.00,16761.66,20009.76,27291.55,32490.81,39381.91,45570.26,58011.56,73894.06,4
2023-11-06,35042.00,16774.34,20022.46,27337.90,32523.01,39420.94,45615.42,58069.05,73967.30,4
2023-11-07,35414.00,16787.76,20036.16,27389.61,32557.81,39463.12,45664.23,58131.18,74046.44,4
2023-11-08,35640.00,16801.24,20049.86,27439.32,32592.62,39505.31,45713.05,58193.34,74125.61,4
2023-11-09,36693.00,16814.79,20063.59,27490.22,32629.20,39549.65,45764.36,58258.65,74208.81,4
2023-11-10,37319.00,16828.13,20077.24,27540.51,32664.95,39592.98,45814.50,58322.48,74290.11,4
2023-11-11,37152.00,16840.50,20089.66,27586.09,32696.73,39631.50,45859.07,58379.21,74362.38,4
2023-11-12,37086.00,16853.89,20104.24,27636.78,32732.07,39674.34,45908.64,58442.32,74442.76,4
2023-11-13,36485.00,16864.53,20114.26,27675.64,32756.55,39704.01,45942.97,58486.03,74498.44,4
2023-11-14,35564.00,16874.11,20122.77,27711.68,32776.98,39728.77,45971.63,58522.51,74544.90,4
2023-11-15,37877.00,16883.46,20131.06,27747.55,32796.45,39752.37,45998.93,58557.27,74589.18,4
2023-11-16,36165.00,16893.02,20139.90,27783.18,32814.78,39774.59,46024.64,58590.00,74630.87,4
2023-11-17,36625.00,16903.34,20149.86,27822.78,32835.79,39800.05,46054.11,58627.50,74678.65,4
2023-11-18,36590.00,16914.36,20161.30,27870.51,32859.68,39829.01,46087.62,58670.16,74732.99,4
2023-11-19,37426.00,16925.00,20172.30,27906.54,32882.49,39856.67,46119.62,58710.90,74784.87,4
2023-11-20,37480.00,16935.73,20182.93,27942.17,32913.53,39894.28,46163.14,58766.30,74855.45,4
2023-11-21,35758.00,16946.62,20193.63,27970.62,32945.28,39932.77,46207.68,58823.01,74927.68,4
2023-11-22,37424.00,16957.64,20204.32,27997.69,32977.55,39971.89,46252.94,58880.63,75001.07,4
2023-11-23,37301.00,16968.49,20214.68,28022.63,33009.30,40010.37,46297.47,58937.31,75073.28,4
2023-11-24,37746.00,16978.41,20223.47,28039.64,33037.27,40044.27,46336.70,58987.24,75136.88,4
2023-11-25,37809.00,16988.57,20231.93,28047.74,33065.93,40079.01,46376.90,59038.42,75202.07,4
2023-11-26,37460.00,16998.05,20238.62,28058.09,33091.83,40110.40,46413.22,59084.66,75260.97,4
2023-11-27,37240.00,17007.75,20248.43,28069.07,33110.27,40132.75,46439.09,59117.59,75302.91,4
2023-11-28,37839.00,17018.44,20259.72,28081.80,33134.24,40160.00,46470.62,59157.73,75354.04,4
2023-11-29,37863.00,17029.64,20271.75,28093.91,33163.36,40189.40,46504.63,59201.03,75409.19,4
2023-11-30,37719.00,17041.39,20284.22,28105.71,33199.39,40221.70,46542.01,59248.61,75469.81,4
2023-12-01,38707.00,17056.86,20302.68,28119.15,33268.59,40271.46,46599.59,59321.90,75563.16,4
2023-12-02,39474.00,17074.94,20324.95,28133.17,33365.08,40333.13,46670.95,59412.76,75678.89,4
2023-12-03,39989.00,17095.97,20352.35,28145.22,33489.65,40408.07,46757.66,59523.14,75819.49,4
2023-12-04,41985.00,17118.37,20379.20,28156.16,33627.90,40489.28,46851.64,59642.77,75971.88,5
2023-12-05,44075.00,17141.03,20406.53,28167.24,33776.80,40570.80,46945.97,59762.86,76124.84,5
2023-12-06,43764.00,17163.95,20434.22,28177.50,33926.92,40653.24,47041.36,59884.29,76279.52,5
2023-12-07,43291.00,17186.75,20461.72,28187.31,34074.55,40734.61,47135.52,60004.16,76432.21,5
2023-12-08,44193.00,17206.30,20484.51,28196.08,34190.44,40800.62,47211.90,60101.38,76556.05,5
2023-12-09,43712.00,17224.89,20506.80,28205.71,34289.93,40862.19,47283.14,60192.08,76671.58,5
2023-12-10,43786.00,17241.13,20524.55,28215.05,34369.83,40912.80,47341.71,60266.64,76766.55,5
2023-12-11,41242.00,17256.55,20540.60,28224.33,34444.55,40959.60,47395.86,60335.57,76854.36,5
2023-12-12,41458.00,17271.53,20556.66,28234.84,34510.62,41004.43,47447.74,60401.62,76938.48,5
2023-12-13,42888.00,17286.38,20572.85,28245.78,34576.55,41048.74,47499.01,60466.89,77021.62,5
2023-12-14,43031.00,17300.64,20588.17,28256.64,34637.84,41090.44,47547.26,60528.31,77099.86,5
2023-12-15,41925.00,17316.33,20605.81,28269.21,34710.86,41138.07,47602.38,60598.48,77189.24,5
2023-12-16,42246.00,17330.69,20620.84,28281.05,34780.36,41179.91,47650.79,60660.10,77267.73,5
2023-12-17,41345.00,17345.82,20637.41,28292.68,34854.33,41225.35,47703.37,60727.04,77353.00,5
2023-12-18,42650.00,17361.10,20654.50,28304.02,34928.45,41271.25,47756.49,60794.66,77439.13,5
2023-12-19,42258.00,17376.43,20671.86,28312.77,35005.20,41317.29,47809.76,60862.48,77525.52,5
2023-12-20,43665.00,17391.60,20688.82,28322.67,35081.53,41362.42,47861.98,60928.95,77610.19,5
2023-12-21,43873.00,17408.04,20709.24,28336.97,35161.70,41411.76,47919.07,61001.63,77702.76,5
2023-12-22,44002.00,17423.03,20726.49,28349.88,35231.94,41454.47,47968.50,61064.55,77782.91,5
2023-12-23,43733.00,17438.44,20743.98,28364.59,35305.41,41498.61,48019.57,61129.56,77865.73,5
2023-12-24,43033.00,17455.80,20768.96,28393.74,35379.30,41547.41,48076.04,61201.45,77957.30,5
2023-12-25,43591.00,17472.59,20793.40,28423.84,35447.24,41593.62,48129.51,61269.52,78044.00,5
2023-12-26,42510.00,17489.30,20819.38,28459.35,35524.38,41639.90,48183.06,61337.69,78130.83,5
2023-12-27,43473.00,17505.96,20845.61,28494.88,35614.39,41685.72,48236.08,61405.18,78216.81,5
2023-12-28,42583.00,17521.88,20869.33,28527.31,35704.18,41729.26,48286.47,61469.33,78298.51,5
2023-12-29,42072.00,17538.20,20893.42,28560.23,35798.39,41774.80,48339.16,61536.41,78383.96,5
2023-12-30,42148.00,17555.29,20918.87,28595.02,35896.99,41823.94,48396.03,61608.80,78476.17,5
2023-12-31,42258.00,17569.37,20935.48,28617.72,35982.37,41863.39,48441.67,61666.90,78550.17,5
2024-01-01,44187.00,17593.66,20971.17,28666.51,36099.13,41952.70,48545.01,61798.46,78717.76,5
2024-01-02,44970.00,17618.31,21004.77,28712.44,36198.24,42043.35,48649.91,61931.99,78887.85,5
2024-01-03,42865.00,17642.84,21037.57,28757.28,36278.34,42133.54,48754.27,62064.85,79057.08,5
2024-01-04,44186.00,17667.27,21070.09,28801.73,36354.93,42223.10,48857.91,62196.78,79225.12,5
2024-01-05,44184.00,17693.29,21105.02,28849.48,36429.55,42324.03,48970.41,62340.00,79407.56,5
2024-01-06,43999.00,17719.32,21140.13,28897.47,36492.39,42432.61,49082.72,62482.97,79589.67,5
2024-01-07,43944.00,17746.48,21176.57,28947.29,36557.59,42555.56,49200.74,62633.21,79781.05,5
2024-01-08,46995.00,17764.89,21195.93,28973.75,36592.94,42643.70,49269.71,62721.00,79892.88,5
2024-01-09,46124.00,17780.32,21212.14,28995.91,36622.49,42709.95,49321.88,62787.42,79977.48,5
2024-01-10,46681.00,17795.50,21228.11,29017.74,36651.67,42775.95,49372.92,62852.40,80060.25,5
2024-01-11,46360.00,17810.15,21243.66,29039.00,36679.89,42838.28,49421.13,62913.76,80138.41,5
2024-01-12,42778.00,17822.75,21256.58,29056.65,36703.59,42888.92,49458.66,62961.54,80199.27,4
2024-01-13,42843.00,17839.16,21284.57,29094.92,36744.51,42934.40,49505.87,63021.64,80275.82,4
2024-01-14,41715.00,17853.93,21312.26,29132.77,36787.13,42967.36,49547.53,63074.68,80343.38,4
2024-01-15,42493.00,17868.74,21341.18,29172.31,36831.49,43001.45,49589.64,63128.29,80411.66,4
2024-01-16,43131.00,17885.55,21372.95,29215.73,36881.04,43055.17,49643.30,63196.60,80498.67,5
2024-01-17,42738.00,17902.16,21404.39,29258.71,36929.93,43113.37,49695.85,63263.49,80583.89,4
2024-01-18,41283.00,17918.87,21435.57,29301.32,36978.64,43174.35,49749.38,63331.64,80670.69,4
2024-01-19,41628.00,17934.46,21467.51,29344.99,37028.27,43224.20,49796.73,63391.92,80747.47,4
2024-01-20,41673.00,17944.54,21483.31,29366.59,37058.64,43264.69,49825.66,63428.74,80794.37,4
2024-01-21,41560.00,17956.49,21504.70,29395.82,37096.55,43306.79,49862.57,63475.72,80854.22,4
2024-01-22,39528.00,17967.07,21524.85,29423.37,37131.33,43335.08,49890.84,63511.72,80900.07,4
2024-01-23,39868.00,17978.08,21545.52,29451.63,37164.13,43369.72,49921.44,63550.67,80949.68,4
2024-01-24,40074.00,17989.46,21566.82,29480.74,37198.52,43404.83,49954.07,63592.21,81002.60,4
2024-01-25,39916.00,18001.02,21588.37,29510.20,37233.79,43442.65,49988.06,63635.47,81057.71,4
2024-01-26,41818.00,18014.46,21610.89,29540.98,37266.74,43500.91,50032.05,63691.48,81129.04,4
2024-01-27,42124.00,18029.95,21635.87,29575.12,37298.41,43576.25,50087.87,63762.54,81219.57,4
2024-01-28,42026.00,18044.88,21656.21,29602.93,37319.80,43663.14,50139.73,63828.55,81303.65,4
2024-01-29,43305.00,18059.69,21674.70,29628.20,37336.49,43751.12,50191.31,63894.21,81387.29,4
2024-01-30,42946.00,18073.93,21692.13,29652.03,37351.49,43832.36,50239.33,63955.35,81465.16,4
2024-01-31,42558.00,18087.83,21708.83,29674.86,37365.31,43909.16,50285.52,64014.15,81540.06,4
2024-02-01,43071.00,18101.71,21725.91,29698.21,37378.35,43983.78,50330.70,64071.67,81613.32,4
2024-02-02,43183.00,18114.93,21741.96,29720.15,37391.38,44049.16,50372.00,64124.25,81680.30,4
2024-02-03,42994.00,18127.25,21757.50,29741.39,37403.34,44101.07,50405.02,64166.28,81733.84,4
2024-02-04,42570.00,18139.09,21771.31,29760.26,37412.70,44144.71,50435.38,64204.92,81783.06,4
2024-02-05,42659.00,18151.99,21786.16,29780.56,37425.08,44199.55,50471.66,64251.11,81841.90,4
2024-02-06,43092.00,18166.63,21802.66,29803.12,37441.23,44270.80,50518.20,64310.35,81917.36,4
2024-02-07,44346.00,18182.37,21820.86,29828.00,37459.17,44349.84,50570.62,64377.08,82002.36,4
2024-02-08,45300.00,18199.19,21840.19,29854.42,37479.04,44437.37,50628.47,64450.73,82096.17,5
2024-02-09,47161.00,18218.92,21863.31,29886.02,37503.34,44551.72,50702.10,64544.46,82215.56,5
2024-02-10,47770.00,18239.07,21885.07,29915.77,37528.04,44677.86,50779.58,64643.10,82341.20,5
2024-02-11,48313.00,18266.40,21915.87,29957.87,37561.58,44850.05,50890.23,64783.95,82520.62,5
2024-02-12,49937.00,18296.66,21948.69,30002.74,37595.79,45027.71,51005.62,64930.85,82707.73,5
2024-02-13,49720.00,18328.23,21982.09,30048.39,37628.35,45200.77,51119.22,65075.46,82891.93,5
2024-02-14,51844.00,18359.68,22015.19,30093.64,37660.26,45371.74,51230.95,65217.69,83073.11,6
2024-02-15,51942.00,18391.71,22048.26,30138.84,37692.82,45544.61,51343.17,65360.55,83255.08,6
2024-02-16,52161.00,18427.37,22085.91,30190.30,37727.23,45705.26,51454.86,65502.73,83436.19,6
2024-02-17,51664.00,18463.48,22122.91,30240.88,37761.46,45861.89,51564.47,65642.27,83613.93,6
2024-02-18,52130.00,18494.30,22152.21,30280.93,37787.20,45983.14,51644.33,65743.94,83743.43,6
2024-02-19,51789.00,18524.18,22181.85,30321.46,37815.98,46101.97,51725.97,65847.87,83875.82,6
2024-02-20,52275.00,18554.40,22211.68,30362.23,37843.39,46218.97,51809.00,65953.56,84010.45,6
2024-02-21,51843.00,18584.84,22241.47,30402.95,37871.04,46335.82,51892.56,66059.94,84145.95,5
2024-02-22,51253.00,18614.23,22270.64,30442.83,37898.51,46451.69,51973.21,66162.60,84276.71,5
2024-02-23,50743.00,18644.42,22295.69,30477.07,37926.01,46581.78,52069.41,66270.15,84413.72,5
2024-02-24,51562.00,18686.57,22328.70,30522.19,37963.97,46757.52,52224.70,66416.36,84599.95,5
2024-02-25,51722.00,18771.94,22391.06,30626.74,38011.68,47087.50,52566.27,66703.43,84965.61,5
2024-02-26,54524.00,18865.74,22460.36,30747.43,38057.26,47445.17,52945.69,67013.15,85360.13,6
2024-02-27,57068.00,18973.93,22547.45,30898.23,38138.33,47847.57,53379.45,67368.64,85812.95,6
2024-02-28,62512.00,19082.63,22635.30,31052.22,38222.15,48258.59,53826.66,67727.94,86270.62,6
2024-02-29,61161.00,19192.99,22725.39,31213.37,38311.06,48675.84,54289.33,68097.60,86741.49,6
2024-03-01,62444.00,19312.89,22828.44,31407.51,38435.21,49150.55,54818.79,68517.36,87276.17,6
2024-03-02,62042.00,19442.94,22945.76,31604.87,38588.15,49631.67,55355.77,68955.63,87834.43,6
2024-03-03,63142.00,19574.09,23079.93,31775.18,38812.60,50017.71,55843.74,69392.78,88391.26,6
2024-03-04,68359.00,19714.92,23226.40,31943.73,39072.75,50395.39,56358.16,69862.36,88989.40,6
2024-03-05,63796.00,19856.54,23372.34,32108.37,39332.30,50747.69,56881.53,70335.66,89603.88,6
2024-03-06,66120.00,20001.87,23522.74,32278.18,39598.20,51093.91,57412.10,70819.21,90245.49,6
2024-03-07,66941.00,20150.52,23678.11,32449.85,39870.36,51437.55,57952.34,71320.68,90912.93,6
2024-03-08,68285.00,20310.40,23843.47,32627.82,40148.80,51738.69,58509.96,71888.42,91665.19,6
2024-03-09,68463.00,20460.91,24005.95,32813.81,40413.28,51997.25,59064.73,72476.63,92443.78,6
2024-03-10,69026.00,20622.42,24204.43,33057.61,40682.30,52244.68,59718.91,73214.52,93413.86,6
2024-03-11,72118.00,20773.27,24390.44,33299.41,40936.59,52465.29,60330.86,73923.55,94347.32,6
2024-03-12,71473.00,20911.08,24561.82,33520.33,41164.08,52657.27,60891.74,74597.38,95224.43,6
2024-03-13,73121.00,21043.04,24728.07,33731.85,41385.05,52839.02,61428.00,75252.03,96063.05,6
2024-03-14,71371.00,21177.72,24895.47,33947.74,41606.31,53016.71,61957.71,75900.95,96891.42,6
2024-03-15,69516.00,21287.37,25038.99,34123.52,41786.62,53150.38,62388.18,76428.30,97564.62,6
2024-03-16,65248.00,21375.25,25157.12,34264.39,41944.68,53251.78,62724.54,76840.36,98090.62,6
2024-03-17,68352.00,21414.21,25198.94,34326.84,42021.18,53291.67,62855.00,77000.18,98294.65,6
2024-03-18,67613.00,21445.16,25233.82,34376.45,42081.77,53318.13,62962.60,77131.99,98462.90,6
2024-03-19,61897.00,21475.31,25268.60,34424.78,42146.10,53353.34,63073.00,77277.99,98649.28,5
2024-03-20,67872.00,21533.90,25330.79,34518.70,42256.66,53418.93,63235.06,77476.51,98902.70,6
2024-03-21,65485.00,21587.26,25387.93,34604.24,42359.03,53478.46,63388.11,77664.01,99142.06,6
2024-03-22,63807.00,21671.20,25470.77,34738.79,42478.96,53589.84,63624.93,77954.12,99512.40,6
2024-03-23,64001.00,21764.06,25561.28,34887.65,42603.97,53718.30,63898.42,78289.16,99940.09,6
2024-03-24,67188.00,21851.28,25647.28,35027.46,42728.33,53851.64,64152.65,78600.60,100337.66,6
2024-03-25,69898.00,21948.28,25741.53,35182.94,42858.57,54015.63,64431.49,78942.19,100773.72,6
2024-03-26,69997.00,22042.77,25832.98,35334.42,42980.89,54174.06,64693.68,79257.96,101176.82,6
2024-03-27,69421.00,22110.56,25898.42,35443.08,43056.84,54307.62,64907.63,79534.50,101529.83,6
2024-03-28,70803.00,22177.50,25963.18,35550.39,43132.00,54445.13,65115.31,79809.96,101881.47,6
2024-03-29,69903.00,22226.65,26019.71,35629.17,43207.73,54570.49,65276.13,80008.05,102134.35,6
2024-03-30,69613.00,22281.19,26083.60,35716.60,43282.94,54710.99,65438.33,80206.76,102388.00,6
2024-03-31,71285.00,22335.70,26148.43,35803.98,43357.14,54850.70,65592.89,80396.10,102629.71,6
2024-04-01,69699.00,22381.10,26205.95,35876.76,43420.84,54972.40,65719.51,80561.56,102840.93,6
2024-04-02,65469.00,22424.76,26261.23,35946.74,43483.42,55089.41,65838.79,80718.01,103040.65,5
2024-04-03,65988.00,22470.54,26318.97,36020.12,43546.41,55211.59,65961.32,80880.02,103247.46,6
2024-04-04,68538.00,22515.28,26375.13,36091.84,43608.23,55330.48,66080.83,81035.85,103446.38,6
2024-04-05,67857.00,22550.48,26418.98,36148.28,43650.01,55426.87,66158.36,81178.73,103628.78,6
2024-04-06,68917.00,22579.49,26453.75,36194.77,43687.62,55506.38,66227.60,81314.48,103802.07,6
2024-04-07,69358.00,22608.16,26487.96,36240.74,43724.96,55585.18,66290.78,81453.68,103979.76,6
2024-04-08,71613.00,22634.93,26519.38,36283.65,43761.48,55659.20,66347.68,81579.70,104140.64,6
2024-04-09,69135.00,22660.74,26549.48,36325.02,43798.92,55730.78,66405.22,81701.32,104295.89,6
2024-04-10,70630.00,22680.70,26571.30,36357.02,43835.24,55788.09,66454.84,81798.01,104419.32,6
2024-04-11,70015.00,22700.90,26593.52,36389.39,43871.67,55846.57,66505.60,81894.79,104542.86,6
2024-04-12,67150.00,22713.01,26604.34,36408.80,43907.35,55883.91,66545.30,81952.52,104616.55,6
2024-04-13,64054.00,22726.23,26616.98,36430.00,43946.09,55919.45,66589.11,82005.75,104684.51,5
2024-04-14,65749.00,22733.22,26620.88,36441.20,43984.26,55937.54,66624.66,82027.75,104712.59,5
2024-04-15,63438.00,22742.07,26627.70,36455.38,44026.03,55961.83,66669.75,82053.55,104745.53,5
2024-04-16,63830.00,22754.29,26639.43,36474.97,44068.12,55995.58,66719.96,82090.01,104792.07,5
2024-04-17,61278.00,22769.03,26654.70,36498.61,44109.71,56036.42,66771.52,82139.00,104854.61,5
2024-04-18,63515.00,22782.47,26668.05,36520.14,44150.45,56073.93,66819.99,82184.21,104912.32,5
2024-04-19,63821.00,22800.42,26687.73,36548.92,44190.38,56124.56,66873.04,82250.82,104997.36,5
2024-04-20,64990.00,22816.69,26704.77,36575.01,44225.89,56174.57,66919.10,82321.54,105087.62,5
2024-04-21,64950.00,22849.80,26745.94,36628.08,44265.77,56272.01,66994.86,82439.89,105238.71,5
2024-04-22,66855.00,22879.93,26782.68,36676.39,44301.76,56360.49,67060.04,82554.47,105384.98,5
2024-04-23,66421.00,22905.74,26813.16,36717.75,44336.60,56438.70,67118.98,82659.17,105518.63,5
2024-04-24,64259.00,22932.13,26844.59,36760.06,44373.17,56517.25,67182.13,82762.76,105650.86,5
2024-04-25,64493.00,22960.46,26878.85,36805.47,44410.62,56602.85,67251.36,82870.51,105788.41,5
2024-04-26,63745.00,22987.27,26911.03,36848.45,44448.78,56683.69,67320.78,82971.12,105916.85,5
2024-04-27,63429.00,23012.06,26940.50,36888.19,44488.33,56759.42,67389.91,83058.71,106028.66,5
2024-04-28,63098.00,23017.59,26942.42,36897.04,44523.54,56782.28,67426.39,83087.04,106064.83,5
2024-04-29,63832.00,23020.89,26943.10,36902.33,44558.53,56800.02,67460.51,83102.30,106084.32,5
2024-04-30,60632.00,23027.85,26948.57,36913.49,44593.98,56826.16,67498.64,83133.95,106124.72,5
2024-05-01,58256.00,23034.86,26954.76,36924.73,44627.72,56853.12,67534.25,83169.49,106170.08,5
2024-05-02,59099.00,23039.59,26958.96,36932.31,44660.19,56873.06,67564.00,83201.09,106210.42,5
2024-05-03,62915.00,23043.66,26962.86,36938.85,44692.84,56890.78,67593.00,83230.87,106248.44,5
2024-05-04,63899.00,23047.89,26968.62,36945.62,44722.79,56909.80,67619.56,83266.92,106294.46,5
2024-05-05,64021.00,23058.12,26983.51,36962.02,44752.34,56945.87,67653.60,83334.31,106380.49,5
2024-05-06,63164.00,23071.56,27001.16,36983.56,44781.47,56992.26,67692.58,83424.66,106495.82,5
2024-05-07,62320.00,23080.38,27015.04,36997.71,44809.08,57028.60,67724.51,83491.20,106580.76,5
2024-05-08,61181.00,23088.62,27028.45,37010.90,44836.88,57064.69,67755.83,83552.97,106659.62,5
2024-05-09,63075.00,23097.48,27042.48,37025.12,44866.18,57102.31,67789.68,83614.69,106738.41,5
2024-05-10,60793.00,23107.08,27056.97,37040.50,44894.61,57142.78,67822.73,83679.53,106821.17,5
2024-05-11,60816.00,23117.82,27072.47,37057.72,44924.33,57185.31,67857.76,83748.12,106908.73,5
2024-05-12,61462.00,23139.07,27097.36,37091.79,44964.82,57247.92,67918.66,83858.53,107049.67,5
2024-05-13,62934.00,23160.97,27122.87,37126.89,45006.16,57310.23,67979.17,83962.85,107182.85,5
2024-05-14,61543.00,23188.80,27153.20,37171.49,45048.99,57386.89,68048.56,84088.95,107343.82,5
2024-05-15,66242.00,23216.82,27183.76,37216.42,45091.93,57462.90,68117.88,84217.56,107508.00,5
2024-05-16,65252.00,23244.92,27214.36,37261.46,45134.18,57538.49,68185.44,84346.19,107672.20,5
2024-05-17,67053.00,23279.49,27250.21,37316.87,45177.95,57630.67,68262.76,84500.74,107869.49,5
2024-05-18,66930.00,23320.09,27290.96,37381.95,45223.66,57738.82,68349.20,84678.79,108096.79,5
2024-05-19,66275.00,23352.11,27324.34,37433.29,45261.80,57830.64,68419.03,84819.95,108276.98,5
2024-05-20,71401.00,23384.31,27358.06,37484.90,45301.61,57924.00,68493.77,84960.85,108456.84,6
2024-05-21,70136.00,23414.81,27390.53,37533.80,45342.91,58011.83,68567.89,85095.19,108628.34,6
2024-05-22,69118.00,23445.66,27423.27,37583.25,45385.82,58100.47,68642.88,85233.84,108805.33,6
2024-05-23,67945.00,23477.15,27456.62,37633.72,45430.24,58191.55,68721.73,85373.48,108983.59,5
2024-05-24,68548.00,23504.07,27486.43,37676.87,45476.98,58269.68,68797.08,85494.41,109137.96,5
2024-05-25,69275.00,23566.48,27616.56,37776.91,45674.06,58393.27,69079.95,85648.01,109334.04,6
2024-05-26,68489.00,23626.66,27743.35,37873.39,45868.26,58512.09,69358.51,85796.41,109523.48,5
2024-05-27,69392.00,23685.47,27868.18,37967.66,46061.46,58626.24,69637.95,85942.56,109710.05,5
2024-05-28,68327.00,23742.53,27990.29,38059.12,46252.68,58737.61,69916.84,86084.97,109891.84,5
2024-05-29,67564.00,23799.17,28110.44,38149.92,46442.58,58847.85,70202.47,86225.83,110071.65,5
2024-05-30,68338.00,23855.12,28228.44,38239.61,46631.07,58957.03,70491.57,86369.89,110255.55,5
2024-05-31,67477.00,23912.68,28348.48,38331.87,46819.07,59071.84,70793.32,86521.52,110449.12,5
2024-06-01,67723.00,23933.64,28366.58,38365.47,46855.54,59138.35,70897.51,86634.54,110593.39,5
2024-06-02,67752.00,23958.72,28388.80,38405.68,46893.60,59214.75,71014.76,86763.07,110757.47,5
2024-06-03,68801.00,23991.49,28419.31,38458.21,46935.11,59310.81,71153.58,86914.19,110950.39,5
2024-06-04,70564.00,24026.21,28451.63,38513.86,46977.19,59411.32,71298.72,87070.78,111150.28,5
2024-06-05,71119.00,24061.34,28484.60,38570.17,47019.83,59512.57,71440.80,87223.94,111345.79,5
2024-06-06,70775.00,24096.50,28517.54,38626.53,47062.52,59612.48,71576.70,87377.01,111541.19,5
2024-06-07,69326.00,24127.70,28545.18,38676.54,47102.17,59700.90,71693.59,87513.55,111715.50,5
2024-06-08,69306.00,24158.99,28580.82,38726.70,47152.56,59781.51,71801.81,87631.24,111865.73,5
2024-06-09,69640.00,24187.75,28614.48,38772.81,47202.63,59859.36,71905.17,87738.38,112002.51,5
2024-06-10,69501.00,24207.32,28637.70,38804.17,47247.72,59915.05,71981.82,87814.58,112099.78,5
2024-06-11,67306.00,24224.18,28658.63,38831.20,47292.24,59965.16,72051.42,87879.34,112182.45,5
2024-06-12,68243.00,24240.89,28680.36,38857.99,47337.77,60017.13,72122.55,87941.89,112262.30,5
2024-06-13,66733.00,24257.03,28701.22,38883.87,47382.43,60072.04,72198.73,87999.54,112335.89,5
2024-06-14,65996.00,24272.52,28722.40,38908.69,47427.99,60127.67,72277.18,88052.42,112403.39,5
2024-06-15,66182.00,24281.51,28729.88,38923.10,47461.27,60174.49,72341.41,88097.46,112460.89,5
2024-06-16,66622.00,24288.98,28734.99,38935.07,47492.59,60214.79,72397.34,88153.43,112532.34,5
2024-06-17,66475.00,24296.20,28740.15,38946.65,47524.07,60253.58,72449.32,88209.84,112604.34,5
2024-06-18,65145.00,24304.89,28747.32,38960.58,47556.61,60295.24,72503.30,88293.55,112711.20,5
2024-06-19,64946.00,24321.13,28770.29,38986.62,47602.81,60352.45,72584.08,88393.32,112838.57,5
2024-06-20,64845.00,24336.28,28792.66,39010.90,47649.10,60402.94,72656.73,88486.74,112957.83,5
2024-06-21,64102.00,24345.47,28811.97,39025.64,47697.00,60437.02,72710.58,88546.77,113034.46,5
2024-06-22,64233.00,24355.49,28832.12,39041.70,47744.92,60472.85,72768.16,88612.54,113118.41,5
2024-06-23,63154.00,24362.95,28851.29,39053.64,47793.90,60501.03,72819.67,88656.90,113175.04,5
2024-06-24,60252.00,24376.24,28882.87,39074.96,47853.59,60542.26,72881.86,88714.12,113248.09,4
2024-06-25,61789.00,24386.62,28911.85,39091.60,47912.48,60575.30,72931.39,88734.42,113274.00,5
2024-06-26,60807.00,24388.52,28922.80,39094.63,47955.12,60589.66,72951.27,88736.89,113277.16,5
2024-06-27,61622.00,24391.96,28935.00,39100.16,47997.76,60609.04,72977.74,88747.76,113291.03,5
2024-06-28,60315.00,24402.33,28950.61,39116.77,48037.91,60646.29,73024.00,88795.42,113351.87,4
2024-06-29,60879.00,24411.54,28965.06,39131.53,48077.69,60680.66,73064.19,88835.76,113403.36,5
2024-06-30,62676.00,24423.93,28984.94,39151.40,48121.50,60718.39,73101.04,88871.13,113448.52,5
2024-07-01,62829.00,24429.00,28993.01,39159.52,48156.39,60739.27,73108.83,88869.87,113446.91,5
2024-07-02,62033.00,24434.75,29008.22,39168.75,48200.18,60761.65,73096.91,88848.26,113419.32,5
2024-07-03,60142.00,24440.79,29023.92,39178.43,48244.12,60784.63,73086.71,88828.53,113394.13,4
2024-07-04,57045.00,24444.86,29038.58,39184.96,48288.16,60804.22,73064.44,88798.57,113355.88,4
2024-07-05,56632.00,24443.31,29048.27,39182.47,48330.83,60807.75,73020.08,88746.11,113288.92,4
2024-07-06,58251.00,24444.60,29062.87,39184.53,48376.93,60817.15,72980.51,88701.63,113232.14,4
2024-07-07,55829.00,24444.63,29074.55,39184.58,48420.12,60826.23,72949.33,88667.50,113188.57,4
2024-07-08,56710.00,24445.35,29084.81,39185.74,48460.60,60836.06,72934.15,88653.46,113170.65,4
2024-07-09,58033.00,24447.05,29088.87,39188.46,48491.44,60849.45,72946.47,88671.89,113194.17,4
2024-07-10,57733.00,24449.44,29093.41,39192.30,48522.27,60864.45,72960.03,88692.64,113220.66,4
2024-07-11,57348.00,24454.29,29099.89,39200.08,48553.50,60882.46,72986.27,88725.07,113262.07,4
2024-07-12,57889.00,24470.44,29116.09,39225.96,48586.70,60930.38,73057.65,88804.99,113364.08,4
2024-07-13,59226.00,24490.68,29133.34,39258.41,48617.48,60990.69,73154.78,88910.32,113498.55,4
2024-07-14,60823.00,24512.11,29150.47,39292.75,48647.30,61056.21,73249.77,89011.62,113627.86,4
2024-07-15,64769.00,24537.00,29172.51,39332.65,48680.77,61131.44,73356.90,89125.48,113773.21,5
2024-07-16,65081.00,24570.63,29205.70,39386.55,48721.03,61228.05,73493.15,89270.44,113958.25,5
2024-07-17,64091.00,24604.76,29239.21,39441.28,48761.84,61325.02,73630.73,89417.50,114145.98,5
2024-07-18,63964.00,24639.35,29272.38,39496.73,48802.29,61428.04,73775.39,89566.39,114336.05,5
2024-07-19,66705.00,24669.19,29301.29,39544.55,48842.16,61517.74,73900.16,89694.11,114499.09,5
2024-07-20,67155.00,24701.54,29342.83,39596.41,48897.00,61604.48,74004.83,89802.26,114637.15,5
2024-07-21,68158.00,24732.33,29382.92,39645.77,48951.64,61687.16,74107.40,89909.25,114773.72,5
2024-07-22,67562.00,24762.81,29423.29,39694.62,49007.11,61768.81,74208.90,90014.46,114908.03,5
2024-07-23,65944.00,24788.97,29455.66,39736.55,49056.20,61840.57,74303.83,90110.93,115031.18,5
2024-07-24,65376.00,24815.87,29489.68,39779.68,49106.81,61913.57,74399.59,90208.72,115156.01,5
2024-07-25,65796.00,24841.87,29523.34,39821.36,49157.94,61979.10,74484.95,90301.41,115274.34,5
2024-07-26,67921.00,24866.74,29557.91,39861.22,49211.51,62042.72,74566.31,90389.92,115387.33,5
2024-07-27,67892.00,24882.86,29583.63,39887.06,49262.24,62099.70,74642.82,90469.01,115488.29,5
2024-07-28,68264.00,24897.56,29607.86,39910.62,49312.37,62152.48,74716.16,90545.33,115585.71,5
2024-07-29,66780.00,24913.52,29632.26,39936.22,49361.32,62206.71,74791.94,90624.63,115686.94,5
2024-07-30,66171.00,24920.47,29649.96,39949.05,49410.21,62235.69,74824.36,90656.26,115727.32,5
2024-07-31,64612.00,24924.58,29665.18,39958.43,49458.13,62256.83,74844.01,90673.88,115749.82,5
2024-08-01,65293.00,24925.89,29678.57,39965.44,49505.70,62270.46,74848.17,90674.23,115750.26,5
2024-08-02,61421.00,24915.20,29684.04,39967.57,49556.29,62257.82,74767.18,90583.50,115634.44,4
2024-08-03,60672.00,24903.61,29678.18,39968.27,49593.17,62256.43,74665.75,90475.58,115496.68,4
2024-08-04,58142.00,24894.29,29673.84,39972.62,49631.65,62300.42,74549.02,90351.58,115338.39,4
2024-08-05,54014.00,24884.58,29670.25,39976.35,49667.76,62416.16,74440.41,90236.63,115191.64,4
2024-08-06,56053.00,24880.65,29671.86,39987.66,49704.16,62581.54,74357.09,90146.04,115076.00,4
2024-08-07,55136.00,24880.85,29678.97,40004.53,49742.98,62771.75,74276.71,90064.01,114971.29,4
2024-08-08,61699.00,24881.92,29685.54,40020.66,49780.84,62969.93,74199.14,89985.33,114870.85,4
2024-08-09,60860.00,24893.55,29696.88,40039.36,49812.45,63195.83,74197.17,89987.17,114873.19,4
2024-08-10,60952.00,24906.52,29710.42,40060.23,49844.76,63456.34,74194.55,89983.31,114868.27,4
2024-08-11,58725.00,24917.20,29720.62,40077.41,49874.49,63688.44,74186.59,89972.00,114853.83,4
2024-08-12,59362.00,24924.42,29724.67,40089.03,49903.98,63896.75,74131.10,89907.74,114771.79,4
2024-08-13,60620.00,24929.92,29725.95,40097.87,49932.28,64104.84,74054.46,89823.70,114664.52,4
2024-08-14,58697.00,24931.31,29721.03,40100.11,49956.72,64303.63,73973.95,89729.63,114544.43,4
2024-08-15,57557.00,24933.26,29717.06,40103.24,49981.23,64504.60,73899.51,89640.82,114431.07,4
2024-08-16,58883.00,24935.29,29713.24,40106.51,50005.82,64704.35,73826.26,89553.07,114319.05,4
2024-08-17,59487.00,24936.85,29708.59,40109.02,50030.31,64864.77,73758.11,89473.55,114217.54,4
2024-08-18,58430.00,24941.10,29708.44,40115.86,50055.91,65015.91,73717.13,89423.55,114153.70,4
2024-08-19,59497.00,24946.15,29709.75,40123.98,50081.47,65112.60,73700.35,89400.03,114123.68,4
2024-08-20,59012.00,24954.44,29716.48,40137.31,50108.42,65181.24,73718.40,89414.17,114141.73,4
2024-08-21,61159.00,24964.06,29725.39,40152.79,50136.06,65240.02,73751.22,89445.06,114181.17,4
2024-08-22,60383.00,24974.00,29734.81,40168.77,50163.93,65294.74,73789.28,89482.11,114228.46,4
2024-08-23,64085.00,24983.77,29743.96,40184.48,50191.65,65344.36,73826.88,89520.70,114277.72,4
2024-08-24,64174.00,24992.66,29751.96,40198.79,50222.77,65374.49,73827.95,89516.18,114271.95,4
2024-08-25,64262.00,24999.43,29760.09,40209.66,50253.13,65397.37,73804.03,89483.59,114230.35,4
2024-08-26,62852.00,25012.83,29775.13,40231.23,50292.43,65432.34,73777.27,89448.08,114185.02,4
2024-08-27,59427.00,25022.85,29786.82,40247.34,50330.13,65455.65,73720.43,89381.60,114100.16,4
2024-08-28,59033.00,25032.46,29799.28,40262.80,50368.36,65476.59,73650.58,89301.25,113997.58,4
2024-08-29,59365.00,25041.21,29813.45,40276.87,50406.02,65493.49,73569.07,89210.38,113881.59,4
2024-08-30,59113.00,25049.43,29828.86,40290.09,50442.81,65509.03,73486.99,89117.41,113762.90,4
2024-08-31,58967.00,25058.12,29848.68,40304.08,50476.31,65528.43,73403.27,89022.72,113642.02,4
2024-09-01,57310.00,25068.32,29868.91,40320.48,50510.54,65552.17,73334.14,88945.38,113543.30,4
2024-09-02,59133.00,25070.52,29883.63,40324.01,50535.42,65558.90,73254.38,88856.59,113429.96,4
2024-09-03,57493.00,25072.05,29899.11,40326.47,50561.60,65562.22,73151.20,88740.15,113279.44,4
2024-09-04,57956.00,25072.36,29913.56,40326.98,50586.04,65562.80,73045.50,88625.19,113123.57,4
2024-09-05,56158.00,25072.93,29927.82,40327.89,50610.16,65564.32,72943.90,88517.56,112971.73,4
2024-09-06,53955.00,25075.83,29943.16,40332.56,50636.08,65572.39,72849.24,88424.34,112829.80,4
2024-09-07,54147.00,25079.89,29958.76,40339.08,50662.47,65583.40,72796.69,88386.85,112748.37,4
2024-09-08,54866.00,25083.01,29973.87,40344.10,50688.02,65591.75,72739.04,88351.12,112659.28,4
2024-09-09,57059.00,25087.55,29989.04,40351.41,50713.69,65604.62,72696.88,88337.85,112594.49,4
2024-09-10,57659.00,25097.14,30005.14,40366.83,50740.91,65634.54,72705.81,88386.01,112606.48,4
2024-09-11,57342.00,25107.27,30021.66,40383.12,50768.85,65665.63,72717.79,88437.24,112624.74,4
2024-09-12,58139.00,25117.90,30038.76,40400.22,50797.75,65697.80,72730.72,88489.27,112644.97,4
2024-09-13,60545.00,25127.33,30056.07,40415.39,50827.02,65724.08,72731.42,88529.11,112657.26,4
2024-09-14,60012.00,25137.78,30073.03,40432.19,50855.72,65755.44,72750.54,88581.53,112693.69,4
2024-09-15,59130.00,25150.99,30090.96,40453.45,50886.03,65795.76,72793.07,88650.90,112758.68,4
2024-09-16,58212.00,25166.00,30109.47,40477.58,50917.33,65842.28,72854.16,88730.94,112847.33,4
2024-09-17,60316.00,25180.43,30127.95,40500.79,50948.58,65887.64,72912.76,88805.69,112928.50,4
2024-09-18,61757.00,25195.65,30146.72,40525.28,50980.33,65935.86,72978.75,88885.05,113018.53,4
2024-09-19,62940.00,25211.22,30165.52,40550.31,51012.12,65985.69,73050.51,88968.45,113116.19,4
2024-09-20,63211.00,25228.49,30184.41,40578.10,51044.06,66043.74,73139.94,89068.41,113228.51,4
2024-09-21,63364.00,25245.97,30203.49,40606.22,51076.32,66101.75,73231.61,89170.11,113346.84,4
2024-09-22,63563.00,25263.57,30222.77,40634.52,51108.94,66160.48,73317.55,89272.47,113460.63,4
2024-09-23,63325.00,25282.70,30243.52,40665.28,51144.03,66222.59,73401.50,89375.75,113571.81,4
2024-09-24,64260.00,25300.29,30263.48,40693.58,51177.78,66280.14,73484.96,89473.28,113683.98,4
2024-09-25,63147.00,25318.38,30283.69,40722.68,51211.95,66339.06,73574.13,89573.85,113805.29,4
2024-09-26,65175.00,25336.44,30303.95,40751.72,51246.21,66398.00,73663.14,89674.21,113925.97,4
2024-09-27,65781.00,25351.89,30323.74,40776.57,51279.68,66447.57,73733.59,89754.82,114021.57,4
2024-09-28,65876.00,25364.65,30343.02,40797.09,51312.29,66487.62,73776.71,89814.64,114078.25,4
2024-09-29,65601.00,25374.35,30361.14,40812.70,51342.93,66517.76,73805.20,89856.39,114117.74,4
2024-09-30,63302.00,25380.29,30377.57,40822.26,51370.72,66537.09,73812.04,89880.26,114131.82,4
2024-10-01,60807.00,25385.67,30393.85,40830.91,51398.24,66553.70,73810.01,89897.32,114131.37,4
2024-10-02,60634.00,25389.80,30409.64,40837.55,51424.94,66566.24,73797.18,89905.93,114115.68,4
2024-10-03,60745.00,25394.02,30425.30,40844.34,51451.42,66579.10,73785.91,89915.96,114102.39,4
2024-10-04,62081.00,25398.56,30440.63,40851.63,51477.35,66595.06,73784.50,89933.36,114102.74,4
2024-10-05,62063.00,25429.74,30468.65,40901.79,51524.74,66684.90,73854.37,90086.99,114262.68,4
2024-10-06,62814.00,25461.78,30497.52,40953.32,51573.55,66766.93,73920.50,90241.25,114425.91,4
2024-10-07,62212.00,25493.26,30526.48,41003.96,51622.52,66839.10,73981.19,90389.69,114583.20,4
2024-10-08,62133.00,25531.58,30558.81,41065.60,51677.20,66929.33,74059.68,90573.52,114778.22,4
2024-10-09,60582.00,25571.66,30591.90,41130.06,51733.16,67026.91,74145.92,90769.58,114984.18,4
2024-10-10,60278.00,25612.28,30625.51,41195.40,51789.99,67125.22,74231.25,90965.01,115190.27,4
2024-10-11,62452.00,25655.59,30659.85,41265.05,51848.06,67240.92,74337.29,91176.23,115416.08,4
2024-10-12,63194.00,25681.15,30685.51,41306.16,51891.45,67316.18,74420.50,91294.59,115547.51,4
2024-10-13,62849.00,25708.96,30711.07,41350.89,51934.68,67419.54,74534.77,91434.57,115702.43,4
2024-10-14,66070.00,25739.66,30737.32,41400.27,51979.08,67542.24,74670.41,91595.66,115880.02,4
2024-10-15,67061.00,25765.22,30761.17,41441.07,52019.40,67653.62,74797.39,91729.79,116028.91,4
2024-10-16,67622.00,25791.22,30785.88,41482.49,52061.20,67763.54,74922.21,91859.10,116175.79,4
2024-10-17,67392.00,25825.41,30813.16,41533.09,52107.32,67892.04,75067.00,92021.03,116358.00,4
2024-10-18,68420.00,25865.59,30843.31,41590.83,52158.32,68023.97,75212.86,92205.35,116561.42,5
2024-10-19,68359.00,25900.66,30870.22,41638.77,52203.82,68135.05,75335.66,92368.46,116734.46,5
2024-10-20,69011.00,25934.08,30896.98,41683.96,52249.08,68226.77,75437.06,92517.16,116892.66,5
2024-10-21,67340.00,25968.23,30923.05,41727.98,52293.15,68318.44,75539.43,92665.93,117050.14,4
2024-10-22,67382.00,25999.99,30948.53,41769.07,52336.25,68398.67,75624.28,92802.27,117194.53,4
2024-10-23,66601.00,26030.52,30972.86,41807.60,52377.39,68474.99,75705.36,92936.53,117334.47,4
2024-10-24,68155.00,26053.16,30994.53,41836.62,52414.03,68533.03,75766.80,93040.17,117441.38,4
2024-10-25,66578.00,26072.07,31013.30,41858.48,52445.77,68581.52,75827.73,93125.76,117531.50,4
2024-10-26,67003.00,26100.45,31034.06,41892.25,52480.89,68646.04,75933.20,93245.46,117660.40,4
2024-10-27,67938.00,26132.28,31055.76,41931.64,52517.58,68721.08,76055.26,93378.86,117803.43,4
2024-10-28,69918.00,26162.28,31078.35,41970.43,52555.78,68791.25,76168.34,93504.82,117939.84,5
2024-10-29,72729.00,26194.62,31101.73,42012.35,52595.32,68869.94,76291.09,93640.73,118087.41,5
2024-10-30,72331.00,26227.11,31125.64,42055.18,52635.75,68949.38,76411.92,93801.16,118268.18,5
2024-10-31,70231.00,26259.12,31149.70,42098.03,52676.44,69060.70,76567.01,94004.05,118446.15,5
2024-11-01,69490.00,26288.35,31174.38,42140.06,52718.17,69166.39,76709.02,94197.37,118613.22,5
2024-11-02,69330.00,26308.03,31197.76,42171.60,52757.71,69254.99,76806.63,94355.65,118741.54,5
2024-11-03,68738.00,26345.18,31239.15,42231.16,52813.70,69395.69,77011.85,94589.03,118950.68,4
2024-11-04,67818.00,26390.39,31286.34,42303.62,52871.15,69551.50,77253.54,94854.29,119192.69,4
2024-11-05,69386.00,26441.92,31340.58,42386.22,52931.59,69726.90,77528.59,95151.73,119464.91,4
2024-11-06,75637.00,26495.01,31393.98,42471.33,52991.93,69908.57,77817.57,95434.37,119711.47,5
2024-11-07,75921.00,26558.66,31455.61,42573.35,53056.01,70084.74,78125.19,95721.07,120021.61,5
2024-11-08,76561.00,26652.76,31545.63,42724.20,53128.35,70319.74,78576.16,96124.94,120528.34,5
2024-11-09,76722.00,26771.70,31661.76,42914.86,53211.96,70608.90,79137.72,96626.12,121187.13,5
2024-11-10,80425.00,26898.29,31787.78,43117.79,53290.68,70883.72,79703.22,97151.29,121918.67,6
2024-11-11,88770.00,27037.85,31935.35,43341.50,53386.54,71169.64,80316.05,97741.04,122727.82,6
2024-11-12,88031.00,27189.63,32100.66,43584.80,53495.21,71455.57,80978.08,98395.25,123608.19,6
2024-11-13,90521.00,27344.80,32270.04,43833.54,53607.04,71741.25,81655.35,99069.01,124509.91,6
2024-11-14,87333.00,27492.10,32432.34,44069.66,53718.35,72006.50,82323.90,99747.26,125361.47,6
2024-11-15,91070.00,27618.13,32574.86,44271.69,53825.31,72208.92,82889.61,100355.10,126068.88,6
2024-11-16,90608.00,27746.12,32719.47,44476.84,53933.58,72362.38,83442.79,100984.05,126758.16,6
2024-11-17,89861.00,27869.55,32861.22,44674.70,54059.71,72477.29,83969.84,101619.29,127423.20,6
2024-11-18,90512.00,28037.67,33067.90,44944.21,54268.92,72555.98,84671.38,102488.46,128392.01,6
2024-11-19,92424.00,28215.11,33290.13,45228.65,54510.84,72588.61,85365.16,103397.55,129432.04,6
2024-11-20,94373.00,28404.22,33529.87,45530.46,54782.87,72617.49,86071.08,104353.59,130541.64,6
2024-11-21,98451.00,28600.36,33778.78,45842.09,55068.26,72666.59,86753.43,105309.57,131705.14,6
2024-11-22,99013.00,28795.07,34028.34,46149.56,55364.50,72697.85,87418.36,106241.27,132847.09,6
2024-11-23,97775.00,28970.94,34259.40,46424.71,55663.65,72728.60,88013.76,107075.61,133884.48,6
2024-11-24,98007.00,29139.14,34483.06,46683.75,55961.76,72771.08,88550.44,107855.12,134859.16,6
2024-11-25,93035.00,29251.10,34624.39,46850.70,56174.08,72833.61,88857.12,108334.73,135458.85,6
2024-11-26,91928.00,29347.10,34740.08,46989.24,56361.47,72935.74,89112.86,108751.60,135980.09,6
2024-11-27,95978.00,29428.34,34836.25,47106.01,56517.50,73044.26,89337.45,109105.47,136422.57,6
2024-11-28,95661.00,29503.57,34925.31,47214.83,56661.98,73135.63,89551.29,109426.04,136823.40,6
2024-11-29,97512.00,29583.45,35019.86,47329.82,56815.38,73260.57,89770.47,109762.27,137243.81,6
2024-11-30,96441.00,29668.05,35120.01,47451.11,56977.86,73392.38,89996.51,110113.32,137682.76,6
2024-12-01,97291.00,29758.58,35227.17,47580.55,57151.72,73531.84,90225.31,110501.41,138168.00,6
2024-12-02,95859.00,29885.06,35376.90,47757.27,57394.63,73708.41,90531.38,111018.42,138814.46,6
2024-12-03,95926.00,30041.69,35562.31,47973.58,57695.44,73914.63,90905.22,111634.06,139584.24,6
2024-12-04,98773.00,30200.36,35750.14,48192.63,58000.17,74121.74,91282.23,112276.79,140387.90,6
2024-12-05,97057.00,30359.48,35938.51,48412.31,58305.77,74329.19,91659.75,112923.75,141196.84,6
2024-12-06,99898.00,30542.64,36155.32,48667.71,58657.53,74558.56,92054.49,113674.47,142135.51,6
2024-12-07,99929.00,30730.78,36378.04,48934.23,59018.85,74794.49,92418.83,114466.06,143125.30,6
2024-12-08,101204.00,30919.39,36601.30,49206.36,59381.07,75030.46,92765.95,115242.05,144095.58,6
2024-12-09,97468.00,31068.66,36778.00,49427.59,59667.74,75244.79,93017.86,115892.58,144908.98,6
2024-12-10,96648.00,31185.97,36916.87,49609.04,59893.05,75427.79,93188.15,116410.50,145556.57,6
2024-12-11,101201.00,31302.89,37055.27,49789.72,60117.58,75610.70,93356.83,116908.93,146179.80,6
2024-12-12,100068.00,31425.22,37200.08,49978.81,60352.52,75800.51,93526.35,117423.36,146823.03,6
2024-12-13,101435.00,31536.00,37331.23,50155.00,60565.28,75997.27,93667.96,117896.66,147414.83,6
2024-12-14,101382.00,31657.87,37475.49,50348.82,60799.33,76229.13,93822.72,118398.27,148042.04,6
2024-12-15,104427.00,31766.39,37603.95,50521.41,61007.75,76462.79,93976.51,118837.14,148590.78,6
2024-12-16,106073.00,31899.23,37761.20,50732.68,61262.87,76733.24,94154.52,119328.06,149204.62,6
2024-12-17,106187.00,32036.95,37924.23,50951.71,61527.36,77025.27,94342.31,119824.96,149825.92,6
2024-12-18,100153.00,32170.92,38082.81,51164.77,61784.64,77306.39,94527.25,120310.08,150432.51,6
2024-12-19,97375.00,32295.75,38230.59,51363.30,62024.38,77573.15,94710.20,120764.61,151000.84,6
2024-12-20,97760.00,32440.46,38401.90,51593.46,62302.31,77874.15,94898.55,121251.99,151610.25,6
2024-12-21,97211.00,32573.55,38559.44,51805.12,62557.90,78163.96,95094.11,121677.76,152142.61,6
2024-12-22,95098.00,32698.09,38706.86,52003.19,62797.09,78425.37,95270.82,122098.43,152668.62,5
2024-12-23,94750.00,32793.84,38820.21,52155.47,62980.98,78627.66,95423.31,122432.19,153085.93,5
2024-12-24,98596.00,32878.30,38920.19,52289.80,63143.19,78810.71,95570.11,122727.44,153455.11,6
2024-12-25,99374.00,32963.74,39021.34,52425.68,63307.28,78996.03,95717.75,123017.36,153817.62,6
2024-12-26,95687.00,33052.18,39126.02,52566.33,63477.11,79194.35,95874.95,123305.02,154177.31,5
2024-12-27,94168.00,33108.06,39192.18,52655.21,63584.45,79348.12,96028.38,123474.50,154389.22,5
2024-12-28,95139.00,33154.01,39246.57,52728.29,63672.70,79483.17,96174.66,123612.54,154561.82,5
2024-12-29,93557.00,33205.58,39307.61,52810.30,63771.72,79636.71,96331.61,123745.54,154728.11,5
2024-12-30,92628.00,33261.75,39374.11,52899.64,63879.61,79795.09,96488.37,123910.18,154933.98,5
2024-12-31,93381.00,33315.71,39437.99,52985.46,63983.24,79937.36,96631.47,124078.92,155144.96,5
2025-01-01,94388.00,33369.79,39502.00,53071.46,64087.09,80078.36,96773.40,124256.59,155367.12,5
2025-01-02,96907.00,33420.89,39562.50,53152.74,64185.24,80202.73,96902.23,124434.36,155589.39,6
2025-01-03,98133.00,33468.45,39618.80,53228.38,64276.58,80305.63,97014.18,124632.71,155837.41,6
2025-01-04,98209.00,33514.19,39672.93,53301.11,64364.41,80404.92,97116.56,124839.31,156095.74,6
2025-01-05,98327.00,33553.11,39719.00,53363.01,64439.16,80486.78,97206.07,125034.61,156339.94,6
2025-01-06,102280.00,33582.04,39753.26,53409.03,64494.73,80553.32,97294.45,125191.23,156535.77,6
2025-01-07,96946.00,33610.30,39786.71,53453.97,64549.00,80621.05,97386.11,125343.33,156725.95,5
2025-01-08,95065.00,33637.24,39818.60,53496.81,64600.73,80686.82,97485.54,125493.36,156913.54,5
2025-01-09,92542.00,33663.64,39849.85,53538.81,64651.44,80751.77,97584.33,125637.99,157094.39,5
2025-01-10,94702.00,33680.29,39869.56,53565.28,64683.41,80802.16,97679.91,125744.13,157227.10,5
2025-01-11,94568.00,33694.75,39886.68,53588.28,64711.18,80833.17,97766.36,125845.44,157353.78,5
2025-01-12,94497.00,33720.40,39917.04,53629.08,64760.45,80885.19,97859.63,125986.15,157529.71,5
2025-01-13,94505.00,33761.40,39965.57,53694.28,64839.19,80959.88,97949.12,126186.93,157780.76,5
2025-01-14,96523.00,33813.32,40027.04,53776.86,64938.90,81051.94,98034.51,126429.31,158083.83,5
2025-01-15,100512.00,33871.91,40096.40,53870.04,65051.43,81158.67,98111.54,126679.02,158396.06,6
2025-01-16,99975.00,33932.76,40168.43,53966.82,65168.29,81272.20,98186.39,126931.88,158712.23,6
2025-01-17,104119.00,34000.88,40249.06,54075.15,65299.11,81400.31,98259.26,127204.26,159052.81,6
2025-01-18,104436.00,34079.60,40342.24,54200.34,65450.29,81549.49,98327.75,127507.96,159432.55,6
2025-01-19,101237.00,34158.85,40436.06,54326.38,65602.49,81704.79,98402.55,127813.88,159815.06,6
2025-01-20,102141.00,34255.71,40550.73,54474.45,65788.52,81941.90,98486.11,128124.96,160204.02,6
2025-01-21,106149.00,34343.16,40654.24,54603.47,65956.47,82162.85,98571.20,128399.94,160547.86,6
2025-01-22,103632.00,34425.98,40752.28,54723.21,66115.52,82372.43,98663.48,128668.33,160883.45,6
2025-01-23,103933.00,34506.26,40847.32,54838.17,66269.71,82575.29,98762.31,128933.35,161214.81,6
2025-01-24,104855.00,34584.53,40939.97,54962.64,66420.02,82773.96,98849.16,129186.53,161531.39,6
2025-01-25,104738.00,34649.80,41017.23,55064.51,66545.36,82950.18,98939.19,129392.97,161789.52,6
2025-01-26,102573.00,34706.33,41084.15,55150.67,66653.93,83100.98,99055.31,129603.88,162053.23,6
2025-01-27,102090.00,34738.92,41122.73,55199.85,66716.52,83159.28,99161.62,129784.43,162278.98,6
2025-01-28,101292.00,34768.81,41158.11,55245.56,66773.93,83213.57,99268.80,129957.59,162495.50,6
2025-01-29,103747.00,34796.08,41190.40,55288.53,66826.31,83264.45,99370.12,130118.18,162696.30,6
2025-01-30,104738.00,34822.07,41221.15,55330.06,66876.21,83314.40,99466.74,130270.98,162887.35,6
2025-01-31,102412.00,34849.53,41253.67,55372.78,66928.96,83366.93,99564.90,130430.47,163086.77,6
2025-02-01,100638.00,34881.48,41291.48,55415.45,66990.31,83435.71,99619.26,130596.02,163293.78,6
2025-02-02,97675.00,34918.46,41335.26,55458.65,67061.33,83529.41,99640.92,130714.82,163442.32,5
2025-02-03,101457.00,34954.67,41378.13,55499.93,67130.88,83631.99,99665.19,130808.99,163560.07,6
2025-02-04,97786.00,34988.91,41418.65,55540.69,67196.63,83732.00,99683.29,130890.85,163662.42,5
2025-02-05,96614.00,35023.79,41459.94,55582.73,67263.62,83832.09,99706.14,130985.17,163780.36,5
2025-02-06,96573.00,35066.92,41511.01,55630.54,67346.46,83963.81,99732.40,131091.30,163913.06,5
2025-02-07,96535.00,35103.29,41554.06,55673.44,67416.31,84083.29,99767.95,131177.05,164020.28,5
2025-02-08,96472.00,35134.23,41590.69,55713.26,67475.73,84194.32,99849.56,131246.16,164106.69,5
2025-02-09,96477.00,35158.97,41619.97,55751.38,67523.23,84279.80,99926.35,131323.64,164203.57,5
2025-02-10,97469.00,35177.71,41642.15,55785.36,67559.23,84346.74,99999.71,131393.68,164291.14,5
2025-02-11,95754.00,35197.53,41665.62,55820.54,67597.30,84415.52,100079.58,131469.93,164386.48,5
2025-02-12,97882.00,35218.11,41689.98,55856.39,67636.82,84484.84,100161.32,131542.94,164477.78,5
2025-02-13,96627.00,35230.19,41704.27,55887.12,67660.01,84520.12,100239.93,131605.47,164555.96,5
2025-02-14,97520.00,35239.83,41715.69,55918.36,67678.54,84550.55,100319.81,131661.93,164626.56,5
2025-02-15,97591.00,35247.71,41725.02,55950.04,67693.67,84568.78,100398.37,131723.45,164703.49,5
2025-02-16,96132.00,35254.06,41732.54,55980.21,67705.86,84583.30,100477.76,131780.64,164774.99,5
2025-02-17,95772.00,35263.27,41743.43,56013.86,67723.54,84601.56,100561.80,131853.04,164865.52,5
2025-02-18,95612.00,35270.53,41752.03,56044.70,67737.50,84616.88,100641.02,131913.94,164941.67,5
2025-02-19,96642.00,35278.86,41761.89,56076.44,67753.49,84634.09,100715.15,131977.26,165020.84,5
2025-02-20,98337.00,35288.45,41773.25,56109.62,67771.91,84653.27,100792.24,132047.35,165108.48,5
2025-02-21,96131.00,35296.00,41782.18,56121.62,67786.40,84671.70,100868.68,132106.45,165182.37,5
2025-02-22,96572.00,35299.81,41786.69,56128.00,67793.73,84696.00,100942.01,132122.83,165202.86,5
2025-02-23,96262.00,35292.06,41777.51,56116.17,67778.84,84708.25,101014.83,132070.23,165137.09,5
2025-02-24,91554.00,35281.63,41765.17,56101.35,67758.80,84717.09,101085.04,132001.47,165051.11,5
2025-02-25,88576.00,35267.90,41748.92,56082.16,67732.44,84717.69,101152.91,131921.39,164950.99,5
2025-02-26,84071.00,35250.16,41727.91,56058.15,67698.36,84711.86,101220.14,131822.04,164826.76,4
2025-02-27,84639.00,35240.16,41716.08,56046.11,67679.16,84723.94,101286.24,131749.62,164736.21,4
2025-02-28,84321.00,35226.56,41699.99,56024.49,67653.05,84723.56,101351.02,131652.95,164615.33,4
2025-03-01,86033.00,35214.89,41686.17,56005.93,67630.64,84716.62,101416.10,131600.08,164549.23,5
2025-03-02,94273.00,35216.59,41688.18,56008.63,67633.90,84726.93,101479.70,131621.20,164575.63,5
2025-03-03,86160.00,35224.24,41697.24,56020.80,67648.60,84749.99,101535.07,131654.26,164616.97,5
2025-03-04,87240.00,35232.10,41706.54,56033.30,67663.69,84774.17,101586.55,131680.45,164649.71,5
2025-03-05,90611.00,35240.43,41716.40,56046.54,67679.68,84798.89,101637.94,131712.04,164689.22,5
2025-03-06,89918.00,35237.33,41712.73,56041.61,67673.73,84798.22,101683.71,131698.20,164671.91,5
2025-03-07,86759.00,35235.77,41710.88,56039.13,67670.73,84799.87,101724.12,131681.05,164650.47,5
2025-03-08,86192.00,35238.25,41713.82,56043.07,67675.49,84807.53,101762.48,131664.27,164629.49,5
2025-03-09,80708.00,35240.51,41716.49,56046.66,67679.83,84815.33,101879.68,131712.10,164689.29,4
2025-03-10,78561.00,35233.55,41708.25,56035.60,67666.47,84802.45,102046.39,131772.59,164764.93,4
2025-03-11,82869.00,35231.62,41705.96,56032.52,67662.75,84799.08,102240.35,131873.84,164891.52,4
2025-03-12,83620.00,35230.17,41704.25,56030.22,67659.98,84797.54,102476.18,132010.67,165062.62,4
2025-03-13,81079.00,35231.08,41705.33,56031.66,67661.72,84801.28,102721.67,132162.45,165252.40,4
2025-03-14,83975.00,35235.56,41710.64,56038.80,67670.33,84814.25,102971.81,132348.22,165484.68,4
2025-03-15,84347.00,35235.74,41710.84,56039.08,67670.67,84816.09,103235.37,132527.20,165708.47,4
2025-03-16,82555.00,35237.39,41712.80,56041.71,67673.85,84820.62,103429.62,132650.67,165862.85,4
2025-03-17,84058.00,35242.30,41718.61,56049.50,67683.26,84831.91,103582.65,132745.09,165980.91,4
2025-03-18,82715.00,35242.96,41719.39,56050.56,67684.54,84834.02,103719.02,132811.33,166063.74,4
2025-03-19,86868.00,35244.68,41721.43,56053.30,67687.84,84838.28,103815.93,132843.15,166103.52,5
2025-03-20,84158.00,35248.07,41725.45,56058.69,67694.36,84851.77,103906.99,132878.80,166148.10,4
2025-03-21,84061.00,35254.91,41733.54,56069.57,67707.50,84876.64,104028.63,132944.97,166230.83,4
2025-03-22,83823.00,35263.30,41743.48,56082.92,67723.61,84911.02,104168.48,133031.56,166339.11,4
2025-03-23,86084.00,35267.70,41748.68,56089.91,67732.05,84943.45,104300.58,133095.45,166418.99,5
2025-03-24,87512.00,35272.21,41754.02,56097.09,67740.72,84982.35,104435.10,133169.36,166511.41,5
2025-03-25,87436.00,35283.02,41766.81,56114.27,67761.47,85033.28,104568.84,133239.51,166599.13,5
2025-03-26,86913.00,35290.68,41775.88,56126.45,67776.18,85085.86,104698.75,133301.21,166676.27,5
2025-03-27,87219.00,35295.55,41781.65,56134.21,67785.55,85135.40,104828.28,133351.06,166738.60,5
2025-03-28,84379.00,35295.51,41781.60,56134.14,67785.47,85179.32,104928.63,133361.37,166751.50,4
2025-03-29,82608.00,35294.55,41780.46,56132.61,67783.62,85221.81,105004.39,133350.71,166738.17,4
2025-03-30,82359.00,35293.56,41779.29,56131.03,67781.71,85262.28,105074.43,133327.23,166708.81,4
2025-03-31,82538.00,35299.44,41786.26,56140.39,67793.02,85303.00,105152.28,133293.00,166666.01,4
2025-04-01,85170.00,35302.03,41789.32,56144.50,67797.98,85342.80,105225.60,133267.61,166634.26,4
2025-04-02,82502.00,35306.60,41794.73,56151.77,67806.76,85384.89,105303.55,133251.39,166613.98,4
2025-04-03,83132.00,35309.98,41798.73,56157.15,67813.25,85425.53,105382.36,133227.02,166583.50,4
2025-04-04,83851.00,35316.07,41805.93,56166.83,67824.94,85465.25,105460.25,133187.18,166533.70,4
2025-04-05,83507.00,35317.09,41807.15,56168.46,67826.91,85499.15,105534.26,133121.21,166451.21,4
2025-04-06,78342.00,35323.65,41814.91,56178.89,67839.50,85539.12,105622.86,133087.32,166408.83,4
2025-04-07,79127.00,35322.20,41813.20,56176.59,67836.72,85574.48,105719.03,133045.84,166356.96,4
2025-04-08,76244.00,35321.02,41811.80,56174.71,67834.46,85608.80,105825.36,133001.35,166301.34,4
2025-04-09,82595.00,35321.77,41812.69,56175.90,67835.90,85644.45,105937.48,132965.63,166256.66,4
2025-04-10,79543.00,35326.85,41818.70,56183.98,67845.66,85684.00,106049.95,132945.11,166231.02,4
2025-04-11,83384.00,35333.80,41826.93,56195.03,67859.00,85728.55,106168.39,132960.50,166250.26,4
2025-04-12,85274.00,35337.98,41831.88,56204.36,67867.03,85771.57,106310.91,132968.32,166260.03,4
2025-04-13,83712.00,35337.26,41831.03,56206.71,67865.65,85808.57,106467.62,132954.72,166243.03,4
2025-04-14,84583.00,35319.25,41809.71,56187.09,67831.06,85832.99,106618.64,132883.39,166153.84,4
2025-04-15,83686.00,35299.87,41786.76,56166.54,67793.84,85857.55,106759.56,132818.74,166073.00,4
2025-04-16,84046.00,35278.13,41761.03,56143.70,67752.08,85880.04,106885.76,132739.75,165974.24,4
2025-04-17,84954.00,35255.39,41734.11,56120.55,67708.42,85902.32,107009.22,132660.20,165874.77,4
2025-04-18,84468.00,35234.03,41708.83,56099.92,67667.40,85926.41,107129.85,132584.49,165780.10,4
2025-04-19,85069.00,35233.31,41707.97,56107.48,67666.01,85973.58,107229.89,132594.45,165792.55,4
2025-04-20,85198.00,35251.25,41729.20,56140.01,67700.46,86042.05,107310.66,132679.25,165898.59,4
2025-04-21,87505.00,35295.20,41781.24,56207.40,67784.87,86136.06,107388.97,132848.84,166110.63,5
2025-04-22,93481.00,35360.79,41858.87,56303.33,67910.83,86252.62,107486.15,133058.43,166372.71,5
2025-04-23,93730.00,35429.08,41939.72,56402.94,68041.99,86373.66,107588.39,133264.15,166629.93,5
2025-04-24,94010.00,35498.19,42021.53,56503.77,68174.72,86496.38,107692.18,133469.41,166886.58,5
2025-04-25,94726.00,35571.47,42108.27,56610.05,68315.45,86624.62,107806.13,133685.15,167156.34,5
2025-04-26,94662.00,35640.28,42189.73,56710.18,68447.60,86743.09,107929.69,133858.88,167373.56,5
2025-04-27,93769.00,35693.52,42252.75,56789.57,68549.85,86845.35,108054.36,133972.78,167515.99,5
2025-04-28,95041.00,35746.33,42315.27,56868.46,68651.27,86947.06,108177.78,134099.55,167674.50,5
2025-04-29,94285.00,35785.35,42361.45,56929.21,68726.20,87035.60,108293.72,134205.87,167807.43,5
2025-04-30,94181.00,35824.46,42407.75,56990.17,68801.32,87125.31,108406.97,134323.87,167954.97,5
2025-05-01,96535.00,35861.88,42452.06,57048.92,68873.19,87213.34,108519.30,134438.48,168098.29,5
2025-05-02,96925.00,35902.18,42499.76,57111.06,68950.59,87299.76,108648.86,134544.18,168230.45,5
2025-05-03,95916.00,35944.44,42549.79,57176.19,69031.75,87390.71,108784.59,134655.98,168370.24,5
2025-05-04,94316.00,35988.74,42602.22,57244.43,69116.81,87483.90,108923.51,134772.44,168515.86,5
2025-05-05,94725.00,36039.88,42662.77,57324.36,69215.05,87584.01,109065.95,134911.86,168690.18,5
2025-05-06,96814.00,36095.42,42728.50,57412.08,69321.70,87688.75,109211.93,135062.93,168879.08,5
2025-05-07,97054.00,36152.41,42795.97,57501.24,69431.16,87914.70,109358.48,135203.33,169054.63,5
2025-05-08,103261.00,36213.05,42867.75,57594.52,69547.61,88152.17,109508.25,135364.31,169255.91,5
2025-05-09,102991.00,36270.73,42936.03,57685.13,69658.38,88389.49,109636.39,135536.73,169471.50,5
2025-05-10,104809.00,36335.58,43012.80,57788.27,69782.93,88749.78,109766.33,135729.94,169713.09,5
2025-05-11,104129.00,36400.46,43089.61,57891.46,69907.54,89138.15,109891.54,135927.56,169960.19,5
2025-05-12,102796.00,36465.06,43166.08,57994.20,70031.61,89534.75,110023.99,136104.68,170181.66,5
2025-05-13,104135.00,36524.28,43236.18,58088.39,70145.34,89925.41,110149.35,136258.85,170374.43,5
2025-05-14,103531.00,36581.49,43303.90,58179.37,70255.21,90187.83,110274.65,136417.07,170572.26,5
2025-05-15,103793.00,36639.99,43373.15,58272.41,70367.56,90445.94,110400.20,136572.31,170766.37,5
2025-05-16,103506.00,36704.41,43449.41,58374.86,70491.27,90730.06,110538.36,136735.87,170970.88,5
2025-05-17,103153.00,36764.58,43520.63,58470.55,70606.83,90903.20,110670.53,136885.84,171158.40,5
2025-05-18,106520.00,36836.27,43605.50,58584.58,70744.52,91068.60,110816.27,137055.54,171370.58,5
2025-05-19,105622.00,36911.44,43694.49,58704.13,70888.89,91231.50,110951.22,137271.28,171640.34,5
2025-05-20,106855.00,36986.77,43783.66,58823.93,71033.56,91397.82,111089.18,137507.43,171935.61,5
2025-05-21,109682.00,37063.05,43873.95,58945.24,71180.05,91565.65,111227.95,137758.09,172249.04,5
2025-05-22,111743.00,37138.36,43963.10,59065.02,71324.68,91727.85,111368.91,138006.19,172559.25,6
2025-05-23,107329.00,37215.06,44053.90,59187.00,71471.99,91881.02,111511.60,138264.62,172882.38,5
2025-05-24,107799.00,37296.11,44149.84,59315.90,71627.63,92038.12,111655.07,138561.11,173253.10,5
2025-05-25,109068.00,37367.86,44234.77,59430.01,71765.43,92183.41,111786.60,138847.33,173610.99,5
2025-05-26,109468.00,37430.48,44308.90,59529.60,71885.70,92322.73,111925.00,139070.13,173889.58,5
2025-05-27,108980.00,37490.22,44379.62,59624.61,72000.42,92454.91,112059.05,139277.88,174149.34,5
2025-05-28,107811.00,37547.64,44447.59,59715.93,72110.70,92583.62,112191.93,139472.55,174392.75,5
2025-05-29,105578.00,37603.22,44513.39,59804.33,72217.45,92708.46,112321.00,139671.81,174641.90,5
2025-05-30,104034.00,37664.03,44585.37,59901.04,72334.23,92831.71,112436.09,139923.27,174956.32,5
2025-05-31,104646.00,37721.93,44653.91,59993.12,72445.43,92944.23,112541.23,140188.58,175288.06,5
2025-06-01,105705.00,37780.35,44723.07,60086.04,72557.63,93055.87,112655.60,140447.65,175611.99,5
2025-06-02,105905.00,37828.10,44779.59,60161.98,72649.33,93147.60,112755.62,140689.42,175914.29,5
2025-06-03,105454.00,37875.67,44835.91,60237.64,72740.70,93237.27,112853.70,140930.85,176216.17,5
2025-06-04,104745.00,37926.12,44895.63,60317.88,72837.59,93331.76,112954.01,141183.07,176531.53,5
2025-06-05,101559.00,37977.72,44956.71,60399.94,72936.69,93427.93,113054.98,141428.08,176837.89,5
2025-06-06,104393.00,38017.60,45003.92,60463.37,73013.28,93507.39,113151.82,141619.43,177077.16,5
2025-06-07,105619.00,38053.15,45046.00,60519.91,73081.55,93584.03,113251.26,141775.10,177271.79,5
2025-06-08,105792.00,38084.79,45083.45,60570.22,73142.31,93650.05,113339.56,141927.20,177461.98,5
2025-06-09,110307.00,38118.73,45123.64,60624.21,73207.50,93718.59,113428.34,142087.22,177662.06,5
2025-06-10,110292.00,38159.30,45171.66,60688.72,73285.41,93800.48,113528.33,142256.17,177873.31,5
2025-06-11,108678.00,38197.02,45216.31,60748.72,73357.85,93878.07,113625.96,142430.12,178090.82,5
2025-06-12,105731.00,38233.93,45260.00,60807.42,73428.74,93955.42,113723.47,142601.65,178305.29,5
2025-06-13,106118.00,38274.43,45307.95,60871.83,73506.52,94043.56,113827.44,142775.58,178522.77,5
2025-06-14,105464.00,38304.63,45343.69,60919.86,73564.52,94119.69,113926.10,142906.53,178686.51,5
2025-06-15,105617.00,38334.06,45378.53,60966.67,73621.04,94196.59,114024.80,143030.23,178841.18,5
2025-06-16,106829.00,38365.99,45416.33,61017.44,73682.36,94275.77,114123.87,143157.10,178999.81,5
2025-06-17,104584.00,38388.86,45443.40,61053.82,73726.29,94339.56,114211.90,143259.47,179127.81,5
2025-06-18,104922.00,38412.12,45470.94,61090.81,73770.96,94405.27,114301.94,143342.40,179231.51,5
2025-06-19,104688.00,38434.82,45497.81,61126.91,73814.55,94474.21,114396.67,143417.92,179325.93,5
2025-06-20,103316.00,38453.56,45519.99,61156.71,73850.53,94537.91,114488.30,143479.35,179402.75,5
2025-06-21,102139.00,38480.61,45552.01,61199.73,73902.48,94612.14,114584.81,143564.59,179509.32,5
2025-06-22,101015.00,38512.35,45589.58,61250.21,73963.44,94692.24,114684.76,143664.28,179633.97,5
2025-06-23,105464.00,38554.13,45639.05,61316.67,74043.69,94793.01,114801.66,143780.85,179779.73,5
2025-06-24,106131.00,38608.10,45702.93,61402.49,74147.33,94918.10,114935.93,143924.29,179959.08,5
2025-06-25,107418.00,38662.31,45767.10,61488.71,74251.44,95042.46,115068.89,144073.24,180145.33,5
2025-06-26,107004.00,38718.51,45833.63,61578.09,74359.38,95166.45,115197.25,144238.55,180352.03,5
2025-06-27,107100.00,38780.75,45907.31,61677.09,74478.92,95305.78,115344.36,144403.24,180557.96,5
2025-06-28,107348.00,38837.74,45974.78,61767.72,74588.37,95438.30,115492.27,144546.95,180737.65,5
2025-06-29,108384.00,38892.89,46040.05,61855.43,74694.28,95566.62,115637.61,144689.28,180915.61,5
2025-06-30,107179.00,38945.45,46102.28,61939.03,74795.23,95685.87,115770.82,144843.12,181107.97,5
2025-07-01,105709.00,39026.11,46197.76,62055.83,75018.13,96047.22,116083.42,145016.41,181324.65,5
2025-07-02,108885.00,39106.65,46293.09,62172.50,75239.17,96407.11,116395.31,145192.07,181544.29,5
2025-07-03,109648.00,39185.86,46386.87,62286.52,75455.57,96762.68,116706.47,145362.23,181757.05,5
2025-07-04,108033.00,39260.52,46475.24,62413.26,75664.94,97106.40,117017.86,145519.28,181953.42,5
2025-07-05,108240.00,39342.74,46572.57,62543.79,75894.40,97465.92,117326.33,145692.45,182169.95,5
2025-07-06,109233.00,39434.08,46680.69,62675.21,76140.35,97844.09,117647.66,145882.25,182407.27,5
2025-07-07,108287.00,39528.67,46792.67,62801.43,76383.58,98223.44,117970.09,146100.17,182679.74,5
2025-07-08,108947.00,39603.35,46881.07,62888.10,76516.28,98372.09,118094.63,146362.46,183007.71,5
2025-07-09,111287.00,39687.53,46980.72,62980.90,76667.42,98539.54,118219.75,146643.17,183358.70,5
2025-07-10,116031.00,39775.48,47084.83,63077.99,76824.95,98714.55,118346.39,146937.73,183727.01,5
2025-07-11,117579.00,39879.72,47208.23,63187.91,76998.32,98908.39,118510.11,147319.81,184204.75,5
2025-07-12,117464.00,39986.32,47334.41,63297.49,77167.26,99100.11,118666.46,147731.20,184719.14,5
2025-07-13,119135.00,40122.19,47495.26,63455.06,77365.73,99331.65,118805.46,148298.12,185428.01,6
2025-07-14,119879.00,40273.29,47674.13,63641.04,77563.52,99592.77,118936.76,148912.95,186196.78,6
2025-07-15,117769.00,40413.91,47840.58,63828.36,77728.42,99832.22,119065.70,149479.03,186904.59,5
2025-07-16,118718.00,40551.61,48003.59,64019.62,77882.49,100067.52,119194.68,150035.35,187600.19,5
2025-07-17,119275.00,40686.04,48162.72,64209.09,78030.82,100297.66,119321.54,150581.73,188283.37,5
2025-07-18,118022.00,40805.91,48304.62,64367.16,78194.90,100508.93,119449.51,151072.56,188897.09,5
2025-07-19,117916.00,40932.32,48454.26,64544.33,78355.98,100734.43,119581.65,151578.99,189530.32,5
2025-07-20,117339.00,41026.41,48565.64,64680.22,78467.97,100915.62,119711.95,151918.20,189954.46,5
2025-07-21,117437.00,41099.00,48651.57,64787.54,78570.14,101074.30,119841.24,152169.90,190269.17,5
2025-07-22,120011.00,41173.82,48740.14,64897.47,78682.16,101245.40,119970.93,152408.25,190567.21,6
2025-07-23,118813.00,41243.91,48823.11,65001.27,78789.37,101405.02,120100.94,152643.05,190860.80,5
2025-07-24,118347.00,41315.14,48907.43,65106.64,78897.08,101579.91,120232.91,152879.88,191156.92,5
2025-07-25,117653.00,41381.48,48985.96,65205.43,78999.82,101762.88,120361.18,153082.84,191410.70,5
2025-07-26,117962.00,41440.03,49055.27,65293.95,79095.10,101932.55,120486.99,153256.39,191627.69,5
2025-07-27,119469.00,41493.47,49118.53,65375.72,79188.50,102094.33,120613.63,153427.16,191841.22,5
2025-07-28,118051.00,41542.02,49176.00,65451.32,79277.74,102232.69,120738.60,153589.01,192043.59,5
2025-07-29,117926.00,41576.72,49217.08,65508.82,79354.18,102337.68,120861.61,153722.95,192211.07,5
2025-07-30,117834.00,41609.01,49255.30,65563.07,79428.16,102437.97,120983.20,153858.60,192380.69,5
2025-07-31,115750.00,41642.08,49294.45,65618.19,79504.23,102523.34,121104.42,153989.71,192544.61,5
2025-08-01,113243.00,41672.79,49330.81,65670.28,79570.04,102604.82,121217.28,154121.13,192708.95,5
2025-08-02,112522.00,41695.35,49357.51,65711.54,79632.31,102674.44,121329.04,154227.01,192841.33,5
2025-08-03,114226.00,41711.12,49376.18,65743.98,79687.66,102729.54,121441.34,154312.99,192948.84,5
2025-08-04,115051.00,41734.66,49404.05,65786.55,79752.17,102804.36,121557.64,154418.92,193081.29,5
2025-08-05,114133.00,41764.46,49439.32,65837.48,79818.37,102886.33,121675.67,154544.57,193238.40,5
2025-08-06,115030.00,41795.24,49475.76,65889.79,79885.26,102969.85,121794.55,154667.46,193392.06,5
2025-08-07,117515.00,41825.19,49511.21,65941.13,79951.45,103053.40,121914.84,154796.32,193553.18,5
2025-08-08,116675.00,41855.96,49547.63,65993.62,80016.10,103130.46,122032.84,154935.12,193726.74,5
2025-08-09,116495.00,41893.27,49591.79,66055.00,80079.84,103212.45,122153.33,155127.63,193967.44,5
2025-08-10,119310.00,41941.69,49649.12,66131.19,80153.59,103312.65,122276.57,155379.26,194282.08,5
2025-08-11,118712.00,41985.18,49700.61,66200.87,80217.63,103406.89,122393.52,155630.71,194596.48,5
2025-08-12,120107.00,42026.75,49749.81,66268.00,80281.82,103501.85,122510.43,155906.83,194941.74,5
2025-08-13,123360.00,42088.10,49822.43,66360.52,80371.59,103607.05,122627.51,156202.64,195311.60,6
2025-08-14,118394.00,42146.89,49892.03,66449.64,80458.55,103707.57,122741.99,156486.10,195666.04,5
2025-08-15,117446.00,42200.66,49955.68,66532.05,80544.03,103829.90,122854.71,156744.82,195989.53,5
2025-08-16,117460.00,42249.32,50013.28,66607.48,80627.68,103938.11,122962.64,156945.62,196240.60,5
2025-08-17,117490.00,42288.69,50059.88,66670.36,80705.90,104027.69,123068.12,157088.39,196419.13,5
2025-08-18,116265.00,42323.03,50100.53,66726.57,80786.40,104100.39,123175.73,157192.70,196549.55,5
2025-08-19,112870.00,42365.83,50151.21,66793.92,80873.08,104183.46,123287.80,157296.49,196679.33,5
2025-08-20,114263.00,42389.29,50178.98,66836.36,80934.64,104255.69,123398.35,157382.03,196786.28,5
2025-08-21,112472.00,42411.26,50204.98,66876.72,80995.65,104325.05,123506.82,157463.67,196888.37,5
2025-08-22,116891.00,42432.40,50230.00,66915.78,81055.30,104388.33,123609.16,157534.70,196977.18,5
2025-08-23,115392.00,42451.68,50252.83,66952.45,81114.88,104452.70,123715.63,157616.59,197079.57,5
2025-08-24,113478.00,42468.99,50273.32,66986.49,81171.58,104514.38,123820.15,157705.95,197191.30,5
2025-08-25,110136.00,42493.42,50302.23,67030.01,81229.76,104585.71,123927.27,157824.95,197340.10,5
2025-08-26,111788.00,42530.01,50345.55,67088.55,81311.29,104654.25,124026.18,157893.92,197426.34,5
2025-08-27,111273.00,42566.15,50388.33,67146.35,81394.50,104723.30,124126.10,157963.81,197513.73,5
2025-08-28,112581.00,42602.18,50430.98,67203.89,81479.31,104792.57,124226.70,158036.78,197604.96,5
2025-08-29,108362.00,42641.89,50477.99,67266.38,81559.93,104855.28,124324.80,158134.69,197727.39,5
2025-08-30,108827.00,42681.12,50524.43,67328.26,81639.77,104919.45,124423.08,158232.79,197850.05,5
2025-08-31,108269.00,42720.59,50571.15,67390.48,81719.59,104981.60,124522.28,158319.10,197957.98,5
2025-09-01,109244.00,42757.54,50614.89,67449.23,81800.36,105049.08,124619.32,158406.94,198067.80,5
2025-09-02,111238.00,42783.24,50645.31,67493.87,81860.89,105115.28,124720.10,158533.69,198226.29,5
2025-09-03,111759.00,42808.65,50675.39,67538.16,81920.21,105181.32,124820.23,158660.30,198384.60,5
2025-09-04,110747.00,42836.54,50708.41,67585.82,81979.73,105251.32,124921.83,158789.01,198545.54,5
2025-09-05,110669.00,42865.38,50742.55,67634.75,82040.96,105302.74,125024.27,158919.56,198708.77,5
2025-09-06,110223.00,42893.50,50775.84,67682.66,82102.47,105353.87,125124.50,159051.72,198874.03,5
2025-09-07,111144.00,42926.01,50814.32,67736.44,82165.20,105408.67,125226.53,159206.82,199067.96,5
2025-09-08,112098.00,42960.43,50855.07,67792.89,82228.02,105456.55,125331.13,159367.15,199268.43,5
2025-09-09,111531.00,42986.73,50886.20,67838.94,82282.49,105497.02,125436.81,159524.45,199465.12,5
2025-09-10,113988.00,43015.41,50920.15,67888.22,82338.05,105542.77,125543.26,159687.40,199668.86,5
2025-09-11,115533.00,43043.42,50953.31,67936.72,82391.69,105588.71,125648.73,159852.44,199875.22,5
2025-09-12,116108.00,43073.56,50988.98,67987.97,82454.77,105631.95,125763.17,160013.22,200076.25,5
2025-09-13,115981.00,43108.46,51030.30,68045.60,82520.58,105672.59,125879.80,160186.20,200292.54,5
2025-09-14,115342.00,43145.38,51074.01,68105.71,82591.99,105711.18,125994.29,160348.95,200496.04,5
2025-09-15,115387.00,43181.23,51116.45,68164.47,82661.69,105743.31,126108.12,160513.75,200702.11,5
2025-09-16,116837.00,43222.60,51165.42,68230.14,82741.45,105783.88,126220.11,160671.52,200899.37,5
2025-09-17,116477.00,43262.96,51213.20,68294.50,82820.01,105815.15,126332.19,160821.96,201087.48,5
2025-09-18,117125.00,43303.93,51261.70,68359.64,82899.27,105847.19,126444.37,160970.62,201273.37,5
2025-09-19,115702.00,43336.66,51300.44,68413.93,82973.34,105872.85,126555.21,161095.43,201429.42,5
2025-09-20,115759.00,43368.02,51337.56,68466.17,83049.67,105900.70,126663.75,161200.97,201561.39,5
2025-09-21,115292.00,43397.91,51372.94,68516.48,83124.86,105943.54,126773.36,161306.46,201693.29,5
2025-09-22,112741.00,43424.10,51403.94,68561.51,83202.43,105996.38,126877.96,161374.38,201778.22,5
2025-09-23,112025.00,43442.50,51425.73,68596.39,83272.61,106037.63,126983.82,161423.60,201839.76,5
2025-09-24,113339.00,43459.16,51445.45,68628.84,83342.88,106095.63,127089.02,161471.59,201899.76,5
2025-09-25,109021.00,43476.43,51465.89,68661.99,83415.45,106158.02,127196.45,161524.99,201966.53,5
2025-09-26,109696.00,43502.45,51496.69,68706.84,83493.39,106229.45,127312.19,161614.03,202077.87,5
2025-09-27,109679.00,43532.99,51532.85,68757.75,83571.47,106310.67,127428.42,161721.08,202211.71,5
2025-09-28,112203.00,43586.16,51595.78,68838.72,83655.16,106402.40,127547.93,161892.16,202425.63,5
2025-09-29,114379.00,43652.59,51674.42,68937.64,83740.15,106484.28,127673.87,162120.40,202711.02,5
2025-09-30,114065.00,43732.77,51769.33,69055.11,83825.51,106576.37,127801.84,162413.66,203077.71,5
2025-10-01,118668.00,43819.96,51872.55,69182.08,83912.88,106672.84,127931.14,162730.43,203473.78,5
2025-10-02,120612.00,43910.32,51979.44,69313.39,84001.11,106778.33,128060.24,163058.38,203883.84,5
2025-10-03,122308.00,44004.62,52091.07,69450.02,84098.21,106886.03,128198.60,163412.19,204326.24,5
2025-10-04,122441.00,44111.80,52217.96,69603.30,84211.62,107003.42,128335.07,163770.97,204774.84,5
2025-10-05,123519.00,44203.91,52321.68,69736.69,84320.12,107113.80,128469.68,164096.34,205181.68,5
2025-10-06,124728.00,44292.62,52412.95,69865.37,84432.73,107235.00,128601.32,164390.43,205549.40,5
2025-10-07,121395.00,44357.83,52477.76,69962.67,84536.82,107339.52,128723.15,164578.89,205785.05,5
2025-10-08,123345.00,44413.48,52532.08,70047.02,84639.79,107424.60,128841.82,164716.66,205957.31,5
2025-10-09,121695.00,44466.47,52583.67,70127.73,84742.88,107499.68,128962.47,164842.33,206114.45,5
2025-10-10,112996.00,44510.20,52635.43,70196.11,84837.64,107566.96,129077.04,164922.72,206214.96,5
2025-10-11,110764.00,44542.51,52673.69,70249.38,84926.25,107600.86,129191.75,164971.79,206276.31,5
2025-10-12,115090.00,44585.18,52715.77,70315.66,85027.44,107645.16,129301.65,164974.74,206280.00,5
2025-10-13,115265.00,44608.61,52747.50,70356.41,85118.55,107675.81,129409.41,164918.71,206209.95,5
2025-10-14,113078.00,44641.43,52786.48,70409.40,85217.99,107716.54,129522.47,164878.49,206159.66,5
2025-10-15,110804.00,44677.17,52828.24,70466.23,85317.45,107764.84,129637.70,164856.96,206132.73,5
2025-10-16,108206.00,44710.93,52867.94,70520.36,85414.33,107810.47,129749.88,164826.76,206094.97,5
2025-10-17,106476.00,44744.96,52908.23,70574.75,85506.82,107860.11,129854.11,164795.73,206056.18,4
2025-10-18,107220.00,44769.14,52936.85,70616.46,85584.52,107932.99,129957.89,164756.62,206007.27,4
2025-10-19,108684.00,44780.33,52963.77,70641.16,85653.50,108008.81,130062.62,164705.91,205943.87,5
2025-10-20,110580.00,44803.12,53005.28,70680.97,85735.59,108109.62,130171.89,164692.49,205927.09,5
2025-10-21,108372.00,44825.24,53049.92,70720.04,85816.48,108227.66,130283.81,164692.95,205927.66,5
2025-10-22,107595.00,44848.16,53094.94,70760.28,85897.19,108367.96,130396.03,164701.35,205938.17,4
2025-10-23,110111.00,44876.36,53142.67,70807.48,85983.00,108516.28,130509.97,164721.33,205963.15,5
2025-10-24,111039.00,44909.87,53192.08,70861.64,86077.66,108665.49,130630.18,164747.66,205996.07,5
2025-10-25,111668.00,44954.46,53258.58,70930.24,86183.66,108809.76,130751.66,164791.74,206051.19,5
2025-10-26,114551.00,44994.57,53321.78,70993.01,86285.90,108934.36,130871.58,164841.69,206113.64,5
2025-10-27,114101.00,45040.14,53381.72,71063.11,86382.88,109036.98,130987.65,164891.04,206175.35,5
2025-10-28,112925.00,45085.44,53441.75,71132.84,86479.99,109122.43,131103.90,164944.21,206241.83,5
2025-10-29,110038.00,45133.04,53503.75,71205.48,86580.28,109198.12,131219.88,164994.91,206305.23,5
2025-10-30,108306.00,45175.33,53562.01,71271.15,86674.53,109265.95,131333.40,165034.04,206354.15,4
2025-10-31,109554.00,45211.60,53624.07,71328.51,86771.39,109325.86,131444.45,165040.66,206362.43,5
2025-11-01,110047.00,45226.62,53668.80,71357.60,86860.15,109364.55,131551.11,164974.83,206280.13,5
2025-11-02,110530.00,45234.84,53707.14,71377.72,86946.06,109496.66,131661.69,164916.22,206206.83,5
2025-11-03,106548.00,45229.18,53739.61,71379.45,87025.46,109616.71,131770.89,164825.91,206093.92,4
2025-11-04,101466.00,45243.55,53804.54,71406.74,87132.37,109744.36,131880.14,164718.13,205959.15,4
2025-11-05,103865.00,45255.25,53868.70,71430.42,87236.63,109856.02,131987.40,164600.09,205811.56,4
2025-11-06,101284.00,45267.22,53932.41,71454.36,87341.54,109972.04,132095.78,164486.63,205669.68,4
2025-11-07,103275.00,45283.69,53983.37,71484.50,87439.66,110083.14,132202.56,164407.31,205570.13,4
2025-11-08,102286.00,45308.99,54036.10,71526.61,87533.71,110197.93,132311.24,164393.64,205531.66,4
2025-11-09,104705.00,45333.70,54086.92,71567.97,87623.41,110207.82,132416.45,164375.22,205467.08,4
2025-11-10,105972.00,45356.15,54139.36,71606.12,87717.71,110228.90,132521.96,164365.88,205381.62,4
2025-11-11,103015.00,45341.50,54149.69,71594.48,87782.14,110213.44,132602.17,164328.91,205239.66,4
2025-11-12,101635.00,45325.67,54157.64,71581.15,87845.38,110209.14,132680.02,164296.56,205103.48,4
2025-11-13,99618.00,45306.69,54164.66,71562.81,87908.22,110195.49,132744.78,164251.06,204950.85,4
2025-11-14,94509.00,45276.55,54167.01,71526.51,87972.05,110166.04,132714.50,164165.97,204749.22,4
2025-11-15,95539.00,45251.28,54179.40,71493.71,88049.36,110128.91,132641.61,164091.36,204581.64,4
2025-11-16,94187.00,45219.91,54187.49,71450.85,88127.08,110073.34,132543.23,163997.31,204409.98,4
2025-11-17,92102.00,45185.74,54191.42,71401.09,88191.54,110002.82,132403.27,163887.24,204250.67,4
2025-11-18,92911.00,45147.37,54191.35,71350.46,88227.88,109923.99,132223.53,163750.77,204080.59,4
2025-11-19,91474.00,45149.07,54273.97,71403.48,88282.66,109690.15,131801.33,163621.48,203919.46,4
2025-11-20,86527.00,45226.87,54446.93,71562.67,88395.74,109547.08,131340.94,163520.22,203793.25,3
2025-11-21,85060.00,45311.84,54620.15,71731.16,88495.19,109423.13,130912.15,163445.63,203700.30,3
2025-11-22,84679.00,45392.51,54780.93,71891.52,88573.95,109306.18,130513.45,163343.52,203573.04,3
2025-11-23,86803.00,45492.56,54959.65,72078.50,88662.62,109229.41,130127.31,163285.74,203501.03,3
2025-11-24,88277.00,45600.63,55138.71,72275.93,88752.67,109160.77,129774.62,163260.12,203469.09,3
2025-11-25,87331.00,45726.46,55325.40,72489.00,88861.66,109114.07,129473.00,163295.69,203513.42,3
2025-11-26,90477.00,45810.87,55427.52,72595.22,88948.16,109204.48,129412.46,163321.83,203546.00,4
2025-11-27,91325.00,45819.73,55438.25,72593.60,88971.56,109198.15,129393.46,163321.60,203545.72,4
2025-11-28,90913.00,45828.00,55448.26,72584.46,88985.79,109177.31,129356.98,163297.64,203515.85,4
2025-11-29,90832.00,45835.26,55457.04,72575.09,89003.19,109158.25,129325.11,163281.66,203495.94,4
2025-11-30,90382.00,45834.40,55456.00,72552.43,89010.42,109120.97,129305.91,163248.60,203454.74,4
2025-12-01,86291.00,45834.50,55456.11,72531.78,89017.83,109086.20,129292.34,163218.79,203417.58,3
2025-12-02,91300.00,45833.59,55455.02,72501.21,89016.73,109034.58,129272.20,163162.94,203347.98,4
2025-12-03,93472.00,45833.56,55454.98,72471.15,89016.00,108984.35,129252.62,163107.53,203278.92,4
2025-12-04,92103.00,45834.96,55456.67,72444.02,89018.29,108938.63,129237.00,163055.74,203214.38,4
2025-12-05,89348.00,45838.70,55461.20,72419.83,89025.21,108897.76,129240.21,163007.68,203154.48,4
2025-12-06,89249.00,45845.28,55469.16,72401.20,89034.45,108866.21,129253.55,162969.22,203106.55,4
2025-12-07,90405.00,45856.90,55483.22,72392.23,89049.12,108849.51,129280.31,162948.58,203080.83,4
2025-12-08,90649.00,45869.41,55498.35,72384.45,89065.72,108834.70,129308.29,162933.23,203061.70,4
2025-12-09,92695.00,45882.79,55514.55,72383.41,89087.45,108831.97,129343.32,162937.25,203066.71,4
2025-12-10,92036.00,45896.48,55531.11,72382.75,89109.48,108829.67,129378.81,162941.47,203071.96,4
2025-12-11,92531.00,45908.63,55545.81,72379.11,89127.54,108822.92,129411.00,162942.24,203072.92,4
2025-12-12,90275.00,45912.72,55550.75,72364.54,89137.30,108810.56,129431.31,162933.15,203061.59,4
2025-12-13,90264.00,45917.74,55556.84,72347.00,89144.61,108812.54,129448.09,162910.24,203033.05,4
2025-12-14,88164.00,45911.25,55548.98,72307.26,89135.30,108802.10,129432.57,162844.36,202950.94,3
2025-12-15,86412.00,45902.72,55538.66,72263.87,89122.70,108815.82,129404.09,162767.91,202855.66,3
2025-12-16,87843.00,45897.08,55531.83,72228.26,89118.53,108876.41,129375.94,162704.52,202776.66,3
2025-12-17,86215.00,45890.75,55524.18,72185.01,89108.93,108937.42,129328.14,162625.81,202678.56,3
2025-12-18,85460.00,45885.93,55518.34,72145.66,89103.53,109010.99,129281.32,162554.63,202589.85,3
2025-12-19,88095.00,45886.19,55518.65,72121.64,89109.91,109098.71,129244.47,162511.96,202536.67,3
2025-12-20,88324.00,45884.80,55516.97,72095.98,89113.69,109187.33,129195.92,162468.37,202482.64,3
2025-12-21,88636.00,45883.12,55514.95,72074.82,89120.32,109259.71,129151.79,162428.52,202434.22,3
2025-12-22,88539.00,45882.12,55513.73,72056.60,89129.46,109303.67,129116.88,162396.29,202395.42,3
2025-12-23,87423.00,45875.94,55506.25,72031.29,89128.64,109295.17,129066.86,162342.16,202331.16,3
2025-12-24,87605.00,45869.99,55499.06,72013.88,89133.84,109285.28,129034.25,162304.44,202287.38,3
2025-12-25,87172.00,45862.75,55490.30,71993.55,89136.02,109267.57,128995.94,162256.87,202231.36,3
2025-12-26,87296.00,45854.54,55480.36,71992.49,89119.37,109247.13,128953.34,162203.29,202168.03,3
2025-12-27,87810.00,45844.44,55468.14,71992.60,89101.07,109202.94,128914.66,162154.63,202110.66,3
2025-12-28,87870.00,45835.47,55457.29,71993.17,89075.81,109153.85,128870.26,162098.78,202044.39,3
2025-12-29,87119.00,45828.21,55448.50,71996.38,89052.44,109108.32,128827.91,162045.51,201981.16,3
2025-12-30,88390.00,45824.81,55444.39,72008.46,89038.11,109086.25,128806.34,162018.37,201948.67,3
2025-12-31,87496.00,45821.29,55440.13,72021.91,89024.27,109072.05,128789.24,161996.87,201922.53,3
2026-01-01,88728.00,45819.03,55437.40,72039.29,89014.24,109065.26,128779.49,161984.61,201907.44,3
2026-01-02,89952.00,45820.96,55439.73,72066.27,89003.87,109073.14,128787.14,161994.23,201918.50,4
2026-01-03,90590.00,45824.56,55444.09,72096.50,89002.41,109094.57,128806.23,162018.24,201946.82,4
2026-01-04,91501.00,45833.06,55454.37,72129.89,89013.03,109134.97,128841.56,162062.68,201999.37,4
2026-01-05,93876.00,45839.74,55462.46,72161.22,89019.91,109181.92,128872.29,162101.34,202043.51,4
2026-01-06,93712.00,45844.87,55468.66,72189.36,89019.21,109225.84,128892.73,162127.05,202072.24,4
2026-01-07,91273.00,45852.78,55478.23,72216.80,89015.59,109266.89,128903.57,162140.68,202090.13,4
2026-01-08,91031.00,45859.34,55486.16,72242.51,89007.51,109305.79,128909.10,162147.64,202099.26,4
2026-01-09,90510.00,45862.80,55490.36,72262.02,88988.72,109338.64,128899.84,162135.98,202086.50,4
2026-01-10,90382.00,45871.50,55500.89,72287.77,88983.32,109378.71,128907.28,162145.34,202098.73,4
2026-01-11,90872.00,45879.79,55510.92,72318.48,88987.32,109424.02,128927.21,162170.41,202130.47,4
2026-01-12,91195.00,45890.40,55523.75,72350.94,88997.45,109472.39,128954.02,162204.14,202174.16,4
2026-01-13,95366.00,45903.46,55539.55,72386.92,89017.74,109526.49,128993.77,162254.14,202237.49,4
2026-01-14,96942.00,45915.48,55554.10,72424.03,89042.91,109584.34,129040.68,162313.14,202309.25,4
2026-01-15,95577.00,45928.38,55569.70,72461.29,89070.72,109643.39,129089.55,162374.61,202385.04,4
2026-01-16,95521.00,45941.31,55585.35,72497.14,89099.71,109702.87,129140.61,162438.84,202465.06,4
2026-01-17,95113.00,45943.41,55587.89,72518.18,89094.50,109743.67,129147.07,162446.96,202477.87,4
2026-01-18,93636.00,45940.84,55584.78,72534.20,89075.03,109776.57,129136.39,162433.53,202463.93,4
2026-01-19,92560.00,45937.87,55581.19,72548.67,89047.73,109803.96,129113.44,162404.66,202433.86,4
2026-01-20,88316.00,45918.66,55557.94,72541.43,88953.46,109795.71,129004.80,162268.01,202273.53,3
2026-01-21,89374.00,45897.23,55532.02,72532.71,88855.36,109785.42,128894.97,162129.86,202110.18,4
2026-01-22,89464.00,45874.61,55504.64,72522.23,88753.62,109772.76,128781.90,161987.63,201941.59,4
2026-01-23,89493.00,45851.49,55476.67,72509.68,88651.95,109760.29,128669.75,161846.57,201772.78,4
2026-01-24,89089.00,45832.53,55453.73,72504.91,88567.21,109756.76,128579.81,161733.43,201637.67,4
2026-01-25,86567.00,45813.80,55431.07,72500.10,88483.62,109753.71,128490.25,161620.79,201503.42,3
2026-01-26,88247.00,45790.29,55402.62,72490.30,88392.38,109746.98,128393.04,161498.51,201355.24,3
2026-01-27,89135.00,45779.85,55389.99,72497.65,88354.66,109767.66,128363.91,161461.87,201310.99,4
2026-01-28,89168.00,45765.60,55372.75,72497.38,88325.38,109809.54,128344.51,161437.47,201268.75,4
2026-01-29,84530.00,45750.72,55354.75,72495.78,88291.20,109847.99,128316.81,161402.63,201213.54,3
2026-01-30,84130.00,45734.82,55335.52,72488.43,88245.17,109878.01,128269.11,161342.63,201127.52,3
2026-01-31,78635.00,45708.98,55304.25,72467.29,88161.79,109886.71,128173.41,161222.25,200966.40,3
2026-02-01,76888.00,45675.24,55263.42,72435.14,88048.16,109877.59,128038.40,161052.43,200743.56,3
2026-02-02,78666.00,45628.44,55196.49,72373.26,87849.89,109820.57,127788.06,160737.54,200338.86,3
2026-02-03,75662.00,45586.81,55134.92,72318.05,87660.87,109766.82,127543.88,160430.39,199942.44,3
2026-02-04,73000.00,45546.51,55071.84,72263.82,87446.05,109681.72,127263.26,160077.43,199502.54,3
2026-02-05,62795.00,45508.92,55011.21,72213.60,87239.44,109599.84,126992.72,159737.12,199078.43,2
2026-02-06,70531.00,45470.29,54946.70,72159.15,87030.69,109517.28,126723.37,159398.33,198656.19,2
2026-02-07,69246.00,45440.60,54890.46,72112.20,86841.76,109443.60,126475.50,159086.54,198267.61,2
2026-02-08,70283.00,45416.95,54834.02,72070.93,86669.62,109378.42,126248.52,158801.04,197911.80,2
2026-02-09,70094.00,45406.75,54795.78,72058.66,86575.57,109356.03,126128.01,158649.45,197722.88,2
2026-02-10,68802.00,45393.70,54748.25,72041.41,86473.15,109328.91,125999.43,158487.72,197521.31,2
2026-02-11,67053.00,45384.14,54707.61,72031.74,86389.42,109310.65,125896.45,158358.19,197359.88,2
2026-02-12,66207.00,45373.72,54665.75,72020.62,86304.63,109292.03,125793.41,158228.58,197198.35,2
2026-02-13,68812.00,45364.36,54624.42,72011.77,86227.95,109277.29,125701.69,158113.21,197054.56,2
2026-02-14,69791.00,45354.42,54580.98,72004.94,86159.37,109267.95,125624.29,158015.85,196933.23,2
2026-02-15,68792.00,45345.53,54539.17,71999.22,86093.38,109259.95,125547.39,157919.13,196812.68,2
2026-02-16,68867.00,45339.66,54506.00,71998.89,86041.01,109258.57,125486.68,157842.76,196717.51,2
2026-02-17,67468.00,45331.65,54470.89,71996.36,85985.59,109256.58,125424.53,157764.58,196620.07,2
2026-02-18,66425.00,45323.69,54435.33,71993.15,85929.45,109254.05,125360.29,157683.78,196519.38,2
2026-02-19,66973.00,45315.83,54400.28,71990.37,85874.12,109252.16,125297.13,157604.34,196420.37,2
2026-02-20,67992.00,45306.71,54359.77,71983.20,85810.18,109245.44,125221.13,157508.74,196301.22,2
2026-02-21,67966.00,45295.95,54312.06,71972.67,85747.24,109232.16,125129.02,157392.88,196156.83,2
2026-02-22,67612.00,45286.78,54271.49,71968.02,85711.82,109225.08,125053.77,157298.22,196038.86,2
2026-02-23,64630.00,45277.99,54232.08,71963.36,85694.48,109219.34,124981.24,157207.00,195925.16,2
2026-02-24,64059.00,45269.44,54194.02,71958.35,85689.97,109214.22,124917.07,157126.29,195824.57,2
2026-02-25,67994.00,45260.47,54155.88,71953.68,85696.15,109209.09,124854.24,157047.24,195726.07,2
2026-02-26,67488.00,45251.14,54116.37,71947.94,85704.97,109202.61,124788.19,156964.17,195622.54,2
2026-02-27,65868.00,45244.49,54086.55,71950.83,85728.34,109205.11,124743.12,156907.48,195551.88,2
2026-02-28,66985.00,45240.64,54067.65,71959.39,85761.60,109217.40,124721.51,156880.30,195518.00,2
2026-03-01,65771.00,45237.94,54052.11,71969.94,85789.23,109232.91,124707.22,156862.32,195495.60,2
2026-03-02,68821.00,45234.05,54034.01,71978.47,85797.72,109246.82,124689.99,156840.64,195468.58,2
2026-03-03,68336.00,45229.52,54011.98,71979.88,85791.20,109257.58,124660.04,156802.98,195421.64,2
2026-03-04,72691.00,45224.60,53988.55,71979.21,85782.97,109267.12,124626.40,156760.66,195368.89,3
2026-03-05,70896.00,45220.14,53965.66,71978.69,85775.79,109276.74,124593.04,156718.70,195316.60,2
2026-03-06,68114.00,45216.04,53941.96,71962.18,85767.34,109284.97,124557.03,156673.41,195260.16,2
2026-03-07,67269.00,45212.37,53920.15,71947.32,85758.56,109295.46,124525.91,156634.26,195211.37,2
2026-03-08,65975.00,45205.05,53886.50,71919.01,85726.04,109295.99,124471.57,156565.91,195126.18,2
2026-03-09,68453.00,45199.57,53854.18,71890.29,85695.90,109296.72,124416.17,156496.23,195040.07,2
2026-03-10,69963.00,45197.24,53832.54,71873.09,85687.90,109306.71,124381.43,156452.53,194986.28,2
2026-03-11,70196.00,45195.17,53810.96,71856.00,85674.56,109316.93,124346.93,156409.13,194933.11,2
2026-03-12,70529.00,45194.00,53792.79,71842.79,85667.03,109330.94,124320.34,156375.68,194891.42,2
2026-03-13,70949.00,45195.02,53780.35,71835.92,85664.85,109350.61,124305.80,156357.40,194868.63,2
2026-03-14,71218.00,45196.17,53765.93,71826.88,85657.72,109368.38,124285.92,156332.39,194837.46,2
2026-03-15,72831.00,45197.94,53754.95,71821.49,85664.09,109388.81,124274.96,156318.61,194820.44,3
2026-03-16,74876.00,45197.86,53743.16,71815.43,85680.91,109409.40,124265.07,156306.17,194804.71,3
2026-03-17,73928.00,45198.03,53728.54,71806.12,85692.43,109426.73,124248.00,156284.69,194780.29,3
2026-03-18,71259.00,45197.98,53714.39,71797.32,85703.77,109444.40,124231.53,156263.98,194756.33,2
2026-03-19,69921.00,45201.71,53700.61,71788.35,85707.91,109459.78,124206.70,156232.74,194725.48,2
2026-03-20,70502.00,45203.79,53683.02,71775.16,85713.48,109471.45,124192.89,156215.38,194711.84,2
2026-03-21,68910.00,45204.16,53660.01,71756.24,85721.46,109478.99,124168.83,156185.10,194680.47,2
2026-03-22,67860.00,45205.89,53640.83,71741.47,85733.47,109489.83,124149.93,156161.34,194657.15,2
2026-03-23,70883.00,45207.67,53620.90,71725.83,85739.14,109499.77,124130.21,156136.54,194632.85,2
2026-03-24,70519.00,45205.64,53593.88,71702.62,85739.84,109503.95,124097.21,156095.03,194586.45,2
2026-03-25,71301.00,45203.35,53564.97,71677.25,85738.93,109505.97,124059.58,156047.69,194533.75,2
2026-03-26,68779.00,45196.21,53532.49,71648.41,85739.52,109506.72,124023.30,156002.05,194477.82,2
2026-03-27,66359.00,45186.38,53492.84,71611.79,85735.10,109501.08,123954.42,155915.42,194371.35,2
2026-03-28,66321.00,45181.00,53460.27,71582.33,85733.68,109499.27,123894.06,155839.50,194283.37,2
2026-03-29,65954.00,45175.92,53428.92,71554.08,85732.68,109498.00,123835.70,155766.08,194198.96,2
2026-03-30,66731.00,45170.34,53396.70,71524.87,85731.02,109495.87,123774.54,155689.16,194110.16,2
2026-03-31,68215.00,45167.11,53372.54,71504.42,85734.95,109500.89,123730.57,155633.85,194046.82,2
2026-04-01,68102.00,45164.56,53351.28,71487.20,85741.18,109508.85,123692.86,155586.42,193992.09,2
2026-04-02,66890.00,45165.18,53333.92,71473.99,85749.31,109519.24,123659.15,155544.01,193946.50,2
2026-04-03,66944.00,45167.27,53321.24,71465.86,85760.67,109533.75,123634.35,155512.82,193914.55,2
2026-04-04,67290.00,45168.23,53312.48,71462.27,85775.83,109553.10,123622.31,155497.68,193898.65,2
2026-04-05,68999.00,45169.12,53303.79,71458.86,85791.34,109572.92,123610.57,155482.91,193882.79,2
2026-04-06,68857.00,45172.06,53301.10,71462.02,85811.22,109598.30,123610.62,155482.97,193884.69,2
2026-04-07,71940.00,45176.76,53302.63,71464.38,85834.17,109627.62,123618.48,155492.86,193898.86,3
2026-04-08,71110.00,45182.57,53306.61,71461.23,85859.10,109659.46,123631.02,155508.62,193920.26,2
2026-04-09,71812.00,45185.49,53306.46,71449.09,85882.10,109688.83,123638.52,155518.07,193931.41,3
2026-04-10,72980.00,45191.00,53313.47,71447.16,85910.21,109724.74,123659.88,155544.93,193963.62,3
2026-04-11,73071.00,45196.42,53314.59,71435.15,85934.27,109755.46,123668.26,155555.48,193976.90,3
2026-04-12,70746.00,45202.63,53316.68,71418.98,85959.12,109787.21,123678.53,155568.39,193993.40,2
2026-04-13,74447.00,45209.77,53319.32,71397.57,85984.45,109819.56,123690.19,155583.06,194012.39,3
2026-04-14,74184.00,45217.73,53322.97,71380.73,86010.65,109853.02,123704.22,155600.71,194035.16,3
2026-04-15,74818.00,45224.84,53323.66,71362.51,86034.88,109883.96,123712.80,155611.50,194050.11,3
2026-04-16,75178.00,45231.56,53323.93,71345.53,86059.33,109915.19,123722.78,155624.05,194066.07,3
2026-04-17,77108.00,45236.93,53322.82,71320.22,86087.82,109951.58,123730.47,155633.72,194062.96,3
2026-04-18,75737.00,45244.42,53324.93,71294.21,86118.84,109986.83,123738.44,155643.75,194059.34,3
2026-04-19,73825.00,45252.06,53324.21,71267.16,86148.37,110013.22,123741.14,155647.14,194047.10,3
2026-04-20,75870.00,45259.13,53323.05,71241.00,86177.83,110035.87,123743.01,155649.49,194033.30,3
2026-04-21,76345.00,45263.85,53301.93,71174.23,86193.87,110016.30,123698.34,155593.31,193946.71,3
2026-04-22,78208.00,45268.51,53281.94,71109.81,86210.94,109994.48,123655.90,155539.93,193863.49,3
2026-04-23,78269.00,45274.31,53265.29,71056.67,86230.42,109972.72,123618.17,155492.46,193788.36,3
2026-04-24,77466.00,45279.57,53244.70,71026.78,86242.61,109937.44,123572.48,155434.99,193716.73,3
2026-04-25,77639.00,45281.01,53221.25,71001.10,86252.84,109898.49,123528.70,155379.93,193648.11,3
2026-04-26,78660.00,45280.96,53195.99,70973.97,86261.43,109856.12,123481.08,155320.03,193573.45,3
2026-04-27,77373.00,45280.15,53168.42,70947.12,86268.76,109810.30,123429.57,155255.23,193492.70,3
2026-04-28,76323.00,45282.61,53161.92,70963.65,86290.27,109805.29,123423.94,155248.15,193483.88,3
2026-04-29,75745.00,45285.51,53155.74,70987.11,86311.93,109801.57,123419.75,155242.89,193477.32,3
2026-04-30,76310.00,45289.40,53149.21,71005.43,86332.69,109796.53,123414.10,155235.77,193468.45,3
2026-05-01,78232.00,45298.82,53152.57,71008.93,86360.24,109802.62,123420.94,155244.38,193479.17,3
2026-05-02,78690.00,45309.94,53161.31,71023.15,86391.74,109818.56,123438.86,155266.92,193507.26,3
2026-05-03,78565.00,45323.27,53177.57,71050.01,86428.70,109847.76,123471.67,155308.20,193558.71,3
2026-05-04,79844.00,45337.11,53195.06,71079.67,86466.44,109878.51,123506.24,155351.67,193612.89,3
2026-05-05,80913.00,45348.66,53208.98,71107.15,86502.44,109905.92,123537.05,155390.43,193661.20,3
2026-05-06,81447.00,45360.30,53223.24,71138.42,86538.92,109933.15,123567.65,155428.92,193709.17,3
2026-05-07,80017.00,45371.77,53239.12,71171.23,86577.91,109963.98,123602.31,155472.52,193763.50,3
2026-05-08,80199.00,45378.19,53247.54,71197.91,86612.89,109989.35,123630.83,155508.39,193808.21,3
2026-05-09,80665.00,45383.15,53252.27,71218.06,86645.76,110008.19,123652.01,155535.03,193841.41,3
2026-05-10,82193.00,45387.41,53253.63,71231.46,86676.40,110020.31,123665.63,155552.16,193862.76,3
2026-05-11,81736.00,45392.03,53256.42,71249.66,86708.21,110035.14,123682.30,155573.13,193888.90,3
2026-05-12,80491.00,45395.58,53256.27,71261.37,86737.90,110044.61,123692.95,155586.52,193905.58,3
2026-05-13,79284.00,45398.56,53254.87,71267.40,86766.71,110051.97,123701.21,155596.92,193918.54,3
2026-05-14,81075.00,45399.95,53253.42,71270.01,86792.86,110054.66,123704.24,155600.73,193923.29,3
2026-05-15,79062.00,45400.21,53250.90,71265.17,86814.34,110046.70,123695.29,155589.48,193909.27,3
2026-05-16,78118.00,45399.72,53248.89,71254.31,86831.94,110030.09,123676.62,155565.98,193879.99,3
2026-05-17,77412.00,45398.63,53249.81,71244.97,86849.02,110013.62,123658.11,155542.71,193850.98,3
2026-05-18,76949.00,45397.43,53251.64,71229.65,86863.63,109991.77,123633.55,155511.81,193812.47,3
2026-05-19,76757.00,45395.99,53255.21,71207.05,86874.42,109960.92,123598.88,155468.20,193758.12,3
2026-05-20,77470.50,45394.80,53262.06,71184.67,86885.70,109931.91,123566.26,155427.18,193706.99,3
2026-05-21,77554.00,45394.04,53269.03,71163.42,86897.06,109903.15,123533.94,155386.51,193656.31,3
2026-05-22,75451.01,45393.90,53277.22,71147.56,86910.43,109879.97,123507.88,155353.73,193615.46,3
2026-05-23,76655.99,45393.88,53286.22,71129.04,86925.12,109859.51,123484.88,155324.81,193579.42,3
2026-05-24,76974.88,45393.07,53293.70,71104.67,86937.32,109833.12,123455.22,155287.50,193532.91,3
2026-05-25,77254.92,45389.39,53297.51,71066.75,86943.53,109790.93,123407.80,155227.86,193458.59,3
2026-05-26,75820.94,45385.48,53300.67,71024.32,86948.69,109746.31,123357.64,155164.76,193379.95,3
2026-05-27,74330.48,45381.18,53302.54,70977.73,86951.73,109696.77,123301.96,155094.73,193292.67,3
2026-05-28,73519.16,45376.70,53304.11,70930.19,86954.30,109646.54,123245.50,155023.70,193204.15,3
2026-05-29,73373.29,45370.00,53301.94,70867.14,86950.76,109580.77,123171.58,154930.72,193088.26,3
2026-05-30,73762.15,45353.18,53289.38,70761.50,86930.27,109471.83,123049.12,154776.69,192896.30,3
2026-05-31,73567.99,45321.48,53269.04,70641.03,86897.09,109330.97,122890.79,154577.53,192648.09,3
2026-06-01,71313.86,45283.75,53248.08,70537.70,86862.89,109189.10,122731.33,154376.96,192398.12,3
2026-06-02,66668.60,45236.36,53223.77,70447.94,86823.24,109034.19,122557.21,154157.94,192125.16,2
2026-06-03,64045.64,45187.45,53197.49,70360.36,86780.36,108877.46,122381.04,153936.35,191848.99,2
2026-06-04,63814.80,45139.26,53171.06,70274.83,86737.25,108721.36,122205.58,153715.65,191574.75,2
2026-06-05,61042.14,45089.88,53145.89,70200.90,86696.19,108572.39,122038.13,153505.02,191313.41,2
2026-06-06,60858.64,45046.28,53129.04,70175.59,86668.70,108459.99,121911.79,153346.10,191117.57,2
2026-06-07,63315.72,45012.34,53118.07,70174.61,86650.80,108372.40,121813.33,153222.26,190966.41,2
2026-06-08,63061.78,44983.03,53109.82,70192.34,86637.35,108296.75,121728.31,153115.31,190836.85,2
2026-06-09,61685.44,44963.00,53108.28,70212.39,86634.84,108247.81,121673.30,153046.12,190750.61,2
2026-06-10,61456.49,44945.04,53110.29,70241.84,86638.11,108206.58,121626.95,152987.82,190677.96,2
2026-06-11,63558.21,44926.98,53113.25,70282.64,86642.95,108167.56,121583.10,152932.66,190608.40,2
2026-06-12,63531.04,44909.56,53117.08,70326.75,86649.20,108130.77,121541.73,152880.63,190542.40,2
2026-06-13,64440.00,44894.46,53122.60,70374.33,86658.19,108100.34,121507.53,152837.61,190486.56,2
2026-06-14,65712.50,44884.13,53131.68,70422.80,86673.02,108084.50,121489.73,152815.22,190455.47,2
2026-06-15,66282.05,44873.48,53140.86,70452.98,86687.99,108068.71,121471.98,152792.90,190423.92,2
2026-06-16,65612.86,44862.44,53148.92,70482.49,86701.13,108050.04,121451.00,152766.50,190391.02,2
2026-06-17,64443.27,44851.35,53156.33,70504.94,86713.22,108030.09,121428.57,152738.29,190355.87,2
2026-06-18,62889.92,44839.44,53162.14,70516.61,86722.70,108002.13,121397.15,152698.76,190306.60,2
2026-06-19,63487.34,44832.40,53168.52,70527.39,86733.10,107986.10,121379.12,152676.09,190278.35,2
2026-06-20,64245.72,44822.79,53173.28,70528.96,86740.87,107963.24,121353.43,152643.78,190238.08,2
2026-06-21,63237.18,44809.92,53177.10,70522.52,86747.10,107933.59,121320.10,152601.85,190185.82,2
2026-06-22,63948.96,44792.09,53177.17,70500.63,86747.22,107890.01,121271.12,152540.24,190109.04,2
2026-06-23,62651.43,44761.15,53173.98,70469.29,86742.01,107832.82,121206.83,152459.37,190008.26,2
2026-06-24,60987.00,44723.75,53170.27,70436.98,86735.95,107779.20,121146.57,152383.57,189913.79,2
2026-06-25,59696.26,44682.92,53166.48,70401.42,86729.78,107728.82,121089.94,152312.34,189825.02,2
2026-06-26,60019.38,44629.48,53160.10,70358.97,86719.38,107658.31,121010.68,152212.65,189700.77,2
2026-06-27,59940.07,44557.73,53151.01,70309.10,86704.55,107576.25,120918.44,152096.62,189556.17,2
2026-06-28,59473.29,44485.16,53141.63,70260.56,86689.24,107494.75,120826.83,151981.40,189412.56,2
2026-06-29,60163.86,44417.55,53135.09,70221.10,86678.57,107423.69,120746.96,151880.93,189294.64,2
2026-06-30,58526.17,44363.69,53132.98,70192.76,86675.14,107371.67,120688.49,151807.39,189210.59,2
2026-07-01,59963.46,44311.21,53131.29,70165.47,86672.38,107318.74,120629.00,151732.55,189120.29,2
2026-07-02,61479.10,44261.98,53130.46,70140.11,86671.02,107274.38,120579.13,151669.82,189042.11,2
2026-07-03,62522.46,44224.38,53132.79,70123.21,86674.81,107243.68,120544.62,151626.42,188988.02,2
2026-07-04,63086.18,44202.88,53138.28,70118.28,86686.74,107233.41,120533.08,151611.90,188969.93,2
2026-07-05,63587.06,44181.18,53139.07,70113.28,86698.58,107225.44,120524.13,151600.64,188955.88,2
2026-07-06,64000.10,44162.50,53141.84,70111.95,86714.50,107231.34,120530.75,151608.97,188958.99,2
2026-07-07,63311.30,44145.13,53146.13,70105.26,86727.37,107228.35,120527.39,151604.74,188946.11,2
2026-07-08,62237.84,44131.08,53148.00,70097.65,86739.61,107221.31,120519.48,151594.80,188930.75,2
2026-07-09,63185.92,44115.28,53146.72,70088.47,86750.11,107206.46,120502.79,151573.80,188904.58,2
2026-07-10,64114.25,44065.81,53112.93,70059.35,86747.06,107157.20,120447.42,151504.15,188821.42,2
2026-07-11,63780.01,44025.71,53084.56,70030.05,86743.40,107107.35,120391.38,151433.67,188739.75,2
2026-07-12,63743.46,43988.88,53060.62,69999.21,86738.69,107054.13,120331.56,151358.43,188654.71,2
2026-07-13,62256.81,43949.62,53033.75,69966.38,86731.51,106991.09,120260.71,151269.30,188559.53,2
2026-07-14,64975.72,43909.13,53004.28,69935.09,86724.41,106928.71,120190.60,151181.11,188470.06,2
2026-07-15,64713.83,43870.44,52976.92,69903.93,86717.41,106866.11,120120.23,151092.60,188380.97,2
2026-07-16,63788.02,43833.72,52951.64,69874.76,86712.38,106808.05,120054.96,151010.50,188297.66,2
2026-07-17,63891.98,43830.23,52958.99,69866.65,86721.26,106783.58,120027.46,150975.91,188275.81,2
2026-07-18,64792.35,43831.45,52969.79,69864.62,86734.03,106769.56,120011.70,150956.09,188270.36,2
2026-07-19,64681.58,43834.12,52981.45,69865.26,86748.60,106759.66,120000.58,150942.10,188272.06,2
2026-07-20,65212.60,43838.30,52995.19,69867.42,86765.52,106758.49,119999.26,150940.43,188277.88,2
2026-07-21,66518.68,43840.16,53006.72,69868.99,86782.68,106758.16,119998.89,150939.98,188282.13,2
2026-07-22,66082.49,43842.49,53017.14,69872.40,86799.35,106756.65,119997.19,150937.84,188291.32,2
2026-07-23,65050.48,43846.23,53029.38,69876.26,86816.79,106754.60,119994.89,150934.95,188301.72,2
2026-07-24,64086.59,43843.81,53036.31,69874.71,86830.99,106745.25,119984.37,150921.71,188297.54,2
2026-07-25,64307.90,43833.50,53035.31,69868.51,86842.10,106727.21,119964.10,150896.21,188280.84,2
2026-07-26,65338.88,43826.01,53037.26,69863.46,86853.84,106711.65,119946.61,150874.22,188267.21,2
2026-07-27,63697.72,43820.27,53040.97,69858.81,86865.50,106693.19,119925.86,150848.11,188254.68,2
2026-07-28,63850.53,43804.99,53033.64,69849.41,86872.12,106652.72,119880.38,150790.90,188229.37,2
2026-07-29,63894.39,43780.46,53020.12,69829.82,86871.03,106588.14,119807.78,150699.59,188169.52,2
2026-07-30,64716.76,43754.03,53004.52,69809.40,86867.03,106515.37,119725.99,150596.70,188102.62,2
2026-07-31,62817.96,43727.81,52989.72,69790.42,86860.36,106435.10,119635.76,150483.21,188027.96,2
2026-08-01,62759.82,43701.26,52974.68,69772.79,86852.85,106349.80,119539.89,150362.62,187950.89,2
2026-08-02,63499.99,43670.90,52956.10,69755.07,86842.90,106260.54,119439.55,150236.41,187864.70,2
2026-08-03,63460.01,43637.99,52934.26,69739.32,86832.90,106170.24,119338.05,150108.74,187779.01,2
2026-08-04,64056.48,43616.86,52925.39,69731.98,86828.22,106103.95,119263.54,150015.01,187709.41,2
2026-08-05,64600.22,43605.56,52924.70,69735.13,86832.14,106064.15,119218.80,149958.75,187671.73,2
2026-08-06,64255.55,43594.34,52924.38,69741.16,86839.65,106033.35,119184.19,149915.20,187640.80,2
2026-08-07,64877.77,43585.16,52925.29,69749.85,86850.47,106013.30,119161.65,149886.86,187621.40,2
2026-08-08,64908.72,43574.13,52924.43,69757.87,86860.45,105996.63,119142.91,149863.29,187598.54,2
2026-08-09,64857.27,43560.08,52920.24,69765.16,86869.54,105975.06,119118.67,149832.79,187572.49,2
2026-08-10,63911.16,43546.77,52917.14,69771.92,86877.95,105953.20,119094.09,149801.87,187544.32,2
2026-08-11,63542.82,43530.28,52910.43,69778.60,86886.27,105930.13,119068.17,149769.27,187515.04,2
2026-08-12,63406.33,43511.43,52901.25,69784.45,86893.56,105905.21,119040.15,149734.02,187482.08,2
2026-08-13,63418.04,43491.15,52890.94,69786.71,86896.37,105871.47,119002.22,149686.32,187437.31,2
2026-08-14,62975.97,43475.64,52885.51,69790.53,86901.13,105842.53,118969.69,149645.40,187399.94,2
2026-08-15,63025.94,43460.69,52880.82,69794.61,86906.21,105813.08,118936.59,149603.77,187363.12,2
2026-08-16,62831.66,43459.27,52889.87,69803.33,86917.06,105797.88,118919.51,149582.28,187348.35,2
2026-08-17,64484.76,43485.51,52927.32,69818.56,86936.03,105802.31,118924.49,149588.54,187364.69,2
2026-08-18,64686.09,43548.53,52976.22,69844.61,86968.47,105838.23,118964.86,149639.33,187434.38,2
2026-08-19,69297.78,43618.65,53028.04,69873.82,87004.83,105881.04,119012.98,149699.85,187517.63,2
2026-08-20,73007.70,43695.41,53082.94,69906.85,87045.97,105933.89,119072.38,149774.57,187616.75,3
2026-08-21,78325.11,43798.80,53143.16,69948.63,87097.99,106013.38,119161.73,149886.96,187758.05,3
2026-08-22,77065.64,43909.84,53207.69,69994.94,87155.65,106104.79,119264.49,150016.21,187921.29,3
2026-08-23,77716.48,44017.07,53266.25,70044.10,87216.87,106204.17,119376.19,150156.71,188096.75,3
2026-08-24,78986.06,44102.45,53301.24,70091.44,87275.81,106297.05,119480.59,150288.03,188261.46,3
2026-08-25,78534.93,44155.95,53329.57,70130.10,87323.95,106363.56,119555.35,150382.06,188382.73,3
2026-08-26,79022.66,44203.77,53356.87,70166.80,87369.65,106424.91,119624.31,150468.81,188493.03,3
2026-08-27,80278.98,44247.57,53383.40,70202.26,87413.80,106482.92,119689.51,150550.82,188597.58,3
2026-08-28,77835.18,44265.61,53404.57,70231.68,87450.44,106521.19,119732.53,150604.94,188671.02,3
2026-08-29,78235.02,44278.91,53424.08,70258.95,87484.39,106553.04,119768.33,150649.96,188732.04,3
2026-08-30,77701.70,44287.71,53440.52,70282.71,87513.97,106573.62,119791.46,150679.06,188775.30,3
2026-08-31,78571.17,44298.03,53458.04,70308.31,87545.85,106599.09,119820.09,150715.07,188826.18,3
2026-09-01,77397.43,44308.70,53476.22,70334.66,87578.66,106626.82,119851.26,150754.27,188878.18,3
2026-09-02,77301.83,44320.92,53495.13,70362.38,87613.17,106657.92,119886.22,150798.25,188937.93,3
2026-09-03,81265.00,44335.16,53515.78,70390.91,87648.71,106693.44,119926.14,150848.46,189002.33,3
2026-09-04,79676.60,44346.67,53534.54,70417.22,87681.46,106721.70,119957.91,150888.42,189055.77,3
2026-09-05,79830.42,44358.79,53553.74,70443.61,87714.33,106750.87,119990.70,150929.67,189110.51,3
2026-09-06,80338.98,44370.76,53572.89,70469.68,87746.79,106779.40,120022.76,150970.00,189163.90,3
2026-09-07,79090.41,44377.39,53588.21,70490.66,87772.91,106793.13,120038.19,150989.41,189194.36,3
2026-09-08,78449.00,44383.26,53602.90,70510.78,87797.96,106804.66,120051.15,151005.71,189221.52,3
2026-09-09,78281.65,44387.71,53616.80,70529.50,87821.27,106812.84,120060.36,151017.29,189241.65,3
2026-09-10,76528.75,44389.94,53628.87,70547.08,87843.16,106816.08,120063.99,151021.86,189255.71,3
2026-09-11,77212.48,44393.08,53641.60,70565.41,87865.98,106821.92,120070.56,151030.12,189273.39,3
2026-09-12,77269.22,44393.73,53652.62,70581.79,87886.38,106821.86,120070.49,151030.03,189281.21,3
2026-09-13,76808.69,44393.39,53662.87,70597.36,87905.76,106819.27,120067.58,151026.37,189285.35,3
2026-09-14,78185.01,44391.83,53672.56,70608.77,87923.96,106814.19,120061.87,151019.19,189283.67,3
2026-09-15,75577.29,44396.07,53686.21,70618.67,87948.14,106823.82,120072.69,151032.80,189305.68,3
2026-09-16,76138.60,44401.76,53700.96,70631.48,87973.92,106837.04,120087.56,151051.50,189333.42,3
2026-09-17,76354.94,44408.38,53716.62,70644.27,88000.79,106852.89,120105.37,151073.91,189364.28,3
2026-09-18,80878.77,44426.53,53740.06,70654.05,88039.58,106897.70,120155.73,151137.25,189442.49,3
2026-09-19,81235.14,44456.54,53770.00,70668.20,88092.90,106971.76,120238.98,151241.97,189579.64,3
2026-09-20,81151.65,44487.92,53800.73,70685.90,88147.56,107047.99,120324.67,151349.75,189722.78,3
2026-09-21,86586.52,44521.53,53832.91,70709.45,88204.83,107129.34,120416.11,151464.77,189875.89,3
2026-09-22,86201.35,44551.02,53861.70,70735.21,88257.67,107198.12,120493.42,151562.01,190013.84,3
2026-09-23,84384.54,44580.10,53890.52,70764.18,88310.21,107266.30,120570.05,151658.41,190149.34,3
2026-09-24,84383.03,44608.62,53918.79,70793.33,88362.70,107332.91,120644.93,151752.59,190284.25,3
2026-09-25,84089.54,44627.64,53940.24,70815.61,88405.36,107374.45,120691.62,151811.32,190381.58,3
2026-09-26,84433.05,44639.13,53957.98,70833.34,88438.15,107397.00,120716.96,151843.20,190438.55,3
2026-09-27,84457.20,44650.25,53975.81,70846.38,88471.12,107420.11,120742.93,151875.86,190494.07,3
2026-09-28,83461.65,44663.26,53994.84,70859.17,88505.95,107447.81,120774.08,151915.04,190557.42,3
2026-09-29,83629.41,44678.37,54015.88,70874.61,88543.26,107482.49,120813.05,151964.06,190627.95,3
2026-09-30,83562.58,44693.10,54036.53,70887.81,88580.31,107516.03,120850.75,152011.48,190697.68,3
2026-10-01,84852.65,44709.38,54057.88,70901.43,88618.52,107552.14,120891.83,152062.54,190774.05,3
2026-10-02,84500.84,44728.66,54081.51,70923.44,88659.72,107596.17,120942.11,152124.79,190861.62,3
2026-10-03,84746.87,44736.43,54092.24,70935.39,88678.45,107613.79,120962.12,152149.70,190897.22,3
2026-10-04,86510.16,44746.92,54104.80,70951.39,88699.63,107637.84,120989.46,152183.71,190943.28,3
2026-10-05,85756.06,44757.20,54117.34,70968.91,88720.73,107661.75,121016.79,152217.52,190988.30,3
